foto_id,nombre_archivo,drive_file_id,drive_view_url,tipo_asociacion,accion_al_escanear,region,municipio,localidad,regiones_relacionadas,municipios_relacionados,localidades_relacionadas,cantidad_localidades,tipo_reporte,usuario_origen,registro_softr_id,campo_evidencia,qr_path,qr_url,duracion_carrusel_segundos,mostrar_carrusel,sha256_contenido,tamano_bytes,cantidad_urls_fuente,evento,evento_id,fecha_evento,ruta_origen
FOTO-55B42373BA,27-08- 2026. Entrega de árboles al polígono 6..jpeg,106EZEf9rpxSTkfmeTlU3EcTaJtj2wxhj,https://drive.google.com/file/d/106EZEf9rpxSTkfmeTlU3EcTaJtj2wxhj/view,REGION,MOSTRAR_REGION,Centro,,,Centro,,,0,Promotor,,,Lote por evento,/foto/FOTO-55B42373BA,,10,SI,55b42373ba5133b2c63fe8df5ba904b43e3500239c2f404af668ff77e711e8c2,187807,1,Entrega de árboles al polígono,centro-entrega-de-arboles-al-poligono,2026-08-27,Poligonos Coordinados de Lenin 2026. Centro Poniente/27-08- 2026. Entrega de árboles al polígono 6..jpeg
FOTO-716F3339C2,Inicio de Taller de Huertos de Traspatio. ICATMOR. Semillas de Esperanza en Campo el Órgano 1. 23012026.jpeg,1UdT-W0KZbJvmLeB8rrobCuhjE0JQY0Js,https://drive.google.com/file/d/1UdT-W0KZbJvmLeB8rrobCuhjE0JQY0Js/view,MUNICIPIO,MOSTRAR_MUNICIPIO,Centro,Emiliano Zapata,,Centro,Emiliano Zapata,,0,Promotor,Diana Aparicio García,,Lote por evento,/foto/FOTO-716F3339C2,,10,SI,716f3339c2a40629f795aaa56f5e95a2d0187d239478b2366527c1963d86e70a,282261,1,Cursos ICATMOR,emiliano-zapata-cursos-icatmor,2026-01-23,"Poligonos Coordinados de Lenin 2026. Centro Poniente/E. Zapata, Diana Aparicio García/Cursos ICATMOR/Inicio de Taller de Huertos de Traspatio. ICATMOR. Semillas de Esperanza en Campo el Órgano 1. 23012026.jpeg"
FOTO-CA3973E5F1,Inicio de Taller de Huertos de Traspatio. ICATMOR. Semillas de Esperanza en Campo el Órgano 2. 23012026.jpeg,1Rz3OwlUIOUWPLMmWLZW35sScsxIuACys,https://drive.google.com/file/d/1Rz3OwlUIOUWPLMmWLZW35sScsxIuACys/view,MUNICIPIO,MOSTRAR_MUNICIPIO,Centro,Emiliano Zapata,,Centro,Emiliano Zapata,,0,Promotor,Diana Aparicio García,,Lote por evento,/foto/FOTO-CA3973E5F1,,10,SI,ca3973e5f1215a90636da1a6476d05d71eab0eeedf5bb2581ba9c69370b358d1,184217,1,Cursos ICATMOR,emiliano-zapata-cursos-icatmor,2026-01-23,"Poligonos Coordinados de Lenin 2026. Centro Poniente/E. Zapata, Diana Aparicio García/Cursos ICATMOR/Inicio de Taller de Huertos de Traspatio. ICATMOR. Semillas de Esperanza en Campo el Órgano 2. 23012026.jpeg"
FOTO-75B36910FF,"Entrega de computadoras en Emiliano Zapata, 26062026.jpeg",1zK8bF81KVmhLB8bOzuxpZQXbdQBavBxF,https://drive.google.com/file/d/1zK8bF81KVmhLB8bOzuxpZQXbdQBavBxF/view,MUNICIPIO,MOSTRAR_MUNICIPIO,Centro,Emiliano Zapata,,Centro,Emiliano Zapata,,0,Promotor,Diana Aparicio García,,Lote por evento,/foto/FOTO-75B36910FF,,10,SI,75b36910ffc82a032ad98b29806efdfb9ca05debe9331ed726e3ab22cc9f0664,174921,1,Entrega de computadoras,emiliano-zapata-entrega-de-computadoras,2026-06-26,"Poligonos Coordinados de Lenin 2026. Centro Poniente/E. Zapata, Diana Aparicio García/Entrega de computadoras/Entrega de computadoras en Emiliano Zapata, 26062026.jpeg"
FOTO-EE5E3657A9,Entrega de jueguetes en Emiliano Zapata.jpeg,1AKnYTuGVA066Zk-dSIe0IjiNjh5crYJM,https://drive.google.com/file/d/1AKnYTuGVA066Zk-dSIe0IjiNjh5crYJM/view,MUNICIPIO,MOSTRAR_MUNICIPIO,Centro,Emiliano Zapata,,Centro,Emiliano Zapata,,0,Promotor,Diana Aparicio García,,Lote por evento,/foto/FOTO-EE5E3657A9,,10,SI,ee5e3657a9d5742e220782644fa90772a63f792e453e0fcc77b8ac1ef3166847,115497,1,Entrega de Juguetes,emiliano-zapata-entrega-de-juguetes,,"Poligonos Coordinados de Lenin 2026. Centro Poniente/E. Zapata, Diana Aparicio García/Entrega de Juguetes/Entrega de jueguetes en Emiliano Zapata.jpeg"
FOTO-6E3D38A024,Entrega de Juguetes en Emiliano Zapata.jpeg,16DP3jwA_2FY5n88TQM0ecShdW4WKev3u,https://drive.google.com/file/d/16DP3jwA_2FY5n88TQM0ecShdW4WKev3u/view,MUNICIPIO,MOSTRAR_MUNICIPIO,Centro,Emiliano Zapata,,Centro,Emiliano Zapata,,0,Promotor,Diana Aparicio García,,Lote por evento,/foto/FOTO-6E3D38A024,,10,SI,6e3d38a02481343cc4a3491da5c5f14169108ea1839e57c719ebfa3aa0b824fb,146668,1,Entrega de Juguetes,emiliano-zapata-entrega-de-juguetes,,"Poligonos Coordinados de Lenin 2026. Centro Poniente/E. Zapata, Diana Aparicio García/Entrega de Juguetes/Entrega de Juguetes en Emiliano Zapata.jpeg"
FOTO-D69D552E96,Faena en Puente Colorado. Proyecto Petate de Colores 1..jpeg,1XSoApS9LpNBeQYP5pajlJwPVNEM8WjgU,https://drive.google.com/file/d/1XSoApS9LpNBeQYP5pajlJwPVNEM8WjgU/view,MUNICIPIO,MOSTRAR_MUNICIPIO,Centro,Emiliano Zapata,,Centro,Emiliano Zapata,,0,Promotor,Diana Aparicio García,,Lote por evento,/foto/FOTO-D69D552E96,,10,SI,d69d552e9693fe8abdb49ba530cc89e2383a96be15f79d3d4a819a8ec3c9b472,264054,1,Faenas- Tequio,emiliano-zapata-faenas-tequio,,"Poligonos Coordinados de Lenin 2026. Centro Poniente/E. Zapata, Diana Aparicio García/Faenas- Tequio/Faena en Puente Colorado. Proyecto Petate de Colores 1..jpeg"
FOTO-F129102C9D,Registros de habitat Emiliano Zapata 1 2026-09-10.jpeg,1ITE6xb4tjs6YYQnu65x4IjHhd8eGGCUD,https://drive.google.com/file/d/1ITE6xb4tjs6YYQnu65x4IjHhd8eGGCUD/view,MUNICIPIO,MOSTRAR_MUNICIPIO,Centro,Emiliano Zapata,,Centro,Emiliano Zapata,,0,Promotor,Diana Aparicio García,,Lote por evento,/foto/FOTO-F129102C9D,,10,SI,f129102c9ddfda506f3c364b1a8d326f468764938fe241c74254eaa47cbe2b1d,249700,1,Piso Firme,emiliano-zapata-piso-firme,2026-09-10,"Poligonos Coordinados de Lenin 2026. Centro Poniente/E. Zapata, Diana Aparicio García/Piso Firme/Registros de habitat Emiliano Zapata 1 2026-09-10.jpeg"
FOTO-D6C5ED47DD,Registros de habitat Emiliano Zapata 2 2026-09-10.jpeg,1FlO1gDIhpy-CTxwUtQi33JI8yvZeUOka,https://drive.google.com/file/d/1FlO1gDIhpy-CTxwUtQi33JI8yvZeUOka/view,MUNICIPIO,MOSTRAR_MUNICIPIO,Centro,Emiliano Zapata,,Centro,Emiliano Zapata,,0,Promotor,Diana Aparicio García,,Lote por evento,/foto/FOTO-D6C5ED47DD,,10,SI,d6c5ed47dd0fe29e5db0464d1d929c2d0494d825bec848b310c883b21f3e9eb3,282749,1,Piso Firme,emiliano-zapata-piso-firme,2026-09-10,"Poligonos Coordinados de Lenin 2026. Centro Poniente/E. Zapata, Diana Aparicio García/Piso Firme/Registros de habitat Emiliano Zapata 2 2026-09-10.jpeg"
FOTO-D328271A3F,Registros de habitat Emiliano Zapata 3 2026-09-10.jpeg,1Ei9bWXcZwUbDIbj-nMklO9lu6lAeT-DS,https://drive.google.com/file/d/1Ei9bWXcZwUbDIbj-nMklO9lu6lAeT-DS/view,MUNICIPIO,MOSTRAR_MUNICIPIO,Centro,Emiliano Zapata,,Centro,Emiliano Zapata,,0,Promotor,Diana Aparicio García,,Lote por evento,/foto/FOTO-D328271A3F,,10,SI,d328271a3f44794fe7f65bc3ab59b42c18f742c6b05facb7fe1254c4c6b8d677,154596,1,Piso Firme,emiliano-zapata-piso-firme,2026-09-10,"Poligonos Coordinados de Lenin 2026. Centro Poniente/E. Zapata, Diana Aparicio García/Piso Firme/Registros de habitat Emiliano Zapata 3 2026-09-10.jpeg"
FOTO-55CD0FA555,Primera cosecha de rabanos del programa Semillas de Esperanza. Grupo Organo1.  22012026.jpeg,1SQWGyEfqCKoi6qliF1zDsv2MQkK9Q60F,https://drive.google.com/file/d/1SQWGyEfqCKoi6qliF1zDsv2MQkK9Q60F/view,MUNICIPIO,MOSTRAR_MUNICIPIO,Centro,Emiliano Zapata,,Centro,Emiliano Zapata,,0,Promotor,Diana Aparicio García,,Lote por evento,/foto/FOTO-55CD0FA555,,10,SI,55cd0fa5552520559fe3be17175009011f8a11d3e3f8af4848425e50c1452652,492245,1,Programa de Semillas de Esperanza,emiliano-zapata-programa-de-semillas-de-esperanza,2026-01-22,"Poligonos Coordinados de Lenin 2026. Centro Poniente/E. Zapata, Diana Aparicio García/Programa de Semillas de Esperanza/Primera cosecha de rabanos del programa Semillas de Esperanza. Grupo Organo1.  22012026.jpeg"
FOTO-CFC7AFC3E7,Primera cosecha de rabanos del programa Semillas de Esperanza. Grupo Organo2.  22012026.jpeg,1gbTzLr8G1no5mg6GPAvAEunYtVycNCVX,https://drive.google.com/file/d/1gbTzLr8G1no5mg6GPAvAEunYtVycNCVX/view,MUNICIPIO,MOSTRAR_MUNICIPIO,Centro,Emiliano Zapata,,Centro,Emiliano Zapata,,0,Promotor,Diana Aparicio García,,Lote por evento,/foto/FOTO-CFC7AFC3E7,,10,SI,cfc7afc3e74db3b8064e5de37321b458e2f991d67d01cabab36ec38116a1870e,241475,1,Programa de Semillas de Esperanza,emiliano-zapata-programa-de-semillas-de-esperanza,2026-01-22,"Poligonos Coordinados de Lenin 2026. Centro Poniente/E. Zapata, Diana Aparicio García/Programa de Semillas de Esperanza/Primera cosecha de rabanos del programa Semillas de Esperanza. Grupo Organo2.  22012026.jpeg"
FOTO-39DD602A96,"Exposición del museo itinerante de Historia Natural y taller. Programa Petate de Colores, comunidad el Organo (IV) Emiliano Zapata  2026-09-01.jpeg",1u-v3FBzIPOCe6PtqHI80vLPDrkRGRpCX,https://drive.google.com/file/d/1u-v3FBzIPOCe6PtqHI80vLPDrkRGRpCX/view,MUNICIPIO,MOSTRAR_MUNICIPIO,Centro,Emiliano Zapata,,Centro,Emiliano Zapata,,0,Promotor,Diana Aparicio García,,Lote por evento,/foto/FOTO-39DD602A96,,10,SI,39dd602a9691db7d70d801ddb520201fd4d8bb8e0b0279bbc66088e9136baf81,236712,1,Programa Petate de Colores,emiliano-zapata-programa-petate-de-colores,2026-09-01,"Poligonos Coordinados de Lenin 2026. Centro Poniente/E. Zapata, Diana Aparicio García/Programa Petate de Colores/Exposición del museo itinerante de Historia Natural y taller. Programa Petate de Colores, comunidad el Organo (IV) Emiliano Zapata  2026-09-01.jpeg"
FOTO-4D59D3EE90,"Exposición del museo itinerante de Historia Natural y taller. Programa Petate de Colores, comunidad el Organo Emiliano Zapata  2026-09-01.jpeg",1FwLbp5eRG4trKSRhSnEneq-_F-KFw_kW,https://drive.google.com/file/d/1FwLbp5eRG4trKSRhSnEneq-_F-KFw_kW/view,MUNICIPIO,MOSTRAR_MUNICIPIO,Centro,Emiliano Zapata,,Centro,Emiliano Zapata,,0,Promotor,Diana Aparicio García,,Lote por evento,/foto/FOTO-4D59D3EE90,,10,SI,4d59d3ee90b9635a8232d76648b621db82794b3f639c248db57a8dcf97f98806,178950,1,Programa Petate de Colores,emiliano-zapata-programa-petate-de-colores,2026-09-01,"Poligonos Coordinados de Lenin 2026. Centro Poniente/E. Zapata, Diana Aparicio García/Programa Petate de Colores/Exposición del museo itinerante de Historia Natural y taller. Programa Petate de Colores, comunidad el Organo Emiliano Zapata  2026-09-01.jpeg"
FOTO-2626C72247,"Exposición del museo itinerante de Historia Natural y taller. Programa Petate de Colores, comunidad el Organo Emiliano Zapata (i)2026-09-01.jpeg",1dXmUU2PtPmjwBrXIYrOHDWlh44wKosB4,https://drive.google.com/file/d/1dXmUU2PtPmjwBrXIYrOHDWlh44wKosB4/view,MUNICIPIO,MOSTRAR_MUNICIPIO,Centro,Emiliano Zapata,,Centro,Emiliano Zapata,,0,Promotor,Diana Aparicio García,,Lote por evento,/foto/FOTO-2626C72247,,10,SI,2626c722475677ffa8015973f7298a84f1a338b034dcfa32dc5c272947caf06a,340637,1,Programa Petate de Colores,emiliano-zapata-programa-petate-de-colores,2026-09-01,"Poligonos Coordinados de Lenin 2026. Centro Poniente/E. Zapata, Diana Aparicio García/Programa Petate de Colores/Exposición del museo itinerante de Historia Natural y taller. Programa Petate de Colores, comunidad el Organo Emiliano Zapata (i)2026-09-01.jpeg"
FOTO-CB290F40C9,"Exposición del museo itinerante de Historia Natural y taller. Programa Petate de Colores, comunidad el Organo Emiliano Zapata (III) 2026-09-01.jpeg",1bNZAkyAJ52swXczsE-u90LHWMsUchrCa,https://drive.google.com/file/d/1bNZAkyAJ52swXczsE-u90LHWMsUchrCa/view,MUNICIPIO,MOSTRAR_MUNICIPIO,Centro,Emiliano Zapata,,Centro,Emiliano Zapata,,0,Promotor,Diana Aparicio García,,Lote por evento,/foto/FOTO-CB290F40C9,,10,SI,cb290f40c9a82693ed43101b2a3e777e50d5742056cd3171054216b874e9e70b,353386,1,Programa Petate de Colores,emiliano-zapata-programa-petate-de-colores,2026-09-01,"Poligonos Coordinados de Lenin 2026. Centro Poniente/E. Zapata, Diana Aparicio García/Programa Petate de Colores/Exposición del museo itinerante de Historia Natural y taller. Programa Petate de Colores, comunidad el Organo Emiliano Zapata (III) 2026-09-01.jpeg"
FOTO-EC2AD94638,Grupo Capulli. Proyecto Corazón Verde del Programa Petate de Colores..jpeg,1RjsTHFAKSkYu1HtPKLGh7xM4nuZDpcMK,https://drive.google.com/file/d/1RjsTHFAKSkYu1HtPKLGh7xM4nuZDpcMK/view,MUNICIPIO,MOSTRAR_MUNICIPIO,Centro,Emiliano Zapata,,Centro,Emiliano Zapata,,0,Promotor,Diana Aparicio García,,Lote por evento,/foto/FOTO-EC2AD94638,,10,SI,ec2ad94638761f7158f4ff9092d7458a26732e6ece827fdf31a6c137bdd30f73,368190,1,Programa Petate de Colores,emiliano-zapata-programa-petate-de-colores,,"Poligonos Coordinados de Lenin 2026. Centro Poniente/E. Zapata, Diana Aparicio García/Programa Petate de Colores/Grupo Capulli. Proyecto Corazón Verde del Programa Petate de Colores..jpeg"
FOTO-68D64FE39B,Consejo Camino a la Mina Huitzilac..jpeg,1DN_GTDFPNb8HqdajPQv5_CaCuigDbb_8,https://drive.google.com/file/d/1DN_GTDFPNb8HqdajPQv5_CaCuigDbb_8/view,MUNICIPIO,MOSTRAR_MUNICIPIO,Centro,Huitzilac,,Centro,Huitzilac,,0,Promotor,Monserrat Nava Moncada,,Lote por evento,/foto/FOTO-68D64FE39B,,10,SI,68d64fe39bcdd2b720635d4ede3fe0adff97eed8d06670919fbc11c07f970a88,203461,1,Consejos Comunitarios y sus gestiones,huitzilac-consejos-comunitarios-y-sus-gestiones,,"Poligonos Coordinados de Lenin 2026. Centro Poniente/Huitzilac, Monserrat Nava Moncada/Consejos Comunitarios y sus gestiones/Consejo Camino a la Mina Huitzilac..jpeg"
FOTO-21BC4D8B30,"Consejo Cristo Rey, Huitzilac..jpeg",1ku7b2RTY27RRimG1zdPGD__gUVhwfP_j,https://drive.google.com/file/d/1ku7b2RTY27RRimG1zdPGD__gUVhwfP_j/view,MUNICIPIO,MOSTRAR_MUNICIPIO,Centro,Huitzilac,,Centro,Huitzilac,,0,Promotor,Monserrat Nava Moncada,,Lote por evento,/foto/FOTO-21BC4D8B30,,10,SI,21bc4d8b303bb796e727957f2d18109bb8f53b8ca9cf517532e1292b5b581175,155285,1,Consejos Comunitarios y sus gestiones,huitzilac-consejos-comunitarios-y-sus-gestiones,,"Poligonos Coordinados de Lenin 2026. Centro Poniente/Huitzilac, Monserrat Nava Moncada/Consejos Comunitarios y sus gestiones/Consejo Cristo Rey, Huitzilac..jpeg"
FOTO-E417B7288D,"Consejo de Tezoyo, Huitzilac..jpeg",1xNfAUDAfmCgdFFsC9j-oh_kpAE5WuNYC,https://drive.google.com/file/d/1xNfAUDAfmCgdFFsC9j-oh_kpAE5WuNYC/view,MUNICIPIO,MOSTRAR_MUNICIPIO,Centro,Huitzilac,,Centro,Huitzilac,,0,Promotor,Monserrat Nava Moncada,,Lote por evento,/foto/FOTO-E417B7288D,,10,SI,e417b7288d35b64ec12f4ce69bcdd81f14c80030068d1291c673c10a7b17d5dd,131172,1,Consejos Comunitarios y sus gestiones,huitzilac-consejos-comunitarios-y-sus-gestiones,,"Poligonos Coordinados de Lenin 2026. Centro Poniente/Huitzilac, Monserrat Nava Moncada/Consejos Comunitarios y sus gestiones/Consejo de Tezoyo, Huitzilac..jpeg"
FOTO-483D083D07,"Consejo Los Hongos, Huitzilac..jpeg",1j4ojjtZAgBoBn76oxFw_VBkkkXmltkeX,https://drive.google.com/file/d/1j4ojjtZAgBoBn76oxFw_VBkkkXmltkeX/view,MUNICIPIO,MOSTRAR_MUNICIPIO,Centro,Huitzilac,,Centro,Huitzilac,,0,Promotor,Monserrat Nava Moncada,,Lote por evento,/foto/FOTO-483D083D07,,10,SI,483d083d07ab945f69d82761fd6dc36f30d6f6041978bfeb650222c826014e13,225119,1,Consejos Comunitarios y sus gestiones,huitzilac-consejos-comunitarios-y-sus-gestiones,,"Poligonos Coordinados de Lenin 2026. Centro Poniente/Huitzilac, Monserrat Nava Moncada/Consejos Comunitarios y sus gestiones/Consejo Los Hongos, Huitzilac..jpeg"
FOTO-E9AE325C47,Curso de primeros Auxilios y de medidas de emergencia 1.jpeg,1HMSFvwiA7Y3QSYghxEZtlVkVdrBDU_IZ,https://drive.google.com/file/d/1HMSFvwiA7Y3QSYghxEZtlVkVdrBDU_IZ/view,MUNICIPIO,MOSTRAR_MUNICIPIO,Centro,Huitzilac,,Centro,Huitzilac,,0,Promotor,Monserrat Nava Moncada,,Lote por evento,/foto/FOTO-E9AE325C47,,10,SI,e9ae325c477e4544df6e357c1a2209e361ac8e32a311d61922a5e786b1b88319,108047,1,Consejos Comunitarios y sus gestiones,huitzilac-consejos-comunitarios-y-sus-gestiones,,"Poligonos Coordinados de Lenin 2026. Centro Poniente/Huitzilac, Monserrat Nava Moncada/Consejos Comunitarios y sus gestiones/Curso de primeros Auxilios y de medidas de emergencia 1.jpeg"
FOTO-B2CCBFF049,Curso de primeros Auxilios y de medidas de emergencia 2.jpeg,1JkEUOd4o5_G6YeMNmQAj6zoRvONMHb5o,https://drive.google.com/file/d/1JkEUOd4o5_G6YeMNmQAj6zoRvONMHb5o/view,MUNICIPIO,MOSTRAR_MUNICIPIO,Centro,Huitzilac,,Centro,Huitzilac,,0,Promotor,Monserrat Nava Moncada,,Lote por evento,/foto/FOTO-B2CCBFF049,,10,SI,b2ccbff049823dfbeb73520e242003a55031f2b6e5017d48e1d6d31f35f95039,122781,1,Consejos Comunitarios y sus gestiones,huitzilac-consejos-comunitarios-y-sus-gestiones,,"Poligonos Coordinados de Lenin 2026. Centro Poniente/Huitzilac, Monserrat Nava Moncada/Consejos Comunitarios y sus gestiones/Curso de primeros Auxilios y de medidas de emergencia 2.jpeg"
FOTO-9BC18C2D4B,Gestión de los consejos en Huitzilac 1.jpeg,1WPsWsl5K7TPU9QnOHdYuvtMapZ_7Zz8F,https://drive.google.com/file/d/1WPsWsl5K7TPU9QnOHdYuvtMapZ_7Zz8F/view,MUNICIPIO,MOSTRAR_MUNICIPIO,Centro,Huitzilac,,Centro,Huitzilac,,0,Promotor,Monserrat Nava Moncada,,Lote por evento,/foto/FOTO-9BC18C2D4B,,10,SI,9bc18c2d4b4080c24f41f1f737ff6dea35e70d78c4dfa2dc5f2c0e0630ecacae,137743,1,Consejos Comunitarios y sus gestiones,huitzilac-consejos-comunitarios-y-sus-gestiones,,"Poligonos Coordinados de Lenin 2026. Centro Poniente/Huitzilac, Monserrat Nava Moncada/Consejos Comunitarios y sus gestiones/Gestión de los consejos en Huitzilac 1.jpeg"
FOTO-02A99F0B5E,Gestión de los consejos en Huitzilac 2.jpeg,1GdviY4B0njJPnR8ejOW16XgtM1H5ugQB,https://drive.google.com/file/d/1GdviY4B0njJPnR8ejOW16XgtM1H5ugQB/view,MUNICIPIO,MOSTRAR_MUNICIPIO,Centro,Huitzilac,,Centro,Huitzilac,,0,Promotor,Monserrat Nava Moncada,,Lote por evento,/foto/FOTO-02A99F0B5E,,10,SI,02a99f0b5e02764688b41d2eb60240f729e910a4cd7bb5f99c28b5c05019ce91,159260,1,Consejos Comunitarios y sus gestiones,huitzilac-consejos-comunitarios-y-sus-gestiones,,"Poligonos Coordinados de Lenin 2026. Centro Poniente/Huitzilac, Monserrat Nava Moncada/Consejos Comunitarios y sus gestiones/Gestión de los consejos en Huitzilac 2.jpeg"
FOTO-F3A8B7D353,Gestión de los consejos en Huitzilac 3.jpeg,1Hc3oyYhPlHjuQqFnt_5Hg4NAbOODpfHY,https://drive.google.com/file/d/1Hc3oyYhPlHjuQqFnt_5Hg4NAbOODpfHY/view,MUNICIPIO,MOSTRAR_MUNICIPIO,Centro,Huitzilac,,Centro,Huitzilac,,0,Promotor,Monserrat Nava Moncada,,Lote por evento,/foto/FOTO-F3A8B7D353,,10,SI,f3a8b7d3535fcad55fcce6d95ef9ad82fd44fe28f46afc0076bfffd02e44ef16,124852,1,Consejos Comunitarios y sus gestiones,huitzilac-consejos-comunitarios-y-sus-gestiones,,"Poligonos Coordinados de Lenin 2026. Centro Poniente/Huitzilac, Monserrat Nava Moncada/Consejos Comunitarios y sus gestiones/Gestión de los consejos en Huitzilac 3.jpeg"
FOTO-852BC84A78,Gestión de los consejos en Huitzilac 4.jpeg,11iMau3iAq-80j5VYBWaA-P9cXhNyQLZx,https://drive.google.com/file/d/11iMau3iAq-80j5VYBWaA-P9cXhNyQLZx/view,MUNICIPIO,MOSTRAR_MUNICIPIO,Centro,Huitzilac,,Centro,Huitzilac,,0,Promotor,Monserrat Nava Moncada,,Lote por evento,/foto/FOTO-852BC84A78,,10,SI,852bc84a782c32a11a7e38c5ebde695935d827dd4cd252d63945b4c5b8fb5f4d,123617,1,Consejos Comunitarios y sus gestiones,huitzilac-consejos-comunitarios-y-sus-gestiones,,"Poligonos Coordinados de Lenin 2026. Centro Poniente/Huitzilac, Monserrat Nava Moncada/Consejos Comunitarios y sus gestiones/Gestión de los consejos en Huitzilac 4.jpeg"
FOTO-31ECE23FF5,"Lamitas para Viridiana Ramírez, Los Hongos, Tres Marías, Huitzilac 1. 2026-09-04.jpeg",1byW6REDWJkeGfdsZrUo9Eu4BJ04bUFvN,https://drive.google.com/file/d/1byW6REDWJkeGfdsZrUo9Eu4BJ04bUFvN/view,MUNICIPIO,MOSTRAR_MUNICIPIO,Centro,Huitzilac,,Centro,Huitzilac,,0,Promotor,Monserrat Nava Moncada,,Lote por evento,/foto/FOTO-31ECE23FF5,,10,SI,31ece23ff5a9741bb004dbbce638b505e3e624143db5c4017ef90ccc694ff685,255531,1,Consejos Comunitarios y sus gestiones,huitzilac-consejos-comunitarios-y-sus-gestiones,2026-09-04,"Poligonos Coordinados de Lenin 2026. Centro Poniente/Huitzilac, Monserrat Nava Moncada/Consejos Comunitarios y sus gestiones/Lamitas para Viridiana Ramírez, Los Hongos, Tres Marías, Huitzilac 1. 2026-09-04.jpeg"
FOTO-EAFF6C2AF2,"Lamitas para Viridiana Ramírez, Los Hongos, Tres Marías, Huitzilac 2. 2026-09-04.jpeg",14JZ1AmBdlzevN5zQuqYGeV7pOgJo8MUi,https://drive.google.com/file/d/14JZ1AmBdlzevN5zQuqYGeV7pOgJo8MUi/view,MUNICIPIO,MOSTRAR_MUNICIPIO,Centro,Huitzilac,,Centro,Huitzilac,,0,Promotor,Monserrat Nava Moncada,,Lote por evento,/foto/FOTO-EAFF6C2AF2,,10,SI,eaff6c2af276263e762972b7c2c062fed248e1bf51cb937f4de0ffb0baaf09f5,318270,1,Consejos Comunitarios y sus gestiones,huitzilac-consejos-comunitarios-y-sus-gestiones,2026-09-04,"Poligonos Coordinados de Lenin 2026. Centro Poniente/Huitzilac, Monserrat Nava Moncada/Consejos Comunitarios y sus gestiones/Lamitas para Viridiana Ramírez, Los Hongos, Tres Marías, Huitzilac 2. 2026-09-04.jpeg"
FOTO-574223EDD6,"Lamitas para Viridiana Ramírez, Los Hongos, Tres Marías, Huitzilac 3. 2026-09-04.jpeg",1V1ylwLHNPBeZZN39W1YXHx0ASYg2A8Xo,https://drive.google.com/file/d/1V1ylwLHNPBeZZN39W1YXHx0ASYg2A8Xo/view,MUNICIPIO,MOSTRAR_MUNICIPIO,Centro,Huitzilac,,Centro,Huitzilac,,0,Promotor,Monserrat Nava Moncada,,Lote por evento,/foto/FOTO-574223EDD6,,10,SI,574223edd66256dd243627058118e66c400027f2a15fb8720eb94ff0c2c38820,296533,1,Consejos Comunitarios y sus gestiones,huitzilac-consejos-comunitarios-y-sus-gestiones,2026-09-04,"Poligonos Coordinados de Lenin 2026. Centro Poniente/Huitzilac, Monserrat Nava Moncada/Consejos Comunitarios y sus gestiones/Lamitas para Viridiana Ramírez, Los Hongos, Tres Marías, Huitzilac 3. 2026-09-04.jpeg"
FOTO-5900FEFB28,Reunión de Consejo Huitzilac.jpeg,1aykT7R7fEy7hvxEEA-2l60s6g_AssMjd,https://drive.google.com/file/d/1aykT7R7fEy7hvxEEA-2l60s6g_AssMjd/view,MUNICIPIO,MOSTRAR_MUNICIPIO,Centro,Huitzilac,,Centro,Huitzilac,,0,Promotor,Monserrat Nava Moncada,,Lote por evento,/foto/FOTO-5900FEFB28,,10,SI,5900fefb283a22b6715009676229153a758c6a87514d40d586d4293042dfa003,87955,1,Consejos Comunitarios y sus gestiones,huitzilac-consejos-comunitarios-y-sus-gestiones,,"Poligonos Coordinados de Lenin 2026. Centro Poniente/Huitzilac, Monserrat Nava Moncada/Consejos Comunitarios y sus gestiones/Reunión de Consejo Huitzilac.jpeg"
FOTO-C0A2702CB1,WhatsApp Image 2026-01-21 at 10.50.30 AM (1).jpeg,1DsXp0FCuOMv0mVY9fIFI2WYOTFL0X8XT,https://drive.google.com/file/d/1DsXp0FCuOMv0mVY9fIFI2WYOTFL0X8XT/view,MUNICIPIO,MOSTRAR_MUNICIPIO,Centro,Huitzilac,,Centro,Huitzilac,,0,Promotor,Monserrat Nava Moncada,,Lote por evento,/foto/FOTO-C0A2702CB1,,10,SI,c0a2702cb1aea80055ea1ab478561b3c3802560fc6de28ee2cc0649418796a84,246259,1,Entrega de Juguetes,huitzilac-entrega-de-juguetes,2026-01-21,"Poligonos Coordinados de Lenin 2026. Centro Poniente/Huitzilac, Monserrat Nava Moncada/Entrega de Juguetes/WhatsApp Image 2026-01-21 at 10.50.30 AM (1).jpeg"
FOTO-37CE00F923,WhatsApp Image 2026-01-21 at 10.50.30 AM.jpeg,15AGBTzSDuzGy-wPv3fziRuVSuSz9VE-Q,https://drive.google.com/file/d/15AGBTzSDuzGy-wPv3fziRuVSuSz9VE-Q/view,MUNICIPIO,MOSTRAR_MUNICIPIO,Centro,Huitzilac,,Centro,Huitzilac,,0,Promotor,Monserrat Nava Moncada,,Lote por evento,/foto/FOTO-37CE00F923,,10,SI,37ce00f923e1062dda3f63596ede1849b11654c8230a737befe085e8b5e9c6a8,182765,1,Entrega de Juguetes,huitzilac-entrega-de-juguetes,2026-01-21,"Poligonos Coordinados de Lenin 2026. Centro Poniente/Huitzilac, Monserrat Nava Moncada/Entrega de Juguetes/WhatsApp Image 2026-01-21 at 10.50.30 AM.jpeg"
FOTO-572D600785,WhatsApp Image 2026-01-21 at 10.50.31 AM (6).jpeg,1V9K24GMj6o8O1IctoeOj8PPXg1n098Xm,https://drive.google.com/file/d/1V9K24GMj6o8O1IctoeOj8PPXg1n098Xm/view,MUNICIPIO,MOSTRAR_MUNICIPIO,Centro,Huitzilac,,Centro,Huitzilac,,0,Promotor,Monserrat Nava Moncada,,Lote por evento,/foto/FOTO-572D600785,,10,SI,572d6007850f4d54aa9df3511d1b8d33874bd027d2b18faa197a7d0b2522195d,351290,1,Entrega de Juguetes,huitzilac-entrega-de-juguetes,2026-01-21,"Poligonos Coordinados de Lenin 2026. Centro Poniente/Huitzilac, Monserrat Nava Moncada/Entrega de Juguetes/WhatsApp Image 2026-01-21 at 10.50.31 AM (6).jpeg"
FOTO-F4D5128720,WhatsApp Image 2026-01-21 at 10.50.31 AM (7).jpeg,1B1yVQzTyOHf10JQJXqvrf3b9DzQ3kK-o,https://drive.google.com/file/d/1B1yVQzTyOHf10JQJXqvrf3b9DzQ3kK-o/view,MUNICIPIO,MOSTRAR_MUNICIPIO,Centro,Huitzilac,,Centro,Huitzilac,,0,Promotor,Monserrat Nava Moncada,,Lote por evento,/foto/FOTO-F4D5128720,,10,SI,f4d512872031a4c00b19712277dbf6d8a01ee2454e85753069c0268f2727ad58,199808,1,Entrega de Juguetes,huitzilac-entrega-de-juguetes,2026-01-21,"Poligonos Coordinados de Lenin 2026. Centro Poniente/Huitzilac, Monserrat Nava Moncada/Entrega de Juguetes/WhatsApp Image 2026-01-21 at 10.50.31 AM (7).jpeg"
FOTO-D101376C37,Faena antes de cursos en Cristo Rey 1.jpeg,16Vg3d7WfCVNoTQxaL1MZkKZ8Bh6EM9h3,https://drive.google.com/file/d/16Vg3d7WfCVNoTQxaL1MZkKZ8Bh6EM9h3/view,MUNICIPIO,MOSTRAR_MUNICIPIO,Centro,Huitzilac,,Centro,Huitzilac,,0,Promotor,Monserrat Nava Moncada,,Lote por evento,/foto/FOTO-D101376C37,,10,SI,d101376c37b3bd4630d40d244f2ffcd14f4a53c2502c0094079aef180c2544ff,39189,1,Faena-Tequio,huitzilac-faena-tequio,,"Poligonos Coordinados de Lenin 2026. Centro Poniente/Huitzilac, Monserrat Nava Moncada/Faena-Tequio/Faena antes de cursos en Cristo Rey 1.jpeg"
FOTO-22BDEC5776,Faena antes de cursos en Cristo Rey 2.jpeg,1CrRoVkLKKWVR1_8BcMyO9yRYE_7eF81K,https://drive.google.com/file/d/1CrRoVkLKKWVR1_8BcMyO9yRYE_7eF81K/view,MUNICIPIO,MOSTRAR_MUNICIPIO,Centro,Huitzilac,,Centro,Huitzilac,,0,Promotor,Monserrat Nava Moncada,,Lote por evento,/foto/FOTO-22BDEC5776,,10,SI,22bdec57768599d33c62c3eab3666eb639dda994c8b132077c8e625fa8f77ad0,48355,1,Faena-Tequio,huitzilac-faena-tequio,,"Poligonos Coordinados de Lenin 2026. Centro Poniente/Huitzilac, Monserrat Nava Moncada/Faena-Tequio/Faena antes de cursos en Cristo Rey 2.jpeg"
FOTO-CD3A42611F,Faena antes de cursos en Cristo Rey 3.jpeg,1cqIhIYl8wDVV81Z4mzATkSX17nvdPpF1,https://drive.google.com/file/d/1cqIhIYl8wDVV81Z4mzATkSX17nvdPpF1/view,MUNICIPIO,MOSTRAR_MUNICIPIO,Centro,Huitzilac,,Centro,Huitzilac,,0,Promotor,Monserrat Nava Moncada,,Lote por evento,/foto/FOTO-CD3A42611F,,10,SI,cd3a42611f5dd21d0e9d0ab48c9c9e084816661fc5c851e8341b0ccba7277a29,39218,1,Faena-Tequio,huitzilac-faena-tequio,,"Poligonos Coordinados de Lenin 2026. Centro Poniente/Huitzilac, Monserrat Nava Moncada/Faena-Tequio/Faena antes de cursos en Cristo Rey 3.jpeg"
FOTO-3465DDC475,Faena Antonio Segura en parque de Juegos 1.jpeg,1wI5dJII35g9bRnNPRh_Ii-bWuCgkdV45,https://drive.google.com/file/d/1wI5dJII35g9bRnNPRh_Ii-bWuCgkdV45/view,MUNICIPIO,MOSTRAR_MUNICIPIO,Centro,Huitzilac,,Centro,Huitzilac,,0,Promotor,Monserrat Nava Moncada,,Lote por evento,/foto/FOTO-3465DDC475,,10,SI,3465ddc475f3564ef952d2af9c33cc142bbd77a49a41e656a3ea19eb109ab6c5,411380,1,Faena-Tequio,huitzilac-faena-tequio,,"Poligonos Coordinados de Lenin 2026. Centro Poniente/Huitzilac, Monserrat Nava Moncada/Faena-Tequio/Faena Antonio Segura en parque de Juegos 1.jpeg"
FOTO-33B3F40B2E,Faena Antonio Segura en parque de Juegos 2.jpeg,1pdxGiJhRx8tiHG1XNkXOgX0RTgNVclgn,https://drive.google.com/file/d/1pdxGiJhRx8tiHG1XNkXOgX0RTgNVclgn/view,MUNICIPIO,MOSTRAR_MUNICIPIO,Centro,Huitzilac,,Centro,Huitzilac,,0,Promotor,Monserrat Nava Moncada,,Lote por evento,/foto/FOTO-33B3F40B2E,,10,SI,33b3f40b2e3e388f6caac3aceef02a292a31c13fc1d8ec1352ff0cda88605d52,409491,1,Faena-Tequio,huitzilac-faena-tequio,,"Poligonos Coordinados de Lenin 2026. Centro Poniente/Huitzilac, Monserrat Nava Moncada/Faena-Tequio/Faena Antonio Segura en parque de Juegos 2.jpeg"
FOTO-C5621DA1E9,Faena Antonio Segura en parque de Juegos 3.jpeg,1pl-O_XkEaSBY26pEtiYRCZBIvVTai_7t,https://drive.google.com/file/d/1pl-O_XkEaSBY26pEtiYRCZBIvVTai_7t/view,MUNICIPIO,MOSTRAR_MUNICIPIO,Centro,Huitzilac,,Centro,Huitzilac,,0,Promotor,Monserrat Nava Moncada,,Lote por evento,/foto/FOTO-C5621DA1E9,,10,SI,c5621da1e9a8c693295ebdd179efe38a23a11ae80c177fd32ef94d1b48e5e1af,377588,1,Faena-Tequio,huitzilac-faena-tequio,,"Poligonos Coordinados de Lenin 2026. Centro Poniente/Huitzilac, Monserrat Nava Moncada/Faena-Tequio/Faena Antonio Segura en parque de Juegos 3.jpeg"
FOTO-628035157B,"Faena de la comunidad de Tezoyo, Huitzilac. 28 de junio de 2026.jpeg",1OWRAfrNZtJdVxVsKJFIoQcK7bPhS2FMz,https://drive.google.com/file/d/1OWRAfrNZtJdVxVsKJFIoQcK7bPhS2FMz/view,MUNICIPIO,MOSTRAR_MUNICIPIO,Centro,Huitzilac,,Centro,Huitzilac,,0,Promotor,Monserrat Nava Moncada,,Lote por evento,/foto/FOTO-628035157B,,10,SI,628035157beabeff39ee51d198857bf7315831c5d0c874300393cb194bd48ee0,262979,1,Faena-Tequio,huitzilac-faena-tequio,2026-06-28,"Poligonos Coordinados de Lenin 2026. Centro Poniente/Huitzilac, Monserrat Nava Moncada/Faena-Tequio/Faena de la comunidad de Tezoyo, Huitzilac. 28 de junio de 2026.jpeg"
FOTO-AD76113A3F,Faena en la comunidad Cristo Rey 1.jpeg,1saW5gwsOStyyIY7ULUQ180_mYTG5-yJf,https://drive.google.com/file/d/1saW5gwsOStyyIY7ULUQ180_mYTG5-yJf/view,MUNICIPIO,MOSTRAR_MUNICIPIO,Centro,Huitzilac,,Centro,Huitzilac,,0,Promotor,Monserrat Nava Moncada,,Lote por evento,/foto/FOTO-AD76113A3F,,10,SI,ad76113a3fce39f0af6898304f379d80ed3055f2d174ceb8891cc1eba2628f3e,81318,1,Faena-Tequio,huitzilac-faena-tequio,,"Poligonos Coordinados de Lenin 2026. Centro Poniente/Huitzilac, Monserrat Nava Moncada/Faena-Tequio/Faena en la comunidad Cristo Rey 1.jpeg"
FOTO-D4578DF77D,Faena en la comunidad Cristo Rey 3.jpeg,1Gdbgr33ArvUp9E3JdZICXJZSD2bpOYEX,https://drive.google.com/file/d/1Gdbgr33ArvUp9E3JdZICXJZSD2bpOYEX/view,MUNICIPIO,MOSTRAR_MUNICIPIO,Centro,Huitzilac,,Centro,Huitzilac,,0,Promotor,Monserrat Nava Moncada,,Lote por evento,/foto/FOTO-D4578DF77D,,10,SI,d4578df77d79c0480728080bdaf7560720a9c61af5e170e16da9fe0f63238f8d,88423,1,Faena-Tequio,huitzilac-faena-tequio,,"Poligonos Coordinados de Lenin 2026. Centro Poniente/Huitzilac, Monserrat Nava Moncada/Faena-Tequio/Faena en la comunidad Cristo Rey 3.jpeg"
FOTO-5DF4D5B246,"Faena para el proyecto Petate de Colores, parque recreativo. Comunidad Cristo Rey 3.jpeg",1_jq4tfREQb1thFgp_oBFZETh9WNBRRCX,https://drive.google.com/file/d/1_jq4tfREQb1thFgp_oBFZETh9WNBRRCX/view,MUNICIPIO,MOSTRAR_MUNICIPIO,Centro,Huitzilac,,Centro,Huitzilac,,0,Promotor,Monserrat Nava Moncada,,Lote por evento,/foto/FOTO-5DF4D5B246,,10,SI,5df4d5b246ee92653660e397813bedada6948ff21dc36ed42d1a033dad279919,383203,1,Faena-Tequio,huitzilac-faena-tequio,,"Poligonos Coordinados de Lenin 2026. Centro Poniente/Huitzilac, Monserrat Nava Moncada/Faena-Tequio/Faena para el proyecto Petate de Colores, parque recreativo. Comunidad Cristo Rey 3.jpeg"
FOTO-66451C19C2,"Faena para el proyecto Petate de Colores, parque recreativo. Comunidad Cristo Rey 4.jpeg",1okJgElK_lfe5Adxqz5fppugLj6NHVW7B,https://drive.google.com/file/d/1okJgElK_lfe5Adxqz5fppugLj6NHVW7B/view,MUNICIPIO,MOSTRAR_MUNICIPIO,Centro,Huitzilac,,Centro,Huitzilac,,0,Promotor,Monserrat Nava Moncada,,Lote por evento,/foto/FOTO-66451C19C2,,10,SI,66451c19c2edd248c5900a78d58e79a61eac0ce64f6ca14eb5a36aa1f36766e4,337336,1,Faena-Tequio,huitzilac-faena-tequio,,"Poligonos Coordinados de Lenin 2026. Centro Poniente/Huitzilac, Monserrat Nava Moncada/Faena-Tequio/Faena para el proyecto Petate de Colores, parque recreativo. Comunidad Cristo Rey 4.jpeg"
FOTO-4C9E207E4B,"Faena para el proyecto Petate de Colores, parque recreativo. Comunidad Cristo Rey 5.jpeg",1QA1eUQMIcHZGqXDxi_IlbR_uYxDKZ1rL,https://drive.google.com/file/d/1QA1eUQMIcHZGqXDxi_IlbR_uYxDKZ1rL/view,MUNICIPIO,MOSTRAR_MUNICIPIO,Centro,Huitzilac,,Centro,Huitzilac,,0,Promotor,Monserrat Nava Moncada,,Lote por evento,/foto/FOTO-4C9E207E4B,,10,SI,4c9e207e4bf8c2587b45ba4dab276c8f091b4030367b4bfbc3ede3fb6b3fc661,391411,1,Faena-Tequio,huitzilac-faena-tequio,,"Poligonos Coordinados de Lenin 2026. Centro Poniente/Huitzilac, Monserrat Nava Moncada/Faena-Tequio/Faena para el proyecto Petate de Colores, parque recreativo. Comunidad Cristo Rey 5.jpeg"
FOTO-B7ACA3D958,"Segunda faena en Cristo Rey, para el parque recreativo 1..jpeg",1NlDKNKZokfPYr-ggqtMyra1lVZuhyspY,https://drive.google.com/file/d/1NlDKNKZokfPYr-ggqtMyra1lVZuhyspY/view,MUNICIPIO,MOSTRAR_MUNICIPIO,Centro,Huitzilac,,Centro,Huitzilac,,0,Promotor,Monserrat Nava Moncada,,Lote por evento,/foto/FOTO-B7ACA3D958,,10,SI,b7aca3d9586efc7393e6bad1103d95809bfb99da54a6a5e8582a038578b84588,346862,1,Faena-Tequio,huitzilac-faena-tequio,,"Poligonos Coordinados de Lenin 2026. Centro Poniente/Huitzilac, Monserrat Nava Moncada/Faena-Tequio/Segunda faena en Cristo Rey, para el parque recreativo 1..jpeg"
FOTO-830B36F0C5,"Segunda faena en Cristo Rey, para el parque recreativo 2..jpeg",1D_fjxLX9YfP76I6M_BJ833JDxhJeMswA,https://drive.google.com/file/d/1D_fjxLX9YfP76I6M_BJ833JDxhJeMswA/view,MUNICIPIO,MOSTRAR_MUNICIPIO,Centro,Huitzilac,,Centro,Huitzilac,,0,Promotor,Monserrat Nava Moncada,,Lote por evento,/foto/FOTO-830B36F0C5,,10,SI,830b36f0c5160c81eca342c92a4413df4002806d9de173313069b359cebff364,319250,1,Faena-Tequio,huitzilac-faena-tequio,,"Poligonos Coordinados de Lenin 2026. Centro Poniente/Huitzilac, Monserrat Nava Moncada/Faena-Tequio/Segunda faena en Cristo Rey, para el parque recreativo 2..jpeg"
FOTO-1C6F6AB1DD,"Segunda faena en Cristo Rey, para el parque recreativo 3..jpeg",1aZm5PeAsLLjQooeq76gNgbwVbRO3TyFO,https://drive.google.com/file/d/1aZm5PeAsLLjQooeq76gNgbwVbRO3TyFO/view,MUNICIPIO,MOSTRAR_MUNICIPIO,Centro,Huitzilac,,Centro,Huitzilac,,0,Promotor,Monserrat Nava Moncada,,Lote por evento,/foto/FOTO-1C6F6AB1DD,,10,SI,1c6f6ab1dd1a1c56a8d502c59d6e8577e22654ee7eac86f7309d76d566006446,221042,1,Faena-Tequio,huitzilac-faena-tequio,,"Poligonos Coordinados de Lenin 2026. Centro Poniente/Huitzilac, Monserrat Nava Moncada/Faena-Tequio/Segunda faena en Cristo Rey, para el parque recreativo 3..jpeg"
FOTO-44DEFEF46D,WhatsApp Image 2026-01-21 at 10.50.22 AM (1).jpeg,1OCRXq-sJ-ntyrxQFkYzct_mqLzbc7C8t,https://drive.google.com/file/d/1OCRXq-sJ-ntyrxQFkYzct_mqLzbc7C8t/view,MUNICIPIO,MOSTRAR_MUNICIPIO,Centro,Huitzilac,,Centro,Huitzilac,,0,Promotor,Monserrat Nava Moncada,,Lote por evento,/foto/FOTO-44DEFEF46D,,10,SI,44defef46d9466b929e43ad2fdf017a080fba474e4d190e6b09beaf1626b7c1c,136769,1,Faena-Tequio,huitzilac-faena-tequio,2026-01-21,"Poligonos Coordinados de Lenin 2026. Centro Poniente/Huitzilac, Monserrat Nava Moncada/Faena-Tequio/WhatsApp Image 2026-01-21 at 10.50.22 AM (1).jpeg"
FOTO-71283B2469,WhatsApp Image 2026-01-21 at 10.50.22 AM (2).jpeg,1LUHNcPxDhNIcrt2zp4JZlCaU-rLpHgBS,https://drive.google.com/file/d/1LUHNcPxDhNIcrt2zp4JZlCaU-rLpHgBS/view,MUNICIPIO,MOSTRAR_MUNICIPIO,Centro,Huitzilac,,Centro,Huitzilac,,0,Promotor,Monserrat Nava Moncada,,Lote por evento,/foto/FOTO-71283B2469,,10,SI,71283b246931ebfc98a16ea3e2f2666110b8d8375be9b15557a51ed5278fde99,113967,1,Faena-Tequio,huitzilac-faena-tequio,2026-01-21,"Poligonos Coordinados de Lenin 2026. Centro Poniente/Huitzilac, Monserrat Nava Moncada/Faena-Tequio/WhatsApp Image 2026-01-21 at 10.50.22 AM (2).jpeg"
FOTO-A83DB3D376,WhatsApp Image 2026-01-21 at 10.50.22 AM (4).jpeg,18_lUOlMxPs4l0T4FMFpUFtFYtLP_t5cc,https://drive.google.com/file/d/18_lUOlMxPs4l0T4FMFpUFtFYtLP_t5cc/view,MUNICIPIO,MOSTRAR_MUNICIPIO,Centro,Huitzilac,,Centro,Huitzilac,,0,Promotor,Monserrat Nava Moncada,,Lote por evento,/foto/FOTO-A83DB3D376,,10,SI,a83db3d376e102289694f9c6c0878b783c37f2529089bb9ab03c68619f36de62,125247,1,Faena-Tequio,huitzilac-faena-tequio,2026-01-21,"Poligonos Coordinados de Lenin 2026. Centro Poniente/Huitzilac, Monserrat Nava Moncada/Faena-Tequio/WhatsApp Image 2026-01-21 at 10.50.22 AM (4).jpeg"
FOTO-4AFE5AE211,Recorridos con FISE- Huitzilac 1 2026-09-10.jpeg,1EvAfUUb2T_mEo2m6SSRADLRUofeDKMHk,https://drive.google.com/file/d/1EvAfUUb2T_mEo2m6SSRADLRUofeDKMHk/view,MUNICIPIO,MOSTRAR_MUNICIPIO,Centro,Huitzilac,,Centro,Huitzilac,,0,Promotor,Monserrat Nava Moncada,,Lote por evento,/foto/FOTO-4AFE5AE211,,10,SI,4afe5ae2117586335a8013dee40cdd3cbb085005618bcb5ec0394ccd5ca556a1,418917,1,Piso Firme FISE,huitzilac-piso-firme-fise,2026-09-10,"Poligonos Coordinados de Lenin 2026. Centro Poniente/Huitzilac, Monserrat Nava Moncada/Piso Firme FISE/Recorridos con FISE- Huitzilac 1 2026-09-10.jpeg"
FOTO-93D9980FCA,Recorridos con FISE-Huitzilac 2026-09-10.jpeg,19PADXwZUVunRS7CWOSf0NWQKSzEFqBLP,https://drive.google.com/file/d/19PADXwZUVunRS7CWOSf0NWQKSzEFqBLP/view,MUNICIPIO,MOSTRAR_MUNICIPIO,Centro,Huitzilac,,Centro,Huitzilac,,0,Promotor,Monserrat Nava Moncada,,Lote por evento,/foto/FOTO-93D9980FCA,,10,SI,93d9980fca1f5ef270271183aedc8123b10f11fc15da3eec87d2e38746e39609,219324,1,Piso Firme FISE,huitzilac-piso-firme-fise,2026-09-10,"Poligonos Coordinados de Lenin 2026. Centro Poniente/Huitzilac, Monserrat Nava Moncada/Piso Firme FISE/Recorridos con FISE-Huitzilac 2026-09-10.jpeg"
FOTO-1AE97A61DF,"Registro de Piso Firme Fise, Huitzilac 2 2026-09-10.jpeg",1lsqmJkUugQPN3qDjgR9VzoNxvn8fhSBQ,https://drive.google.com/file/d/1lsqmJkUugQPN3qDjgR9VzoNxvn8fhSBQ/view,MUNICIPIO,MOSTRAR_MUNICIPIO,Centro,Huitzilac,,Centro,Huitzilac,,0,Promotor,Monserrat Nava Moncada,,Lote por evento,/foto/FOTO-1AE97A61DF,,10,SI,1ae97a61dfe4448af4821774e1547f5a80ddd118d65d4e6ecdcfde91f16bf519,121070,1,Piso Firme FISE,huitzilac-piso-firme-fise,2026-09-10,"Poligonos Coordinados de Lenin 2026. Centro Poniente/Huitzilac, Monserrat Nava Moncada/Piso Firme FISE/Registro de Piso Firme Fise, Huitzilac 2 2026-09-10.jpeg"
FOTO-14BA4702ED,"Registro de Piso Firme Fise, Huitzilac 2026-09-10.jpeg",1aQmge2QpzMqdkCA_dI_zu8FZTiZEPy2V,https://drive.google.com/file/d/1aQmge2QpzMqdkCA_dI_zu8FZTiZEPy2V/view,MUNICIPIO,MOSTRAR_MUNICIPIO,Centro,Huitzilac,,Centro,Huitzilac,,0,Promotor,Monserrat Nava Moncada,,Lote por evento,/foto/FOTO-14BA4702ED,,10,SI,14ba4702edf4120c36c76b81169d8866038160fd59115abff2ecd79e03ba9a53,114829,1,Piso Firme FISE,huitzilac-piso-firme-fise,2026-09-10,"Poligonos Coordinados de Lenin 2026. Centro Poniente/Huitzilac, Monserrat Nava Moncada/Piso Firme FISE/Registro de Piso Firme Fise, Huitzilac 2026-09-10.jpeg"
FOTO-DA23B0B54F,Clase de Dulces tipicos y tradicionales. Mazapan 1.jpeg,1XfOehQGjLDMzpaTvWYFsMp3MGs_Gx7pc,https://drive.google.com/file/d/1XfOehQGjLDMzpaTvWYFsMp3MGs_Gx7pc/view,MUNICIPIO,MOSTRAR_MUNICIPIO,Centro,Huitzilac,,Centro,Huitzilac,,0,Promotor,Monserrat Nava Moncada,,Lote por evento,/foto/FOTO-DA23B0B54F,,10,SI,da23b0b54f78d61b087bd79f6e4c03519ef79bf2e024a23be439113dd307fbfc,140199,1,Programa Calmecac,huitzilac-programa-calmecac,,"Poligonos Coordinados de Lenin 2026. Centro Poniente/Huitzilac, Monserrat Nava Moncada/Programa Calmecac/Clase de Dulces tipicos y tradicionales. Mazapan 1.jpeg"
FOTO-1FEFBFF8FD,Clase de Dulces tipicos y tradicionales. Mazapan 2.jpeg,1Vmzn9cG3eA7SQzxdEVzXeMn4gLqCg6x1,https://drive.google.com/file/d/1Vmzn9cG3eA7SQzxdEVzXeMn4gLqCg6x1/view,MUNICIPIO,MOSTRAR_MUNICIPIO,Centro,Huitzilac,,Centro,Huitzilac,,0,Promotor,Monserrat Nava Moncada,,Lote por evento,/foto/FOTO-1FEFBFF8FD,,10,SI,1fefbff8fd8e14781208a320e6cf8e47a6e11d48a9305ee026072b420b2c9c39,183673,1,Programa Calmecac,huitzilac-programa-calmecac,,"Poligonos Coordinados de Lenin 2026. Centro Poniente/Huitzilac, Monserrat Nava Moncada/Programa Calmecac/Clase de Dulces tipicos y tradicionales. Mazapan 2.jpeg"
FOTO-54DCB4223B,Clausura de taller de Herbolaria en 3 Marías. 05032026.jpeg,1B7xkJP8UtvGPwfETA-JRCssaToExTptY,https://drive.google.com/file/d/1B7xkJP8UtvGPwfETA-JRCssaToExTptY/view,MUNICIPIO,MOSTRAR_MUNICIPIO,Centro,Huitzilac,,Centro,Huitzilac,,0,Promotor,Monserrat Nava Moncada,,Lote por evento,/foto/FOTO-54DCB4223B,,10,SI,54dcb4223b584b67d6a89dbf4a2e7b9a8ca05b5e0f68ade81020d4ef8634aafd,202698,1,Programa Calmecac,huitzilac-programa-calmecac,2026-03-05,"Poligonos Coordinados de Lenin 2026. Centro Poniente/Huitzilac, Monserrat Nava Moncada/Programa Calmecac/Clausura de taller de Herbolaria en 3 Marías. 05032026.jpeg"
FOTO-60AF68338B,Clausura del taller de herbolaria. Huitzilac. 05032026.jpeg,1KLLl-yrr9BJ5JhAZNBYB59ge5AU_3P-L,https://drive.google.com/file/d/1KLLl-yrr9BJ5JhAZNBYB59ge5AU_3P-L/view,MUNICIPIO,MOSTRAR_MUNICIPIO,Centro,Huitzilac,,Centro,Huitzilac,,0,Promotor,Monserrat Nava Moncada,,Lote por evento,/foto/FOTO-60AF68338B,,10,SI,60af68338b813621e361243aad3993ddd7cd6f0b95fa5bccc7c076730ba604ad,188148,1,Programa Calmecac,huitzilac-programa-calmecac,2026-03-05,"Poligonos Coordinados de Lenin 2026. Centro Poniente/Huitzilac, Monserrat Nava Moncada/Programa Calmecac/Clausura del taller de herbolaria. Huitzilac. 05032026.jpeg"
FOTO-65C9E2307E,Clausura del taller de herbolaria. Municipio de Huitzilac. 05032026.jpeg,1NVdi-US1rPr0vNnHCZ4epG9le8wZpseJ,https://drive.google.com/file/d/1NVdi-US1rPr0vNnHCZ4epG9le8wZpseJ/view,MUNICIPIO,MOSTRAR_MUNICIPIO,Centro,Huitzilac,,Centro,Huitzilac,,0,Promotor,Monserrat Nava Moncada,,Lote por evento,/foto/FOTO-65C9E2307E,,10,SI,65c9e2307e71f6403dbf6dc68f943329f58e3f6184a4dc6a8694dcdf6af756f6,302565,1,Programa Calmecac,huitzilac-programa-calmecac,2026-03-05,"Poligonos Coordinados de Lenin 2026. Centro Poniente/Huitzilac, Monserrat Nava Moncada/Programa Calmecac/Clausura del taller de herbolaria. Municipio de Huitzilac. 05032026.jpeg"
FOTO-50B9B0EB48,"Curso de Herbolaria. CALMECAC, HUITZILAC 1..jpeg",1pXZY5eLKBAZdym2hCmD5-lIDfD25yMQY,https://drive.google.com/file/d/1pXZY5eLKBAZdym2hCmD5-lIDfD25yMQY/view,MUNICIPIO,MOSTRAR_MUNICIPIO,Centro,Huitzilac,,Centro,Huitzilac,,0,Promotor,Monserrat Nava Moncada,,Lote por evento,/foto/FOTO-50B9B0EB48,,10,SI,50b9b0eb489daf8233d6753ef558f630c4334d97679806400306801c071a356d,224856,1,Programa Calmecac,huitzilac-programa-calmecac,,"Poligonos Coordinados de Lenin 2026. Centro Poniente/Huitzilac, Monserrat Nava Moncada/Programa Calmecac/Curso de Herbolaria. CALMECAC, HUITZILAC 1..jpeg"
FOTO-519F582045,"Curso de Herbolaria. CALMECAC, HUITZILAC 2..jpeg",1WRxW6rNb6OJiR1dpjarIlQHlHhUhvsTM,https://drive.google.com/file/d/1WRxW6rNb6OJiR1dpjarIlQHlHhUhvsTM/view,MUNICIPIO,MOSTRAR_MUNICIPIO,Centro,Huitzilac,,Centro,Huitzilac,,0,Promotor,Monserrat Nava Moncada,,Lote por evento,/foto/FOTO-519F582045,,10,SI,519f582045ede7bfec6da548e94b2fb1a66d6d216bb3b6767f20e400b20a616d,221713,1,Programa Calmecac,huitzilac-programa-calmecac,,"Poligonos Coordinados de Lenin 2026. Centro Poniente/Huitzilac, Monserrat Nava Moncada/Programa Calmecac/Curso de Herbolaria. CALMECAC, HUITZILAC 2..jpeg"
FOTO-F323F6965F,Elaboración de dulces tipicos en Huitzilac 1. 05032026.jpeg,1XPgNh28ZRhe-x-qmR8K9TTLv6kzEa38M,https://drive.google.com/file/d/1XPgNh28ZRhe-x-qmR8K9TTLv6kzEa38M/view,MUNICIPIO,MOSTRAR_MUNICIPIO,Centro,Huitzilac,,Centro,Huitzilac,,0,Promotor,Monserrat Nava Moncada,,Lote por evento,/foto/FOTO-F323F6965F,,10,SI,f323f6965f8dfdad321f15e6235a616782f2d1d29af27cdb58ac7d9d79a1c31d,196278,1,Programa Calmecac,huitzilac-programa-calmecac,2026-03-05,"Poligonos Coordinados de Lenin 2026. Centro Poniente/Huitzilac, Monserrat Nava Moncada/Programa Calmecac/Elaboración de dulces tipicos en Huitzilac 1. 05032026.jpeg"
FOTO-5B021FD3A1,Elaboración de dulces tipicos en Huitzilac 2. 05032026.jpeg,1IxlpeY9rxKQ_Y8cV_lcBDE-3BfYk-VDX,https://drive.google.com/file/d/1IxlpeY9rxKQ_Y8cV_lcBDE-3BfYk-VDX/view,MUNICIPIO,MOSTRAR_MUNICIPIO,Centro,Huitzilac,,Centro,Huitzilac,,0,Promotor,Monserrat Nava Moncada,,Lote por evento,/foto/FOTO-5B021FD3A1,,10,SI,5b021fd3a1328ff9dc0fb12840ddcc4ff0156e9d7edda0825a9094d7b32eb44d,217815,1,Programa Calmecac,huitzilac-programa-calmecac,2026-03-05,"Poligonos Coordinados de Lenin 2026. Centro Poniente/Huitzilac, Monserrat Nava Moncada/Programa Calmecac/Elaboración de dulces tipicos en Huitzilac 2. 05032026.jpeg"
FOTO-779BDE040D,Elaboración de dulces tipicos en Huitzilac 3. 05032026.jpeg,1mRkSafXnmxstNOmYL7ilThhyTSNgGfbK,https://drive.google.com/file/d/1mRkSafXnmxstNOmYL7ilThhyTSNgGfbK/view,MUNICIPIO,MOSTRAR_MUNICIPIO,Centro,Huitzilac,,Centro,Huitzilac,,0,Promotor,Monserrat Nava Moncada,,Lote por evento,/foto/FOTO-779BDE040D,,10,SI,779bde040d52b0ac757bc1c1ed5e136fe980705cc3c81fc48183844aedaf1877,184087,1,Programa Calmecac,huitzilac-programa-calmecac,2026-03-05,"Poligonos Coordinados de Lenin 2026. Centro Poniente/Huitzilac, Monserrat Nava Moncada/Programa Calmecac/Elaboración de dulces tipicos en Huitzilac 3. 05032026.jpeg"
FOTO-E607795712,Elaboración de dulces tipicos en Huitzilac 4. 05032026.jpeg,1LT5YUSBZtspoq61IMXS1ed0u2LzVM_2F,https://drive.google.com/file/d/1LT5YUSBZtspoq61IMXS1ed0u2LzVM_2F/view,MUNICIPIO,MOSTRAR_MUNICIPIO,Centro,Huitzilac,,Centro,Huitzilac,,0,Promotor,Monserrat Nava Moncada,,Lote por evento,/foto/FOTO-E607795712,,10,SI,e60779571273d50915e0f7ad65e6e83c2ffcf0865a51ae5e94705138df121da0,187659,1,Programa Calmecac,huitzilac-programa-calmecac,2026-03-05,"Poligonos Coordinados de Lenin 2026. Centro Poniente/Huitzilac, Monserrat Nava Moncada/Programa Calmecac/Elaboración de dulces tipicos en Huitzilac 4. 05032026.jpeg"
FOTO-E384E0A80A,"Elaboración de dulces tipicos y tradicionales de CALMECAC, producción.jpeg",17m3n4lmpF24oEt52udh4TMnV77mef_rM,https://drive.google.com/file/d/17m3n4lmpF24oEt52udh4TMnV77mef_rM/view,MUNICIPIO,MOSTRAR_MUNICIPIO,Centro,Huitzilac,,Centro,Huitzilac,,0,Promotor,Monserrat Nava Moncada,,Lote por evento,/foto/FOTO-E384E0A80A,,10,SI,e384e0a80ae84b3b155f27012d814050ea1cf5e5cee17b868ff2d8f26c98fc09,140552,1,Programa Calmecac,huitzilac-programa-calmecac,,"Poligonos Coordinados de Lenin 2026. Centro Poniente/Huitzilac, Monserrat Nava Moncada/Programa Calmecac/Elaboración de dulces tipicos y tradicionales de CALMECAC, producción.jpeg"
FOTO-285D50BB4C,"Elaboración de Dulces tipicos y tradicionales, CALMECAC 1.jpeg",1eZLC7J9ozRvkYICXrggAMhI645Y5jRyQ,https://drive.google.com/file/d/1eZLC7J9ozRvkYICXrggAMhI645Y5jRyQ/view,MUNICIPIO,MOSTRAR_MUNICIPIO,Centro,Huitzilac,,Centro,Huitzilac,,0,Promotor,Monserrat Nava Moncada,,Lote por evento,/foto/FOTO-285D50BB4C,,10,SI,285d50bb4c9a86e67288524838b0b8a9a99d92d2f8c1f51cb247eb46346718f2,180551,1,Programa Calmecac,huitzilac-programa-calmecac,,"Poligonos Coordinados de Lenin 2026. Centro Poniente/Huitzilac, Monserrat Nava Moncada/Programa Calmecac/Elaboración de Dulces tipicos y tradicionales, CALMECAC 1.jpeg"
FOTO-23CD7A18CE,"Elaboración de Dulces tipicos y tradicionales, CALMECAC 2.jpeg",1E5lN99CPEU-cOshOVBscN3i1uiQGc5O8,https://drive.google.com/file/d/1E5lN99CPEU-cOshOVBscN3i1uiQGc5O8/view,MUNICIPIO,MOSTRAR_MUNICIPIO,Centro,Huitzilac,,Centro,Huitzilac,,0,Promotor,Monserrat Nava Moncada,,Lote por evento,/foto/FOTO-23CD7A18CE,,10,SI,23cd7a18ce82ac1c70fc98e943c43177a9af5dd76ba09737dcc972ae72f7aca6,183783,1,Programa Calmecac,huitzilac-programa-calmecac,,"Poligonos Coordinados de Lenin 2026. Centro Poniente/Huitzilac, Monserrat Nava Moncada/Programa Calmecac/Elaboración de Dulces tipicos y tradicionales, CALMECAC 2.jpeg"
FOTO-0A3923044F,"Elaboración de Dulces tipicos y tradicionales, CALMECAC 3.jpeg",1YWyStaMbCkLSQrNxe0v6gXPFzb9fiFqC,https://drive.google.com/file/d/1YWyStaMbCkLSQrNxe0v6gXPFzb9fiFqC/view,MUNICIPIO,MOSTRAR_MUNICIPIO,Centro,Huitzilac,,Centro,Huitzilac,,0,Promotor,Monserrat Nava Moncada,,Lote por evento,/foto/FOTO-0A3923044F,,10,SI,0a3923044f51383000e1be3fd5f437be1b2d7ba1d470e1a2da84e7d51b911ac1,118750,1,Programa Calmecac,huitzilac-programa-calmecac,,"Poligonos Coordinados de Lenin 2026. Centro Poniente/Huitzilac, Monserrat Nava Moncada/Programa Calmecac/Elaboración de Dulces tipicos y tradicionales, CALMECAC 3.jpeg"
FOTO-45E02DA14B,"Elaboración de Dulces tipicos y tradicionales, CALMECAC 4.jpeg",1J6NoNmWxQTYLhSrrpIG7dX4lMq-IoQC5,https://drive.google.com/file/d/1J6NoNmWxQTYLhSrrpIG7dX4lMq-IoQC5/view,MUNICIPIO,MOSTRAR_MUNICIPIO,Centro,Huitzilac,,Centro,Huitzilac,,0,Promotor,Monserrat Nava Moncada,,Lote por evento,/foto/FOTO-45E02DA14B,,10,SI,45e02da14b6ea3729dd0f2ef9781fc06d74270539a9c84cccbc07f6d7d833dda,124562,1,Programa Calmecac,huitzilac-programa-calmecac,,"Poligonos Coordinados de Lenin 2026. Centro Poniente/Huitzilac, Monserrat Nava Moncada/Programa Calmecac/Elaboración de Dulces tipicos y tradicionales, CALMECAC 4.jpeg"
FOTO-3A3CE9968B,"Elaboración de figuras para el traje de chinelo. Programa CALMECAC, en la comunidad Cristo Rey 1..jpeg",15EpjLZxAKrh6p75Cf19lR1ZWkoLnXzm0,https://drive.google.com/file/d/15EpjLZxAKrh6p75Cf19lR1ZWkoLnXzm0/view,MUNICIPIO,MOSTRAR_MUNICIPIO,Centro,Huitzilac,,Centro,Huitzilac,,0,Promotor,Monserrat Nava Moncada,,Lote por evento,/foto/FOTO-3A3CE9968B,,10,SI,3a3ce9968b70fdc07c8a21ff87c886952013fc61857bf0a02e17df252a0a7507,84650,1,Programa Calmecac,huitzilac-programa-calmecac,,"Poligonos Coordinados de Lenin 2026. Centro Poniente/Huitzilac, Monserrat Nava Moncada/Programa Calmecac/Elaboración de figuras para el traje de chinelo. Programa CALMECAC, en la comunidad Cristo Rey 1..jpeg"
FOTO-5D3ACA7E36,"Elaboración de figuras para el traje de chinelo. Programa CALMECAC, en la comunidad Cristo Rey 2.jpeg",1_pvXZr6DWElnOG1WXgPOSfgHzCL2rgaM,https://drive.google.com/file/d/1_pvXZr6DWElnOG1WXgPOSfgHzCL2rgaM/view,MUNICIPIO,MOSTRAR_MUNICIPIO,Centro,Huitzilac,,Centro,Huitzilac,,0,Promotor,Monserrat Nava Moncada,,Lote por evento,/foto/FOTO-5D3ACA7E36,,10,SI,5d3aca7e365eed1f8df4b16cb39c834f053f03d1b2b2ffcc78b2582e2bcc7708,67967,1,Programa Calmecac,huitzilac-programa-calmecac,,"Poligonos Coordinados de Lenin 2026. Centro Poniente/Huitzilac, Monserrat Nava Moncada/Programa Calmecac/Elaboración de figuras para el traje de chinelo. Programa CALMECAC, en la comunidad Cristo Rey 2.jpeg"
FOTO-BD0693BADF,"Elaboración de figuras para el traje de chinelo. Programa CALMECAC, en la comunidad Cristo Rey 3.jpeg",1xyBthJ08r7MU6eSofptwmAoIYFIHHsXk,https://drive.google.com/file/d/1xyBthJ08r7MU6eSofptwmAoIYFIHHsXk/view,MUNICIPIO,MOSTRAR_MUNICIPIO,Centro,Huitzilac,,Centro,Huitzilac,,0,Promotor,Monserrat Nava Moncada,,Lote por evento,/foto/FOTO-BD0693BADF,,10,SI,bd0693badf972d5e8d20a163e8107fd86a90aa44ba64f639ba397c51f35aadc0,75423,1,Programa Calmecac,huitzilac-programa-calmecac,,"Poligonos Coordinados de Lenin 2026. Centro Poniente/Huitzilac, Monserrat Nava Moncada/Programa Calmecac/Elaboración de figuras para el traje de chinelo. Programa CALMECAC, en la comunidad Cristo Rey 3.jpeg"
FOTO-95BF976D85,"Elaboración de figuras para el traje de chinelo. Programa CALMECAC, en la comunidad Cristo Rey 4.jpeg",1PRZOgCoXlBXOVspsbkqJ26aco9DOPHvI,https://drive.google.com/file/d/1PRZOgCoXlBXOVspsbkqJ26aco9DOPHvI/view,MUNICIPIO,MOSTRAR_MUNICIPIO,Centro,Huitzilac,,Centro,Huitzilac,,0,Promotor,Monserrat Nava Moncada,,Lote por evento,/foto/FOTO-95BF976D85,,10,SI,95bf976d85cc0d366a33b2c535a164a078662160dd6fa943e4ab19c8ed9121ad,54275,1,Programa Calmecac,huitzilac-programa-calmecac,,"Poligonos Coordinados de Lenin 2026. Centro Poniente/Huitzilac, Monserrat Nava Moncada/Programa Calmecac/Elaboración de figuras para el traje de chinelo. Programa CALMECAC, en la comunidad Cristo Rey 4.jpeg"
FOTO-9613377462,"Elaboración de figuras para el traje de chinelo. Programa CALMECAC, en la comunidad Cristo Rey 5.jpeg",1vLlPsfDTTw5doxYAUwD9KucJaaFUF9uz,https://drive.google.com/file/d/1vLlPsfDTTw5doxYAUwD9KucJaaFUF9uz/view,MUNICIPIO,MOSTRAR_MUNICIPIO,Centro,Huitzilac,,Centro,Huitzilac,,0,Promotor,Monserrat Nava Moncada,,Lote por evento,/foto/FOTO-9613377462,,10,SI,961337746290c20a1e0e73c1bc726c8de74fdd965d75d82207aab3c61ba483e8,59324,1,Programa Calmecac,huitzilac-programa-calmecac,,"Poligonos Coordinados de Lenin 2026. Centro Poniente/Huitzilac, Monserrat Nava Moncada/Programa Calmecac/Elaboración de figuras para el traje de chinelo. Programa CALMECAC, en la comunidad Cristo Rey 5.jpeg"
FOTO-4AF1DE8BEA,"Elaboración de figuras para el traje de chinelo. Programa CALMECAC, en la comunidad Cristo Rey 6.jpeg",1N8wNryYFp-aWMP1fu6NYk35cKyStRFyP,https://drive.google.com/file/d/1N8wNryYFp-aWMP1fu6NYk35cKyStRFyP/view,MUNICIPIO,MOSTRAR_MUNICIPIO,Centro,Huitzilac,,Centro,Huitzilac,,0,Promotor,Monserrat Nava Moncada,,Lote por evento,/foto/FOTO-4AF1DE8BEA,,10,SI,4af1de8beab4b3b23ae3ff3723006d09d325df79adbe018bf124e19e905e8cde,65546,1,Programa Calmecac,huitzilac-programa-calmecac,,"Poligonos Coordinados de Lenin 2026. Centro Poniente/Huitzilac, Monserrat Nava Moncada/Programa Calmecac/Elaboración de figuras para el traje de chinelo. Programa CALMECAC, en la comunidad Cristo Rey 6.jpeg"
FOTO-A6D2B8EE5A,"Elaboración de figuras para el traje de chinelo. Programa CALMECAC, en la comunidad Cristo Rey 7.jpeg",1BieagZA7We1NPpb832a1Jszn43cNyuXl,https://drive.google.com/file/d/1BieagZA7We1NPpb832a1Jszn43cNyuXl/view,MUNICIPIO,MOSTRAR_MUNICIPIO,Centro,Huitzilac,,Centro,Huitzilac,,0,Promotor,Monserrat Nava Moncada,,Lote por evento,/foto/FOTO-A6D2B8EE5A,,10,SI,a6d2b8ee5a7b2ddd58d609303b555f08fa92a52f140b2261989825a99f0ceeff,65322,1,Programa Calmecac,huitzilac-programa-calmecac,,"Poligonos Coordinados de Lenin 2026. Centro Poniente/Huitzilac, Monserrat Nava Moncada/Programa Calmecac/Elaboración de figuras para el traje de chinelo. Programa CALMECAC, en la comunidad Cristo Rey 7.jpeg"
FOTO-67F1036E4A,"Elaboración de figuras para el traje de chinelo. Programa CALMECAC, en la comunidad Cristo Rey 8.jpeg",1zaORlhgQpaU0O94WaQEOc5eugAet9HUc,https://drive.google.com/file/d/1zaORlhgQpaU0O94WaQEOc5eugAet9HUc/view,MUNICIPIO,MOSTRAR_MUNICIPIO,Centro,Huitzilac,,Centro,Huitzilac,,0,Promotor,Monserrat Nava Moncada,,Lote por evento,/foto/FOTO-67F1036E4A,,10,SI,67f1036e4ac1c641f314176a4ed9d60fdef3bb617539dae9a5c135d7093e360b,59886,1,Programa Calmecac,huitzilac-programa-calmecac,,"Poligonos Coordinados de Lenin 2026. Centro Poniente/Huitzilac, Monserrat Nava Moncada/Programa Calmecac/Elaboración de figuras para el traje de chinelo. Programa CALMECAC, en la comunidad Cristo Rey 8.jpeg"
FOTO-1228396E61,"Primera Clase de Herbolaria, Curso CALMECAC. Huitzilac 1.jpeg",1bM4IeOOqv9Bt26Nq-yjF3nTR7GjP6cO6,https://drive.google.com/file/d/1bM4IeOOqv9Bt26Nq-yjF3nTR7GjP6cO6/view,MUNICIPIO,MOSTRAR_MUNICIPIO,Centro,Huitzilac,,Centro,Huitzilac,,0,Promotor,Monserrat Nava Moncada,,Lote por evento,/foto/FOTO-1228396E61,,10,SI,1228396e618ba5ce8d3b2a9574f4da9cb34c0e770c3fa709d53e8bce1396f856,213660,1,Programa Calmecac,huitzilac-programa-calmecac,,"Poligonos Coordinados de Lenin 2026. Centro Poniente/Huitzilac, Monserrat Nava Moncada/Programa Calmecac/Primera Clase de Herbolaria, Curso CALMECAC. Huitzilac 1.jpeg"
FOTO-408CEFC717,"Primera Clase de Herbolaria, Curso CALMECAC. Huitzilac 2.jpeg",103962NqEqFE8CQBVwJznYb9yt7ltBedM,https://drive.google.com/file/d/103962NqEqFE8CQBVwJznYb9yt7ltBedM/view,MUNICIPIO,MOSTRAR_MUNICIPIO,Centro,Huitzilac,,Centro,Huitzilac,,0,Promotor,Monserrat Nava Moncada,,Lote por evento,/foto/FOTO-408CEFC717,,10,SI,408cefc717398efeb0075f7c8e784afa0f1676b0f0122b478a9cd5ddc23a45a6,227770,1,Programa Calmecac,huitzilac-programa-calmecac,,"Poligonos Coordinados de Lenin 2026. Centro Poniente/Huitzilac, Monserrat Nava Moncada/Programa Calmecac/Primera Clase de Herbolaria, Curso CALMECAC. Huitzilac 2.jpeg"
FOTO-FEF05255D1,"Primera Clase de Herbolaria, Curso CALMECAC. Huitzilac 3.jpeg",1-kiT7RGCrJ7rEOxYRXfGsC4i2t3viTNJ,https://drive.google.com/file/d/1-kiT7RGCrJ7rEOxYRXfGsC4i2t3viTNJ/view,MUNICIPIO,MOSTRAR_MUNICIPIO,Centro,Huitzilac,,Centro,Huitzilac,,0,Promotor,Monserrat Nava Moncada,,Lote por evento,/foto/FOTO-FEF05255D1,,10,SI,fef05255d19bd19855de10cceec1127b388062421761b3050d0af6494ce40473,225787,1,Programa Calmecac,huitzilac-programa-calmecac,,"Poligonos Coordinados de Lenin 2026. Centro Poniente/Huitzilac, Monserrat Nava Moncada/Programa Calmecac/Primera Clase de Herbolaria, Curso CALMECAC. Huitzilac 3.jpeg"
FOTO-5DC418EE80,"Primera Clase de Herbolaria, Curso CALMECAC. Huitzilac 4.jpeg",1WJHF_IjxnVgbkG91AzgPEt_NijDENnxQ,https://drive.google.com/file/d/1WJHF_IjxnVgbkG91AzgPEt_NijDENnxQ/view,MUNICIPIO,MOSTRAR_MUNICIPIO,Centro,Huitzilac,,Centro,Huitzilac,,0,Promotor,Monserrat Nava Moncada,,Lote por evento,/foto/FOTO-5DC418EE80,,10,SI,5dc418ee801aa4e34b27c6b03c04abce3a8536e6fdfb2f60143adcff04ac1ca5,220732,1,Programa Calmecac,huitzilac-programa-calmecac,,"Poligonos Coordinados de Lenin 2026. Centro Poniente/Huitzilac, Monserrat Nava Moncada/Programa Calmecac/Primera Clase de Herbolaria, Curso CALMECAC. Huitzilac 4.jpeg"
FOTO-F10A831B1F,"Primera Clase de Herbolaria, Curso CALMECAC. Huitzilac 5.jpeg",1D8i8UNpK91xr2GYVPnZCOU-6z2XA3_7u,https://drive.google.com/file/d/1D8i8UNpK91xr2GYVPnZCOU-6z2XA3_7u/view,MUNICIPIO,MOSTRAR_MUNICIPIO,Centro,Huitzilac,,Centro,Huitzilac,,0,Promotor,Monserrat Nava Moncada,,Lote por evento,/foto/FOTO-F10A831B1F,,10,SI,f10a831b1f73bdc21030a4c202d07d04ed01a63a6ad4bc11004b0abab7ca1f09,217882,1,Programa Calmecac,huitzilac-programa-calmecac,,"Poligonos Coordinados de Lenin 2026. Centro Poniente/Huitzilac, Monserrat Nava Moncada/Programa Calmecac/Primera Clase de Herbolaria, Curso CALMECAC. Huitzilac 5.jpeg"
FOTO-5B3F4F7278,"Primera Clase de Herbolaria, Curso CALMECAC. Huitzilac 6.jpeg",1OdIBUa5YZuEvZ6Dl1j17QCgkBW3TeH1Q,https://drive.google.com/file/d/1OdIBUa5YZuEvZ6Dl1j17QCgkBW3TeH1Q/view,MUNICIPIO,MOSTRAR_MUNICIPIO,Centro,Huitzilac,,Centro,Huitzilac,,0,Promotor,Monserrat Nava Moncada,,Lote por evento,/foto/FOTO-5B3F4F7278,,10,SI,5b3f4f7278c914c036eb7f5603a26c80d695ec0dd599d76189e4737e163dfad0,178419,1,Programa Calmecac,huitzilac-programa-calmecac,,"Poligonos Coordinados de Lenin 2026. Centro Poniente/Huitzilac, Monserrat Nava Moncada/Programa Calmecac/Primera Clase de Herbolaria, Curso CALMECAC. Huitzilac 6.jpeg"
FOTO-6A45C9DB2F,"Primera Clase de Herbolaria, Curso CALMECAC. Huitzilac 7.jpeg",10CtnNY6a4FTUtivoDw9yhoeOyeuN1z96,https://drive.google.com/file/d/10CtnNY6a4FTUtivoDw9yhoeOyeuN1z96/view,MUNICIPIO,MOSTRAR_MUNICIPIO,Centro,Huitzilac,,Centro,Huitzilac,,0,Promotor,Monserrat Nava Moncada,,Lote por evento,/foto/FOTO-6A45C9DB2F,,10,SI,6a45c9db2f40a9dff9d00bd204059304a0ff0b8d80b6485ac542f201d4176e03,219445,1,Programa Calmecac,huitzilac-programa-calmecac,,"Poligonos Coordinados de Lenin 2026. Centro Poniente/Huitzilac, Monserrat Nava Moncada/Programa Calmecac/Primera Clase de Herbolaria, Curso CALMECAC. Huitzilac 7.jpeg"
FOTO-7D66E9C08D,Primera clase del segundo grupo de CALMECAC para la elaboración de Dulces tipicos y tradicionales 1..jpeg,1gxS375I-L44mF0G1CWe_4UtuQ99JTBAq,https://drive.google.com/file/d/1gxS375I-L44mF0G1CWe_4UtuQ99JTBAq/view,MUNICIPIO,MOSTRAR_MUNICIPIO,Centro,Huitzilac,,Centro,Huitzilac,,0,Promotor,Monserrat Nava Moncada,,Lote por evento,/foto/FOTO-7D66E9C08D,,10,SI,7d66e9c08d9c051857438667d620922e26ceec4ff067c6973e7692335ea2b55b,187271,1,Programa Calmecac,huitzilac-programa-calmecac,,"Poligonos Coordinados de Lenin 2026. Centro Poniente/Huitzilac, Monserrat Nava Moncada/Programa Calmecac/Primera clase del segundo grupo de CALMECAC para la elaboración de Dulces tipicos y tradicionales 1..jpeg"
FOTO-521D9BD0A8,Primera clase del segundo grupo de CALMECAC para la elaboración de Dulces tipicos y tradicionales 2..jpeg,1BBzTEZwxvV-MNXQ-tRzpwPEqnwRhKrsm,https://drive.google.com/file/d/1BBzTEZwxvV-MNXQ-tRzpwPEqnwRhKrsm/view,MUNICIPIO,MOSTRAR_MUNICIPIO,Centro,Huitzilac,,Centro,Huitzilac,,0,Promotor,Monserrat Nava Moncada,,Lote por evento,/foto/FOTO-521D9BD0A8,,10,SI,521d9bd0a807bc884106c58a2b0cdbf7896dc9576710ed4cfa620c3fcd64b070,196629,1,Programa Calmecac,huitzilac-programa-calmecac,,"Poligonos Coordinados de Lenin 2026. Centro Poniente/Huitzilac, Monserrat Nava Moncada/Programa Calmecac/Primera clase del segundo grupo de CALMECAC para la elaboración de Dulces tipicos y tradicionales 2..jpeg"
FOTO-3E086D12FF,Primera clase del segundo grupo de CALMECAC para la elaboración de Dulces tipicos y tradicionales 3.jpeg,1Z79ETy9_HtVwZJqDFCGQ7bmq4A9VAneA,https://drive.google.com/file/d/1Z79ETy9_HtVwZJqDFCGQ7bmq4A9VAneA/view,MUNICIPIO,MOSTRAR_MUNICIPIO,Centro,Huitzilac,,Centro,Huitzilac,,0,Promotor,Monserrat Nava Moncada,,Lote por evento,/foto/FOTO-3E086D12FF,,10,SI,3e086d12ffb536e6cac4637767ed161f074819c80f67e21343f3f29818d5641d,200403,1,Programa Calmecac,huitzilac-programa-calmecac,,"Poligonos Coordinados de Lenin 2026. Centro Poniente/Huitzilac, Monserrat Nava Moncada/Programa Calmecac/Primera clase del segundo grupo de CALMECAC para la elaboración de Dulces tipicos y tradicionales 3.jpeg"
FOTO-3A362F794D,Primera clase del segundo grupo de CALMECAC para la elaboración de Dulces tipicos y tradicionales 4..jpeg,1J5Xwwl70jw-zre2D9nKZIdGs3o2iBcoZ,https://drive.google.com/file/d/1J5Xwwl70jw-zre2D9nKZIdGs3o2iBcoZ/view,MUNICIPIO,MOSTRAR_MUNICIPIO,Centro,Huitzilac,,Centro,Huitzilac,,0,Promotor,Monserrat Nava Moncada,,Lote por evento,/foto/FOTO-3A362F794D,,10,SI,3a362f794d657a4226db660d1bfb50a8f75dd82d91587c8d8dcfaac22ec5e6b2,195382,1,Programa Calmecac,huitzilac-programa-calmecac,,"Poligonos Coordinados de Lenin 2026. Centro Poniente/Huitzilac, Monserrat Nava Moncada/Programa Calmecac/Primera clase del segundo grupo de CALMECAC para la elaboración de Dulces tipicos y tradicionales 4..jpeg"
FOTO-2F3BB0F30E,"Primera clase del tercer grupo de Elaboración de Dulces tipicos y tradicionales. Proyectos CALMECAC, en Huitzilac 1.jpeg",1T7hbRaxFAopcrrtaMqJxSaxb4NK3gdlj,https://drive.google.com/file/d/1T7hbRaxFAopcrrtaMqJxSaxb4NK3gdlj/view,MUNICIPIO,MOSTRAR_MUNICIPIO,Centro,Huitzilac,,Centro,Huitzilac,,0,Promotor,Monserrat Nava Moncada,,Lote por evento,/foto/FOTO-2F3BB0F30E,,10,SI,2f3bb0f30e4d41d0b9e67a5b2884cc767ec15797944d80875963cf56595f8db3,236497,1,Programa Calmecac,huitzilac-programa-calmecac,,"Poligonos Coordinados de Lenin 2026. Centro Poniente/Huitzilac, Monserrat Nava Moncada/Programa Calmecac/Primera clase del tercer grupo de Elaboración de Dulces tipicos y tradicionales. Proyectos CALMECAC, en Huitzilac 1.jpeg"
FOTO-0C697D5D93,"Primera clase del tercer grupo de Elaboración de Dulces tipicos y tradicionales. Proyectos CALMECAC, en Huitzilac 2.jpeg",1kRfNG2w13JWwt3sPaeWF8ebYY_UlYqri,https://drive.google.com/file/d/1kRfNG2w13JWwt3sPaeWF8ebYY_UlYqri/view,MUNICIPIO,MOSTRAR_MUNICIPIO,Centro,Huitzilac,,Centro,Huitzilac,,0,Promotor,Monserrat Nava Moncada,,Lote por evento,/foto/FOTO-0C697D5D93,,10,SI,0c697d5d93e59f4fec06eb16f3a3fceaf746a5d6c9af4fa8dd3fdca267237e6d,299360,1,Programa Calmecac,huitzilac-programa-calmecac,,"Poligonos Coordinados de Lenin 2026. Centro Poniente/Huitzilac, Monserrat Nava Moncada/Programa Calmecac/Primera clase del tercer grupo de Elaboración de Dulces tipicos y tradicionales. Proyectos CALMECAC, en Huitzilac 2.jpeg"
FOTO-3366A10115,"Primera clase del tercer grupo de Elaboración de Dulces tipicos y tradicionales. Proyectos CALMECAC, en Huitzilac 3.jpeg",1tHPScAv4CRTUF0bwg7EHeZ9fw9CNRxH0,https://drive.google.com/file/d/1tHPScAv4CRTUF0bwg7EHeZ9fw9CNRxH0/view,MUNICIPIO,MOSTRAR_MUNICIPIO,Centro,Huitzilac,,Centro,Huitzilac,,0,Promotor,Monserrat Nava Moncada,,Lote por evento,/foto/FOTO-3366A10115,,10,SI,3366a10115bf1bc735678bdc8c1b6eaa4d21627976e2a6cdbf9f976d87c2f66e,266413,1,Programa Calmecac,huitzilac-programa-calmecac,,"Poligonos Coordinados de Lenin 2026. Centro Poniente/Huitzilac, Monserrat Nava Moncada/Programa Calmecac/Primera clase del tercer grupo de Elaboración de Dulces tipicos y tradicionales. Proyectos CALMECAC, en Huitzilac 3.jpeg"
FOTO-A00250BE55,"Primera clase del tercer grupo de Elaboración de Dulces tipicos y tradicionales. Proyectos CALMECAC, en Huitzilac 4.jpeg",1Mdwtwq_n6otAQ8DKnc8fFU-2p2yK4lTQ,https://drive.google.com/file/d/1Mdwtwq_n6otAQ8DKnc8fFU-2p2yK4lTQ/view,MUNICIPIO,MOSTRAR_MUNICIPIO,Centro,Huitzilac,,Centro,Huitzilac,,0,Promotor,Monserrat Nava Moncada,,Lote por evento,/foto/FOTO-A00250BE55,,10,SI,a00250be5556acbcc112d0e93068de9d9d3aa381700a9c074938d7b665f094e7,298296,1,Programa Calmecac,huitzilac-programa-calmecac,,"Poligonos Coordinados de Lenin 2026. Centro Poniente/Huitzilac, Monserrat Nava Moncada/Programa Calmecac/Primera clase del tercer grupo de Elaboración de Dulces tipicos y tradicionales. Proyectos CALMECAC, en Huitzilac 4.jpeg"
FOTO-95999D5DE7,"Primera clase del tercer grupo de Elaboración de Dulces tipicos y tradicionales. Proyectos CALMECAC, en Huitzilac 5.jpeg",1gGFq2tyYuciMqU61szUHtEco_j86M03V,https://drive.google.com/file/d/1gGFq2tyYuciMqU61szUHtEco_j86M03V/view,MUNICIPIO,MOSTRAR_MUNICIPIO,Centro,Huitzilac,,Centro,Huitzilac,,0,Promotor,Monserrat Nava Moncada,,Lote por evento,/foto/FOTO-95999D5DE7,,10,SI,95999d5de72bd8f711e309bd3b9acb9c582b1c6e68fe9b972dbb2968b8cd1ec4,219187,1,Programa Calmecac,huitzilac-programa-calmecac,,"Poligonos Coordinados de Lenin 2026. Centro Poniente/Huitzilac, Monserrat Nava Moncada/Programa Calmecac/Primera clase del tercer grupo de Elaboración de Dulces tipicos y tradicionales. Proyectos CALMECAC, en Huitzilac 5.jpeg"
FOTO-33E7BE92C9,Recolección de Ocoxal para taller en Huitzilac 2.  01032026.jpeg,105iyTUMKSp1Vg68FaM0ecoSVtBW1fTXO,https://drive.google.com/file/d/105iyTUMKSp1Vg68FaM0ecoSVtBW1fTXO/view,MUNICIPIO,MOSTRAR_MUNICIPIO,Centro,Huitzilac,,Centro,Huitzilac,,0,Promotor,Monserrat Nava Moncada,,Lote por evento,/foto/FOTO-33E7BE92C9,,10,SI,33e7be92c9e487197e4793290e520f1042e99cdf2d6680e9d166d1b38a2eda01,138978,1,Programa Calmecac,huitzilac-programa-calmecac,2026-03-01,"Poligonos Coordinados de Lenin 2026. Centro Poniente/Huitzilac, Monserrat Nava Moncada/Programa Calmecac/Recolección de Ocoxal para taller en Huitzilac 2.  01032026.jpeg"
FOTO-2626057532,Recolección de Ocoxal para taller en Huitzilac 3. 01032026.jpeg,109AScU7tM5NdUMRmoTH-xpQJvMa9pV-N,https://drive.google.com/file/d/109AScU7tM5NdUMRmoTH-xpQJvMa9pV-N/view,MUNICIPIO,MOSTRAR_MUNICIPIO,Centro,Huitzilac,,Centro,Huitzilac,,0,Promotor,Monserrat Nava Moncada,,Lote por evento,/foto/FOTO-2626057532,,10,SI,2626057532040c6c26462cf72da0fd94833681e0a926ef9891bc3eb70273fb48,182847,1,Programa Calmecac,huitzilac-programa-calmecac,2026-03-01,"Poligonos Coordinados de Lenin 2026. Centro Poniente/Huitzilac, Monserrat Nava Moncada/Programa Calmecac/Recolección de Ocoxal para taller en Huitzilac 3. 01032026.jpeg"
FOTO-7501048DF4,Recolección de Ocoxal para taller en Huitzilac 4. 01032026.jpeg,1QKlDMS4ZGa2oZ48tCORD61nMFGTF07Qw,https://drive.google.com/file/d/1QKlDMS4ZGa2oZ48tCORD61nMFGTF07Qw/view,MUNICIPIO,MOSTRAR_MUNICIPIO,Centro,Huitzilac,,Centro,Huitzilac,,0,Promotor,Monserrat Nava Moncada,,Lote por evento,/foto/FOTO-7501048DF4,,10,SI,7501048df4839a349ec7fcd1688751c5c9a3e18f3b567a949d23cc4f554eda86,354527,1,Programa Calmecac,huitzilac-programa-calmecac,2026-03-01,"Poligonos Coordinados de Lenin 2026. Centro Poniente/Huitzilac, Monserrat Nava Moncada/Programa Calmecac/Recolección de Ocoxal para taller en Huitzilac 4. 01032026.jpeg"
FOTO-E3F755AEC2,Recolección de Ocoxal para taller en Huitzilac. 01032026.jpeg,1qOeFjHlVQybWd4Ybft-DqjHoFXXlZXjw,https://drive.google.com/file/d/1qOeFjHlVQybWd4Ybft-DqjHoFXXlZXjw/view,MUNICIPIO,MOSTRAR_MUNICIPIO,Centro,Huitzilac,,Centro,Huitzilac,,0,Promotor,Monserrat Nava Moncada,,Lote por evento,/foto/FOTO-E3F755AEC2,,10,SI,e3f755aec29e52a31fc2ebeffea28640d91a88583bca6db2f83a71a8a549b5ce,219605,1,Programa Calmecac,huitzilac-programa-calmecac,2026-03-01,"Poligonos Coordinados de Lenin 2026. Centro Poniente/Huitzilac, Monserrat Nava Moncada/Programa Calmecac/Recolección de Ocoxal para taller en Huitzilac. 01032026.jpeg"
FOTO-68B7F22B49,"Taller Cultural de creación en Barro, Cristo Rey, Huitzilac 2026-08-27.jpeg",1dA_Boo7ol49A8MPjRZYZaVx72lORFPne,https://drive.google.com/file/d/1dA_Boo7ol49A8MPjRZYZaVx72lORFPne/view,MUNICIPIO,MOSTRAR_MUNICIPIO,Centro,Huitzilac,,Centro,Huitzilac,,0,Promotor,Monserrat Nava Moncada,,Lote por evento,/foto/FOTO-68B7F22B49,,10,SI,68b7f22b494e5d81c32074e534bb40ddd01dab3e992245812c32ec68ec9bf8aa,102361,1,Programa Calmecac,huitzilac-programa-calmecac,2026-08-27,"Poligonos Coordinados de Lenin 2026. Centro Poniente/Huitzilac, Monserrat Nava Moncada/Programa Calmecac/Taller Cultural de creación en Barro, Cristo Rey, Huitzilac 2026-08-27.jpeg"
FOTO-4EC8CC7D14,"Taller de Cartonería, CALMECAC 1.jpeg",1ucsRqdrxrHhiz18W5e1DxFAuY12Tm9Qm,https://drive.google.com/file/d/1ucsRqdrxrHhiz18W5e1DxFAuY12Tm9Qm/view,MUNICIPIO,MOSTRAR_MUNICIPIO,Centro,Huitzilac,,Centro,Huitzilac,,0,Promotor,Monserrat Nava Moncada,,Lote por evento,/foto/FOTO-4EC8CC7D14,,10,SI,4ec8cc7d14cd1cbc7113ab3ab8f2f0da050657a6bc400550c392d02c5c544752,164908,1,Programa Calmecac,huitzilac-programa-calmecac,,"Poligonos Coordinados de Lenin 2026. Centro Poniente/Huitzilac, Monserrat Nava Moncada/Programa Calmecac/Taller de Cartonería, CALMECAC 1.jpeg"
FOTO-6CEE09C7FB,"Taller de Cartonería, CALMECAC 2.jpeg",1YnXhl_ydDWFwTtfdHkH-Ds9al08CxWvm,https://drive.google.com/file/d/1YnXhl_ydDWFwTtfdHkH-Ds9al08CxWvm/view,MUNICIPIO,MOSTRAR_MUNICIPIO,Centro,Huitzilac,,Centro,Huitzilac,,0,Promotor,Monserrat Nava Moncada,,Lote por evento,/foto/FOTO-6CEE09C7FB,,10,SI,6cee09c7fb70466c27b725077f3e51e892201a434ba11f92b9300c3cb3c80df2,92823,1,Programa Calmecac,huitzilac-programa-calmecac,,"Poligonos Coordinados de Lenin 2026. Centro Poniente/Huitzilac, Monserrat Nava Moncada/Programa Calmecac/Taller de Cartonería, CALMECAC 2.jpeg"
FOTO-B20C29E785,"Taller de Cartonería, CALMECAC 3.jpeg",1zjftiNR0idiK57w3yJNh9K7g1cH5lQet,https://drive.google.com/file/d/1zjftiNR0idiK57w3yJNh9K7g1cH5lQet/view,MUNICIPIO,MOSTRAR_MUNICIPIO,Centro,Huitzilac,,Centro,Huitzilac,,0,Promotor,Monserrat Nava Moncada,,Lote por evento,/foto/FOTO-B20C29E785,,10,SI,b20c29e785647c444bafff4dc7f0eed3d3173538615e89b29d2a8d6caf89bbc5,120778,1,Programa Calmecac,huitzilac-programa-calmecac,,"Poligonos Coordinados de Lenin 2026. Centro Poniente/Huitzilac, Monserrat Nava Moncada/Programa Calmecac/Taller de Cartonería, CALMECAC 3.jpeg"
FOTO-B8929EA9DD,"Taller de Dulces tipicos tradicionales 1, 22012026.jpeg",1A01iyD6iuJcliJ6Wa2amLGO8TSWWg2O3,https://drive.google.com/file/d/1A01iyD6iuJcliJ6Wa2amLGO8TSWWg2O3/view,MUNICIPIO,MOSTRAR_MUNICIPIO,Centro,Huitzilac,,Centro,Huitzilac,,0,Promotor,Monserrat Nava Moncada,,Lote por evento,/foto/FOTO-B8929EA9DD,,10,SI,b8929ea9dd1feaf1dff84ef8817fa337ff386cd7c18a9f802a9eac546677f7b2,156512,1,Programa Calmecac,huitzilac-programa-calmecac,2026-01-22,"Poligonos Coordinados de Lenin 2026. Centro Poniente/Huitzilac, Monserrat Nava Moncada/Programa Calmecac/Taller de Dulces tipicos tradicionales 1, 22012026.jpeg"
FOTO-A0F56FE7B8,"Taller de Dulces tipicos tradicionales 2, 22012026.jpeg",1ICcfEvrVPsgU71SrZOxMD4cECEG2W9b0,https://drive.google.com/file/d/1ICcfEvrVPsgU71SrZOxMD4cECEG2W9b0/view,MUNICIPIO,MOSTRAR_MUNICIPIO,Centro,Huitzilac,,Centro,Huitzilac,,0,Promotor,Monserrat Nava Moncada,,Lote por evento,/foto/FOTO-A0F56FE7B8,,10,SI,a0f56fe7b8b43eb05411745102becc75148bc97056de32e6db1554c586a3ed8f,176813,1,Programa Calmecac,huitzilac-programa-calmecac,2026-01-22,"Poligonos Coordinados de Lenin 2026. Centro Poniente/Huitzilac, Monserrat Nava Moncada/Programa Calmecac/Taller de Dulces tipicos tradicionales 2, 22012026.jpeg"
FOTO-18A3095FCF,"Taller de Dulces tipicos tradicionales 3, 22012026.jpeg",1ADK1LsifByyfjqj6Yl94Amv8QF3ONwjF,https://drive.google.com/file/d/1ADK1LsifByyfjqj6Yl94Amv8QF3ONwjF/view,MUNICIPIO,MOSTRAR_MUNICIPIO,Centro,Huitzilac,,Centro,Huitzilac,,0,Promotor,Monserrat Nava Moncada,,Lote por evento,/foto/FOTO-18A3095FCF,,10,SI,18a3095fcfc43207e0fa1f63015f518a6c38592805a4212fb4a7fbc6f08cda12,153755,1,Programa Calmecac,huitzilac-programa-calmecac,2026-01-22,"Poligonos Coordinados de Lenin 2026. Centro Poniente/Huitzilac, Monserrat Nava Moncada/Programa Calmecac/Taller de Dulces tipicos tradicionales 3, 22012026.jpeg"
FOTO-4B5A78151E,"Taller de Dulces tipicos tradicionales 4, 22012026.jpeg",1Dh0Fv6-g5RJQhtI7adtwbBoSg9LxDGsX,https://drive.google.com/file/d/1Dh0Fv6-g5RJQhtI7adtwbBoSg9LxDGsX/view,MUNICIPIO,MOSTRAR_MUNICIPIO,Centro,Huitzilac,,Centro,Huitzilac,,0,Promotor,Monserrat Nava Moncada,,Lote por evento,/foto/FOTO-4B5A78151E,,10,SI,4b5a78151e25fe21755e6ed96aa021beca3e67c42546cb96e64ed87d15deff97,245350,1,Programa Calmecac,huitzilac-programa-calmecac,2026-01-22,"Poligonos Coordinados de Lenin 2026. Centro Poniente/Huitzilac, Monserrat Nava Moncada/Programa Calmecac/Taller de Dulces tipicos tradicionales 4, 22012026.jpeg"
FOTO-733260A0B5,Taller de Dulces tipicos y tradicionales. Elaboración de Obleas 7.jpeg,1vROPm7ohP_C3K-HlRlo1mOrDk3hWPrBv,https://drive.google.com/file/d/1vROPm7ohP_C3K-HlRlo1mOrDk3hWPrBv/view,MUNICIPIO,MOSTRAR_MUNICIPIO,Centro,Huitzilac,,Centro,Huitzilac,,0,Promotor,Monserrat Nava Moncada,,Lote por evento,/foto/FOTO-733260A0B5,,10,SI,733260a0b55e4edb4fc959c14791123cab1d04aac912aec14c5d989ebd70ebf1,155851,1,Programa Calmecac,huitzilac-programa-calmecac,,"Poligonos Coordinados de Lenin 2026. Centro Poniente/Huitzilac, Monserrat Nava Moncada/Programa Calmecac/Taller de Dulces tipicos y tradicionales. Elaboración de Obleas 7.jpeg"
FOTO-878EE6ACAF,Taller de Elbaroación de Figuras para trajes de Chinelo 1. 26012026.jpeg,1c949nmdXd--munYnlRrVAsiV1phAJhWl,https://drive.google.com/file/d/1c949nmdXd--munYnlRrVAsiV1phAJhWl/view,MUNICIPIO,MOSTRAR_MUNICIPIO,Centro,Huitzilac,,Centro,Huitzilac,,0,Promotor,Monserrat Nava Moncada,,Lote por evento,/foto/FOTO-878EE6ACAF,,10,SI,878ee6acafa1fbf44079b6177ef09b6e19d760106ba5feeee97657a4443a45c6,190875,1,Programa Calmecac,huitzilac-programa-calmecac,2026-01-26,"Poligonos Coordinados de Lenin 2026. Centro Poniente/Huitzilac, Monserrat Nava Moncada/Programa Calmecac/Taller de Elbaroación de Figuras para trajes de Chinelo 1. 26012026.jpeg"
FOTO-C9F1C4392F,Taller de Elbaroación de Figuras para trajes de Chinelo 2. 26012026.jpeg,1BAro_ww6EYHd-bgaG21NvAe47VVUY0fG,https://drive.google.com/file/d/1BAro_ww6EYHd-bgaG21NvAe47VVUY0fG/view,MUNICIPIO,MOSTRAR_MUNICIPIO,Centro,Huitzilac,,Centro,Huitzilac,,0,Promotor,Monserrat Nava Moncada,,Lote por evento,/foto/FOTO-C9F1C4392F,,10,SI,c9f1c4392fa0c273a9ef40b7b7f810c50bc9ee6e76292f01922cb4b9412f8da1,156579,1,Programa Calmecac,huitzilac-programa-calmecac,2026-01-26,"Poligonos Coordinados de Lenin 2026. Centro Poniente/Huitzilac, Monserrat Nava Moncada/Programa Calmecac/Taller de Elbaroación de Figuras para trajes de Chinelo 2. 26012026.jpeg"
FOTO-6DF834958A,Taller de Elbaroación de Figuras para trajes de Chinelo 3. 26012026.jpeg,1QVcjst1BqCTSAKQlrmVZ0oWQczh7jcZc,https://drive.google.com/file/d/1QVcjst1BqCTSAKQlrmVZ0oWQczh7jcZc/view,MUNICIPIO,MOSTRAR_MUNICIPIO,Centro,Huitzilac,,Centro,Huitzilac,,0,Promotor,Monserrat Nava Moncada,,Lote por evento,/foto/FOTO-6DF834958A,,10,SI,6df834958aeeba151e9f91630de8c672d359f2791c6b508f2d1fbea184446d94,144908,1,Programa Calmecac,huitzilac-programa-calmecac,2026-01-26,"Poligonos Coordinados de Lenin 2026. Centro Poniente/Huitzilac, Monserrat Nava Moncada/Programa Calmecac/Taller de Elbaroación de Figuras para trajes de Chinelo 3. 26012026.jpeg"
FOTO-A01D51D671,Taller de Elbaroación de Figuras para trajes de Chinelo 4. 26012026.jpeg,1jIIGiJFYOamY0yuiKa7qq9IXwLtZnx9T,https://drive.google.com/file/d/1jIIGiJFYOamY0yuiKa7qq9IXwLtZnx9T/view,MUNICIPIO,MOSTRAR_MUNICIPIO,Centro,Huitzilac,,Centro,Huitzilac,,0,Promotor,Monserrat Nava Moncada,,Lote por evento,/foto/FOTO-A01D51D671,,10,SI,a01d51d6710b30c8278c93989bc1bc0d64eb4b26ddb5093b01ae03a1d105a816,206213,1,Programa Calmecac,huitzilac-programa-calmecac,2026-01-26,"Poligonos Coordinados de Lenin 2026. Centro Poniente/Huitzilac, Monserrat Nava Moncada/Programa Calmecac/Taller de Elbaroación de Figuras para trajes de Chinelo 4. 26012026.jpeg"
FOTO-90CA63711B,Taller de Elbaroación de Figuras para trajes de Chinelo 5. 26012026.jpeg,1EuVYOTXwNJun4dCOe5rpjFRZPjIgQbQ9,https://drive.google.com/file/d/1EuVYOTXwNJun4dCOe5rpjFRZPjIgQbQ9/view,MUNICIPIO,MOSTRAR_MUNICIPIO,Centro,Huitzilac,,Centro,Huitzilac,,0,Promotor,Monserrat Nava Moncada,,Lote por evento,/foto/FOTO-90CA63711B,,10,SI,90ca63711b3b147aff3c37dcf097e6a616a65d09acf8b5707a15c3cd36d5e084,186344,1,Programa Calmecac,huitzilac-programa-calmecac,2026-01-26,"Poligonos Coordinados de Lenin 2026. Centro Poniente/Huitzilac, Monserrat Nava Moncada/Programa Calmecac/Taller de Elbaroación de Figuras para trajes de Chinelo 5. 26012026.jpeg"
FOTO-76AA6DC0BC,Taller de Herbolaría CALMECAC 1. 22012026.jpeg,17EPgeCjo-uXwbeJ3ScIOnGgQSVSrH4uV,https://drive.google.com/file/d/17EPgeCjo-uXwbeJ3ScIOnGgQSVSrH4uV/view,MUNICIPIO,MOSTRAR_MUNICIPIO,Centro,Huitzilac,,Centro,Huitzilac,,0,Promotor,Monserrat Nava Moncada,,Lote por evento,/foto/FOTO-76AA6DC0BC,,10,SI,76aa6dc0bcf205814c3a508dab97151127b941993373343b5e6969b476eda837,175440,1,Programa Calmecac,huitzilac-programa-calmecac,2026-01-22,"Poligonos Coordinados de Lenin 2026. Centro Poniente/Huitzilac, Monserrat Nava Moncada/Programa Calmecac/Taller de Herbolaría CALMECAC 1. 22012026.jpeg"
FOTO-B5650AAC26,Taller de Herbolaría CALMECAC 2. 22012026.jpeg,19JZhE19v6xHjlTrkif0dgr-EChbguq9v,https://drive.google.com/file/d/19JZhE19v6xHjlTrkif0dgr-EChbguq9v/view,MUNICIPIO,MOSTRAR_MUNICIPIO,Centro,Huitzilac,,Centro,Huitzilac,,0,Promotor,Monserrat Nava Moncada,,Lote por evento,/foto/FOTO-B5650AAC26,,10,SI,b5650aac26692782715d576b696d22099e0bc632e807ca5d48bd8923de5a65d8,200949,1,Programa Calmecac,huitzilac-programa-calmecac,2026-01-22,"Poligonos Coordinados de Lenin 2026. Centro Poniente/Huitzilac, Monserrat Nava Moncada/Programa Calmecac/Taller de Herbolaría CALMECAC 2. 22012026.jpeg"
FOTO-4BFA495E1A,"Taller P. Calmecac, elaboración de figuras para chinelo Huitzilac 2. 02032026.jpeg",1tzHZSxx3kvj-lf-4442rqVZp2aboApUg,https://drive.google.com/file/d/1tzHZSxx3kvj-lf-4442rqVZp2aboApUg/view,MUNICIPIO,MOSTRAR_MUNICIPIO,Centro,Huitzilac,,Centro,Huitzilac,,0,Promotor,Monserrat Nava Moncada,,Lote por evento,/foto/FOTO-4BFA495E1A,,10,SI,4bfa495e1ac24d1119e3410b18ceb383b8a8607b03e3eecde55cf75db39d221d,101199,1,Programa Calmecac,huitzilac-programa-calmecac,2026-03-02,"Poligonos Coordinados de Lenin 2026. Centro Poniente/Huitzilac, Monserrat Nava Moncada/Programa Calmecac/Taller P. Calmecac, elaboración de figuras para chinelo Huitzilac 2. 02032026.jpeg"
FOTO-73899CF7FE,"Taller P. Calmecac, elaboración de figuras para chinelo Huitzilac 3. 02032026.jpeg",1Unz4KadZDLMMuzjxR16YM7kYkzryVdbV,https://drive.google.com/file/d/1Unz4KadZDLMMuzjxR16YM7kYkzryVdbV/view,MUNICIPIO,MOSTRAR_MUNICIPIO,Centro,Huitzilac,,Centro,Huitzilac,,0,Promotor,Monserrat Nava Moncada,,Lote por evento,/foto/FOTO-73899CF7FE,,10,SI,73899cf7fe6bca87735aaacc5d8a5b3d2f4a279bc1670c55950495f9d9879fac,94810,1,Programa Calmecac,huitzilac-programa-calmecac,2026-03-02,"Poligonos Coordinados de Lenin 2026. Centro Poniente/Huitzilac, Monserrat Nava Moncada/Programa Calmecac/Taller P. Calmecac, elaboración de figuras para chinelo Huitzilac 3. 02032026.jpeg"
FOTO-BF2B9ADC6F,"Taller P. Calmecac, elaboración de figuras para chinelo Huitzilac 4. 02032026.jpeg",1eYpbfmThUq0lEsJjoh-mmQKPAzb0pm9O,https://drive.google.com/file/d/1eYpbfmThUq0lEsJjoh-mmQKPAzb0pm9O/view,MUNICIPIO,MOSTRAR_MUNICIPIO,Centro,Huitzilac,,Centro,Huitzilac,,0,Promotor,Monserrat Nava Moncada,,Lote por evento,/foto/FOTO-BF2B9ADC6F,,10,SI,bf2b9adc6fbff6720a8cca5e54bf966c5f93c4c46fd8d70acf4aa5eba908d934,114393,1,Programa Calmecac,huitzilac-programa-calmecac,2026-03-02,"Poligonos Coordinados de Lenin 2026. Centro Poniente/Huitzilac, Monserrat Nava Moncada/Programa Calmecac/Taller P. Calmecac, elaboración de figuras para chinelo Huitzilac 4. 02032026.jpeg"
FOTO-CC9865EB82,"Taller P. Calmecac, elaboración de figuras para chinelo Huitzilac 5. 02032026.jpeg",1SDFxZFyIxlKE23jphrTTaoducEpPcce3,https://drive.google.com/file/d/1SDFxZFyIxlKE23jphrTTaoducEpPcce3/view,MUNICIPIO,MOSTRAR_MUNICIPIO,Centro,Huitzilac,,Centro,Huitzilac,,0,Promotor,Monserrat Nava Moncada,,Lote por evento,/foto/FOTO-CC9865EB82,,10,SI,cc9865eb821167532dca57e3f085b8f13de726d10e29ca2ff5a8ce224a1224ec,132629,1,Programa Calmecac,huitzilac-programa-calmecac,2026-03-02,"Poligonos Coordinados de Lenin 2026. Centro Poniente/Huitzilac, Monserrat Nava Moncada/Programa Calmecac/Taller P. Calmecac, elaboración de figuras para chinelo Huitzilac 5. 02032026.jpeg"
FOTO-44B782B8A8,"Taller P. Calmecac, elaboración de figuras para chinelo Huitzilac 6. 02032026.jpeg",18svZAxfOqXZEUrB9_eKgafMte0w1_02T,https://drive.google.com/file/d/18svZAxfOqXZEUrB9_eKgafMte0w1_02T/view,MUNICIPIO,MOSTRAR_MUNICIPIO,Centro,Huitzilac,,Centro,Huitzilac,,0,Promotor,Monserrat Nava Moncada,,Lote por evento,/foto/FOTO-44B782B8A8,,10,SI,44b782b8a87117aa0bc6d929d53364f8c4186e3b592c35ed3166cd1da124d973,182800,1,Programa Calmecac,huitzilac-programa-calmecac,2026-03-02,"Poligonos Coordinados de Lenin 2026. Centro Poniente/Huitzilac, Monserrat Nava Moncada/Programa Calmecac/Taller P. Calmecac, elaboración de figuras para chinelo Huitzilac 6. 02032026.jpeg"
FOTO-588243D99C,"Taller P. Calmecac, elaboración de figuras para chinelo Huitzilac 7. 02032026.jpeg",1H7maDns1seKTvKqt-M_IHbthp1ogs7lG,https://drive.google.com/file/d/1H7maDns1seKTvKqt-M_IHbthp1ogs7lG/view,MUNICIPIO,MOSTRAR_MUNICIPIO,Centro,Huitzilac,,Centro,Huitzilac,,0,Promotor,Monserrat Nava Moncada,,Lote por evento,/foto/FOTO-588243D99C,,10,SI,588243d99cc97c939e9da6b4c507e38cbd1cdccfe62c88c40d41e3273ee22514,188653,1,Programa Calmecac,huitzilac-programa-calmecac,2026-03-02,"Poligonos Coordinados de Lenin 2026. Centro Poniente/Huitzilac, Monserrat Nava Moncada/Programa Calmecac/Taller P. Calmecac, elaboración de figuras para chinelo Huitzilac 7. 02032026.jpeg"
FOTO-8BBE8C5C4F,"Taller P. Calmecac, elaboración de figuras para chinelo Huitzilac. 02032026.jpeg",1-DM5lCiWthOMlaJWlJB05wLh_6-Y5y_k,https://drive.google.com/file/d/1-DM5lCiWthOMlaJWlJB05wLh_6-Y5y_k/view,MUNICIPIO,MOSTRAR_MUNICIPIO,Centro,Huitzilac,,Centro,Huitzilac,,0,Promotor,Monserrat Nava Moncada,,Lote por evento,/foto/FOTO-8BBE8C5C4F,,10,SI,8bbe8c5c4fdab2aed41bffc6eeb2ffc8374de52d05bd34aa150d186a6f85099c,111282,1,Programa Calmecac,huitzilac-programa-calmecac,2026-03-02,"Poligonos Coordinados de Lenin 2026. Centro Poniente/Huitzilac, Monserrat Nava Moncada/Programa Calmecac/Taller P. Calmecac, elaboración de figuras para chinelo Huitzilac. 02032026.jpeg"
FOTO-58D0C70175,WhatsApp Image 2026-01-28 at 4.49.13 PM (1).jpeg,16sR-7lDYHxY3WDRn6uKZIQC0AB8a2MDI,https://drive.google.com/file/d/16sR-7lDYHxY3WDRn6uKZIQC0AB8a2MDI/view,MUNICIPIO,MOSTRAR_MUNICIPIO,Centro,Huitzilac,,Centro,Huitzilac,,0,Promotor,Monserrat Nava Moncada,,Lote por evento,/foto/FOTO-58D0C70175,,10,SI,58d0c70175efb4eeddf8a0709203ab8d9a6e509581ca726c3a7c02c4c11f09be,198019,1,Programa Calmecac,huitzilac-programa-calmecac,2026-01-28,"Poligonos Coordinados de Lenin 2026. Centro Poniente/Huitzilac, Monserrat Nava Moncada/Programa Calmecac/WhatsApp Image 2026-01-28 at 4.49.13 PM (1).jpeg"
FOTO-5EAF0BA611,WhatsApp Image 2026-01-28 at 4.49.13 PM (2).jpeg,1HPPMVXU8ejt-h7Nn-H5mQ2gY0wMQpC9-,https://drive.google.com/file/d/1HPPMVXU8ejt-h7Nn-H5mQ2gY0wMQpC9-/view,MUNICIPIO,MOSTRAR_MUNICIPIO,Centro,Huitzilac,,Centro,Huitzilac,,0,Promotor,Monserrat Nava Moncada,,Lote por evento,/foto/FOTO-5EAF0BA611,,10,SI,5eaf0ba6114a596e8cf9bb018dbda498c17e6decf3279a23514d8a172ad40ca0,223509,1,Programa Calmecac,huitzilac-programa-calmecac,2026-01-28,"Poligonos Coordinados de Lenin 2026. Centro Poniente/Huitzilac, Monserrat Nava Moncada/Programa Calmecac/WhatsApp Image 2026-01-28 at 4.49.13 PM (2).jpeg"
FOTO-1D8D6D4134,WhatsApp Image 2026-01-28 at 4.49.13 PM (3).jpeg,1caOzSg3vzOgvXFSIdxhbPsbShcs7YpnL,https://drive.google.com/file/d/1caOzSg3vzOgvXFSIdxhbPsbShcs7YpnL/view,MUNICIPIO,MOSTRAR_MUNICIPIO,Centro,Huitzilac,,Centro,Huitzilac,,0,Promotor,Monserrat Nava Moncada,,Lote por evento,/foto/FOTO-1D8D6D4134,,10,SI,1d8d6d4134f7754c35cefe37a9866e43cc5e73d7c19a0c30d5926f777e013b77,192763,1,Programa Calmecac,huitzilac-programa-calmecac,2026-01-28,"Poligonos Coordinados de Lenin 2026. Centro Poniente/Huitzilac, Monserrat Nava Moncada/Programa Calmecac/WhatsApp Image 2026-01-28 at 4.49.13 PM (3).jpeg"
FOTO-D5C00F77BB,WhatsApp Image 2026-01-28 at 4.49.13 PM.jpeg,1_HRM5ibmZpiBeNu18GJNjFNJRKpOVulk,https://drive.google.com/file/d/1_HRM5ibmZpiBeNu18GJNjFNJRKpOVulk/view,MUNICIPIO,MOSTRAR_MUNICIPIO,Centro,Huitzilac,,Centro,Huitzilac,,0,Promotor,Monserrat Nava Moncada,,Lote por evento,/foto/FOTO-D5C00F77BB,,10,SI,d5c00f77bb26e3397d7eec87c80742b20a63e7bcfdaa9f579f9d2cd3a9629acc,207086,1,Programa Calmecac,huitzilac-programa-calmecac,2026-01-28,"Poligonos Coordinados de Lenin 2026. Centro Poniente/Huitzilac, Monserrat Nava Moncada/Programa Calmecac/WhatsApp Image 2026-01-28 at 4.49.13 PM.jpeg"
FOTO-0423B8AC72,WhatsApp Image 2026-01-28 at 4.49.14 PM.jpeg,1haKy7aMfMj_NnaxHRR8MLsizs3r5Rm-U,https://drive.google.com/file/d/1haKy7aMfMj_NnaxHRR8MLsizs3r5Rm-U/view,MUNICIPIO,MOSTRAR_MUNICIPIO,Centro,Huitzilac,,Centro,Huitzilac,,0,Promotor,Monserrat Nava Moncada,,Lote por evento,/foto/FOTO-0423B8AC72,,10,SI,0423b8ac72fbf7d71d48264e97e65159f9fe087dd9ea7898d9d88b7621bdb391,202169,1,Programa Calmecac,huitzilac-programa-calmecac,2026-01-28,"Poligonos Coordinados de Lenin 2026. Centro Poniente/Huitzilac, Monserrat Nava Moncada/Programa Calmecac/WhatsApp Image 2026-01-28 at 4.49.14 PM.jpeg"
FOTO-683468B812,WhatsApp Image 2026-01-28 at 4.49.19 PM (1).jpeg,1a8xQcftl36WRdwGogtpH63nTK19q7At4,https://drive.google.com/file/d/1a8xQcftl36WRdwGogtpH63nTK19q7At4/view,MUNICIPIO,MOSTRAR_MUNICIPIO,Centro,Huitzilac,,Centro,Huitzilac,,0,Promotor,Monserrat Nava Moncada,,Lote por evento,/foto/FOTO-683468B812,,10,SI,683468b812ec60f672d78fe487abd5e4745c2acfc08a920000a8d581001a958b,197724,1,Programa Calmecac,huitzilac-programa-calmecac,2026-01-28,"Poligonos Coordinados de Lenin 2026. Centro Poniente/Huitzilac, Monserrat Nava Moncada/Programa Calmecac/WhatsApp Image 2026-01-28 at 4.49.19 PM (1).jpeg"
FOTO-650342DDDE,WhatsApp Image 2026-01-28 at 4.49.19 PM.jpeg,16E0EcRiVNfFIPvqWRdlWGw60bIaeytXj,https://drive.google.com/file/d/16E0EcRiVNfFIPvqWRdlWGw60bIaeytXj/view,MUNICIPIO,MOSTRAR_MUNICIPIO,Centro,Huitzilac,,Centro,Huitzilac,,0,Promotor,Monserrat Nava Moncada,,Lote por evento,/foto/FOTO-650342DDDE,,10,SI,650342ddde064759e3c787db82e94e8ec2d46b45e0577cd405e3722903788e20,173777,1,Programa Calmecac,huitzilac-programa-calmecac,2026-01-28,"Poligonos Coordinados de Lenin 2026. Centro Poniente/Huitzilac, Monserrat Nava Moncada/Programa Calmecac/WhatsApp Image 2026-01-28 at 4.49.19 PM.jpeg"
FOTO-CE3BA9D84B,"Entrega de equipos de Gym aire libre  de Prog. Petate de Colores, Huitzilac. 1.jpeg",17cjehRjeFGgnYNfrtNV2T-K5AqMg3Pht,https://drive.google.com/file/d/17cjehRjeFGgnYNfrtNV2T-K5AqMg3Pht/view,MUNICIPIO,MOSTRAR_MUNICIPIO,Centro,Huitzilac,,Centro,Huitzilac,,0,Promotor,Monserrat Nava Moncada,,Lote por evento,/foto/FOTO-CE3BA9D84B,,10,SI,ce3ba9d84b99f9778a43552e2004b99d655a40c289faac480b30538be68ab1d6,312220,1,Programa Petate de Colores,huitzilac-programa-petate-de-colores,,"Poligonos Coordinados de Lenin 2026. Centro Poniente/Huitzilac, Monserrat Nava Moncada/Programa Petate de Colores/Entrega de equipos de Gym aire libre  de Prog. Petate de Colores, Huitzilac. 1.jpeg"
FOTO-EC7A71763E,"Entrega de equipos de Gym aire libre  de Prog. Petate de Colores, Huitzilac. 2.jpeg",1k_ED2Ue7lPEGbbdxP8nqqs1RyG5kvdtr,https://drive.google.com/file/d/1k_ED2Ue7lPEGbbdxP8nqqs1RyG5kvdtr/view,MUNICIPIO,MOSTRAR_MUNICIPIO,Centro,Huitzilac,,Centro,Huitzilac,,0,Promotor,Monserrat Nava Moncada,,Lote por evento,/foto/FOTO-EC7A71763E,,10,SI,ec7a71763e9f6823b787fe0d097e74a0bffffe4b07c696680e0eb9290d8edd24,247453,1,Programa Petate de Colores,huitzilac-programa-petate-de-colores,,"Poligonos Coordinados de Lenin 2026. Centro Poniente/Huitzilac, Monserrat Nava Moncada/Programa Petate de Colores/Entrega de equipos de Gym aire libre  de Prog. Petate de Colores, Huitzilac. 2.jpeg"
FOTO-46CE98C2BB,"Entrega de equipos de Gym aire libre  de Prog. Petate de Colores, Huitzilac. 3.jpeg",1uV4QQspNlp2kM01XmHdLdG_4wYHZhwCU,https://drive.google.com/file/d/1uV4QQspNlp2kM01XmHdLdG_4wYHZhwCU/view,MUNICIPIO,MOSTRAR_MUNICIPIO,Centro,Huitzilac,,Centro,Huitzilac,,0,Promotor,Monserrat Nava Moncada,,Lote por evento,/foto/FOTO-46CE98C2BB,,10,SI,46ce98c2bbf5dc7bbf9b62420758df1b6bf3e6cd74546329795fc1025af06495,255176,1,Programa Petate de Colores,huitzilac-programa-petate-de-colores,,"Poligonos Coordinados de Lenin 2026. Centro Poniente/Huitzilac, Monserrat Nava Moncada/Programa Petate de Colores/Entrega de equipos de Gym aire libre  de Prog. Petate de Colores, Huitzilac. 3.jpeg"
FOTO-0F70E6AE7F,"Entrega de equipos de Gym aire libre  de Prog. Petate de Colores, Huitzilac. 4.jpeg",1ox3-o1bw9KD67_RrS9eOnQMP_g3s095-,https://drive.google.com/file/d/1ox3-o1bw9KD67_RrS9eOnQMP_g3s095-/view,MUNICIPIO,MOSTRAR_MUNICIPIO,Centro,Huitzilac,,Centro,Huitzilac,,0,Promotor,Monserrat Nava Moncada,,Lote por evento,/foto/FOTO-0F70E6AE7F,,10,SI,0f70e6ae7fa793cd602106a17e73dc31ff587ae688bbf242dabc554f1178cefe,420746,1,Programa Petate de Colores,huitzilac-programa-petate-de-colores,,"Poligonos Coordinados de Lenin 2026. Centro Poniente/Huitzilac, Monserrat Nava Moncada/Programa Petate de Colores/Entrega de equipos de Gym aire libre  de Prog. Petate de Colores, Huitzilac. 4.jpeg"
FOTO-2D67EEF904,"Entrega de equipos de Gym aire libre  de Prog. Petate de Colores, Huitzilac. 5.jpeg",1Mswt9_BZOdEXr71pCbano-fEa1sK-qMP,https://drive.google.com/file/d/1Mswt9_BZOdEXr71pCbano-fEa1sK-qMP/view,MUNICIPIO,MOSTRAR_MUNICIPIO,Centro,Huitzilac,,Centro,Huitzilac,,0,Promotor,Monserrat Nava Moncada,,Lote por evento,/foto/FOTO-2D67EEF904,,10,SI,2d67eef90472bec0d021914146971e9cc481e6bd384f976bf0a214f184dbcdbb,259669,1,Programa Petate de Colores,huitzilac-programa-petate-de-colores,,"Poligonos Coordinados de Lenin 2026. Centro Poniente/Huitzilac, Monserrat Nava Moncada/Programa Petate de Colores/Entrega de equipos de Gym aire libre  de Prog. Petate de Colores, Huitzilac. 5.jpeg"
FOTO-8EC300E516,"Entrega de equipos de Gym aire libre  de Prog. Petate de Colores, Huitzilac. 6.jpeg",1E4pD-Q9vWVAzg4yToWjvO-1K6wx4BpHO,https://drive.google.com/file/d/1E4pD-Q9vWVAzg4yToWjvO-1K6wx4BpHO/view,MUNICIPIO,MOSTRAR_MUNICIPIO,Centro,Huitzilac,,Centro,Huitzilac,,0,Promotor,Monserrat Nava Moncada,,Lote por evento,/foto/FOTO-8EC300E516,,10,SI,8ec300e516b372adfef08cff8fa1ca77bf6fe0b0feff8df28bc31d7eea5ec498,324092,1,Programa Petate de Colores,huitzilac-programa-petate-de-colores,,"Poligonos Coordinados de Lenin 2026. Centro Poniente/Huitzilac, Monserrat Nava Moncada/Programa Petate de Colores/Entrega de equipos de Gym aire libre  de Prog. Petate de Colores, Huitzilac. 6.jpeg"
FOTO-34CC4D9ADD,"Entrega de equipos de Gym aire libre  de Prog. Petate de Colores, Huitzilac. 7.jpeg",1JRFBBUSVGMu9Qnt3yPHGBDDlwyg-__F4,https://drive.google.com/file/d/1JRFBBUSVGMu9Qnt3yPHGBDDlwyg-__F4/view,MUNICIPIO,MOSTRAR_MUNICIPIO,Centro,Huitzilac,,Centro,Huitzilac,,0,Promotor,Monserrat Nava Moncada,,Lote por evento,/foto/FOTO-34CC4D9ADD,,10,SI,34cc4d9add773ecfa5dc0928fc9e3f3e4e13f892f17b3eb4049a29df79b3e49b,283301,1,Programa Petate de Colores,huitzilac-programa-petate-de-colores,,"Poligonos Coordinados de Lenin 2026. Centro Poniente/Huitzilac, Monserrat Nava Moncada/Programa Petate de Colores/Entrega de equipos de Gym aire libre  de Prog. Petate de Colores, Huitzilac. 7.jpeg"
FOTO-2FB28BDBFC,"Entrega de equipos de Gym aire libre  de Prog. Petate de Colores, Huitzilac. 8.jpeg",1ZfuNIf1trIKoEyOEir9f5IV_T4F2kezr,https://drive.google.com/file/d/1ZfuNIf1trIKoEyOEir9f5IV_T4F2kezr/view,MUNICIPIO,MOSTRAR_MUNICIPIO,Centro,Huitzilac,,Centro,Huitzilac,,0,Promotor,Monserrat Nava Moncada,,Lote por evento,/foto/FOTO-2FB28BDBFC,,10,SI,2fb28bdbfc5c2aec88b3e92572948a872f27150aa55abac51367e464bb4a2f1e,400603,1,Programa Petate de Colores,huitzilac-programa-petate-de-colores,,"Poligonos Coordinados de Lenin 2026. Centro Poniente/Huitzilac, Monserrat Nava Moncada/Programa Petate de Colores/Entrega de equipos de Gym aire libre  de Prog. Petate de Colores, Huitzilac. 8.jpeg"
FOTO-CF6924905F,Faena para petate de colores. Huitzilac 02032026.jpeg,1Gyx0mRYMw7HHc-wH3h97cRyeiKnGtzVZ,https://drive.google.com/file/d/1Gyx0mRYMw7HHc-wH3h97cRyeiKnGtzVZ/view,MUNICIPIO,MOSTRAR_MUNICIPIO,Centro,Huitzilac,,Centro,Huitzilac,,0,Promotor,Monserrat Nava Moncada,,Lote por evento,/foto/FOTO-CF6924905F,,10,SI,cf6924905fb57c1e55f64117d2aba8115d22948bd6ed56af585c71f86df83447,72216,1,Programa Petate de Colores,huitzilac-programa-petate-de-colores,2026-03-02,"Poligonos Coordinados de Lenin 2026. Centro Poniente/Huitzilac, Monserrat Nava Moncada/Programa Petate de Colores/Faena para petate de colores. Huitzilac 02032026.jpeg"
FOTO-6F465419FF,Faena para proyecto de Petate de Colores. Huitzilac. 02032026.jpeg,1Dka6yqVfW_JdM1sNb8HZQSksbchk8WvG,https://drive.google.com/file/d/1Dka6yqVfW_JdM1sNb8HZQSksbchk8WvG/view,MUNICIPIO,MOSTRAR_MUNICIPIO,Centro,Huitzilac,,Centro,Huitzilac,,0,Promotor,Monserrat Nava Moncada,,Lote por evento,/foto/FOTO-6F465419FF,,10,SI,6f465419ff2e10dba9adaaf9846f0d80ec5e2f67bd59aaf28c11f471e56f215e,82109,1,Programa Petate de Colores,huitzilac-programa-petate-de-colores,2026-03-02,"Poligonos Coordinados de Lenin 2026. Centro Poniente/Huitzilac, Monserrat Nava Moncada/Programa Petate de Colores/Faena para proyecto de Petate de Colores. Huitzilac. 02032026.jpeg"
FOTO-3B2FE45CD3,Inauguración del Gimnasio para todos 1.jpeg,1C25_AE2HTJG0LDry1KWEcIWyvAQP40u0,https://drive.google.com/file/d/1C25_AE2HTJG0LDry1KWEcIWyvAQP40u0/view,MUNICIPIO,MOSTRAR_MUNICIPIO,Centro,Huitzilac,,Centro,Huitzilac,,0,Promotor,Monserrat Nava Moncada,,Lote por evento,/foto/FOTO-3B2FE45CD3,,10,SI,3b2fe45cd3908410cd7a70b9693dea0f43b20edd75bcca07d1da1a1e05fbe61d,263656,1,Programa Petate de Colores,huitzilac-programa-petate-de-colores,,"Poligonos Coordinados de Lenin 2026. Centro Poniente/Huitzilac, Monserrat Nava Moncada/Programa Petate de Colores/Inauguración del Gimnasio para todos 1.jpeg"
FOTO-ACE0926E6D,Inauguración del Gimnasio para todos 2.jpeg,19TAkeSAwbFetYS8ieeFBmM2TmzMOwWbE,https://drive.google.com/file/d/19TAkeSAwbFetYS8ieeFBmM2TmzMOwWbE/view,MUNICIPIO,MOSTRAR_MUNICIPIO,Centro,Huitzilac,,Centro,Huitzilac,,0,Promotor,Monserrat Nava Moncada,,Lote por evento,/foto/FOTO-ACE0926E6D,,10,SI,ace0926e6d2d3c4cf796b81460ed6430ec48a6613c7d36256f6e0ec15547ed04,251292,1,Programa Petate de Colores,huitzilac-programa-petate-de-colores,,"Poligonos Coordinados de Lenin 2026. Centro Poniente/Huitzilac, Monserrat Nava Moncada/Programa Petate de Colores/Inauguración del Gimnasio para todos 2.jpeg"
FOTO-1C34E03F94,"Instalación de Gimnasio para todos del prog. Petate de Colores, Com. Antonio Seguira, Huitzilac 1.jpeg",1MKRpOnxObGlHYJ-6w7VrkQEs5B3IolwW,https://drive.google.com/file/d/1MKRpOnxObGlHYJ-6w7VrkQEs5B3IolwW/view,MUNICIPIO,MOSTRAR_MUNICIPIO,Centro,Huitzilac,,Centro,Huitzilac,,0,Promotor,Monserrat Nava Moncada,,Lote por evento,/foto/FOTO-1C34E03F94,,10,SI,1c34e03f946aec10f151c856f04fa951ebe222acbf750fa49d65448256d66f88,241638,1,Programa Petate de Colores,huitzilac-programa-petate-de-colores,,"Poligonos Coordinados de Lenin 2026. Centro Poniente/Huitzilac, Monserrat Nava Moncada/Programa Petate de Colores/Instalación de Gimnasio para todos del prog. Petate de Colores, Com. Antonio Seguira, Huitzilac 1.jpeg"
FOTO-2D3714B9D0,"Instalación de Gimnasio para todos del prog. Petate de Colores, Com. Antonio Seguira, Huitzilac 2.jpeg",1lNu9GuuyOwB8JOvjD5GC8hC6qAtIZVYU,https://drive.google.com/file/d/1lNu9GuuyOwB8JOvjD5GC8hC6qAtIZVYU/view,MUNICIPIO,MOSTRAR_MUNICIPIO,Centro,Huitzilac,,Centro,Huitzilac,,0,Promotor,Monserrat Nava Moncada,,Lote por evento,/foto/FOTO-2D3714B9D0,,10,SI,2d3714b9d0b85385269e482439b72618aa1a32e28c5c13795b9f3e77a3b8b2ec,168284,1,Programa Petate de Colores,huitzilac-programa-petate-de-colores,,"Poligonos Coordinados de Lenin 2026. Centro Poniente/Huitzilac, Monserrat Nava Moncada/Programa Petate de Colores/Instalación de Gimnasio para todos del prog. Petate de Colores, Com. Antonio Seguira, Huitzilac 2.jpeg"
FOTO-2A0962B9FD,"Instalación de Gimnasio para todos del prog. Petate de Colores, Com. Antonio Seguira, Huitzilac 3.jpeg",1zpBKcjtD2UOQ6nqpiIBe37mB15shJGJd,https://drive.google.com/file/d/1zpBKcjtD2UOQ6nqpiIBe37mB15shJGJd/view,MUNICIPIO,MOSTRAR_MUNICIPIO,Centro,Huitzilac,,Centro,Huitzilac,,0,Promotor,Monserrat Nava Moncada,,Lote por evento,/foto/FOTO-2A0962B9FD,,10,SI,2a0962b9fdd8fb32beddb89eb26f94905d34b5aac7d1c5332558590c0e92ee13,202112,1,Programa Petate de Colores,huitzilac-programa-petate-de-colores,,"Poligonos Coordinados de Lenin 2026. Centro Poniente/Huitzilac, Monserrat Nava Moncada/Programa Petate de Colores/Instalación de Gimnasio para todos del prog. Petate de Colores, Com. Antonio Seguira, Huitzilac 3.jpeg"
FOTO-E9DEFB3D28,"Instalación de Gimnasio para todos del prog. Petate de Colores, Com. Antonio Seguira, Huitzilac 4.jpeg",1Kn9Y7_AOcMSUuCxw4qfqezWy5UvGZNmO,https://drive.google.com/file/d/1Kn9Y7_AOcMSUuCxw4qfqezWy5UvGZNmO/view,MUNICIPIO,MOSTRAR_MUNICIPIO,Centro,Huitzilac,,Centro,Huitzilac,,0,Promotor,Monserrat Nava Moncada,,Lote por evento,/foto/FOTO-E9DEFB3D28,,10,SI,e9defb3d28333d4d6d5a01c3f3461f4d2e638d96e9c9e2fed85434c15b29a2f6,199500,1,Programa Petate de Colores,huitzilac-programa-petate-de-colores,,"Poligonos Coordinados de Lenin 2026. Centro Poniente/Huitzilac, Monserrat Nava Moncada/Programa Petate de Colores/Instalación de Gimnasio para todos del prog. Petate de Colores, Com. Antonio Seguira, Huitzilac 4.jpeg"
FOTO-EBE682E2C3,"Instalación de Gimnasio para todos del prog. Petate de Colores, Com. Antonio Seguira, Huitzilac 5.jpeg",1QmIfJLaADFXkrsp0qMU9dkqs1j6INjjJ,https://drive.google.com/file/d/1QmIfJLaADFXkrsp0qMU9dkqs1j6INjjJ/view,MUNICIPIO,MOSTRAR_MUNICIPIO,Centro,Huitzilac,,Centro,Huitzilac,,0,Promotor,Monserrat Nava Moncada,,Lote por evento,/foto/FOTO-EBE682E2C3,,10,SI,ebe682e2c3af310e39b6df2aa9ca837e72c3c3d476c78cb4c88ca046c79c5425,225260,1,Programa Petate de Colores,huitzilac-programa-petate-de-colores,,"Poligonos Coordinados de Lenin 2026. Centro Poniente/Huitzilac, Monserrat Nava Moncada/Programa Petate de Colores/Instalación de Gimnasio para todos del prog. Petate de Colores, Com. Antonio Seguira, Huitzilac 5.jpeg"
FOTO-349DDF110B,"Instalación de Gimnasio para todos del prog. Petate de Colores, Com. Antonio Seguira, Huitzilac 6.jpeg",1-Bd3k9IJxmtISCnwzMikcxr0wiYsCWW-,https://drive.google.com/file/d/1-Bd3k9IJxmtISCnwzMikcxr0wiYsCWW-/view,MUNICIPIO,MOSTRAR_MUNICIPIO,Centro,Huitzilac,,Centro,Huitzilac,,0,Promotor,Monserrat Nava Moncada,,Lote por evento,/foto/FOTO-349DDF110B,,10,SI,349ddf110b8627ca20a4507d0ecf07941b3a2aa5ef9ff30b0a8cfeba95ecf824,184678,1,Programa Petate de Colores,huitzilac-programa-petate-de-colores,,"Poligonos Coordinados de Lenin 2026. Centro Poniente/Huitzilac, Monserrat Nava Moncada/Programa Petate de Colores/Instalación de Gimnasio para todos del prog. Petate de Colores, Com. Antonio Seguira, Huitzilac 6.jpeg"
FOTO-05C1326DEB,Invitación.jpeg,16VCA99xMmYeKUpDBod1G2HRURoblKHxS,https://drive.google.com/file/d/16VCA99xMmYeKUpDBod1G2HRURoblKHxS/view,MUNICIPIO,MOSTRAR_MUNICIPIO,Centro,Huitzilac,,Centro,Huitzilac,,0,Promotor,Monserrat Nava Moncada,,Lote por evento,/foto/FOTO-05C1326DEB,,10,SI,05c1326debf2eb818b10be34faa4fbd604fe6b3931f7fd90778845f8358374a7,114708,1,Programa Petate de Colores,huitzilac-programa-petate-de-colores,,"Poligonos Coordinados de Lenin 2026. Centro Poniente/Huitzilac, Monserrat Nava Moncada/Programa Petate de Colores/Invitación.jpeg"
FOTO-0B68D35CF3,Entrega de plantas en Huitzilac 2026-09-08.jpeg,1-HCoq-fQhEJJ190mvb5J7wraa8_fYd-H,https://drive.google.com/file/d/1-HCoq-fQhEJJ190mvb5J7wraa8_fYd-H/view,MUNICIPIO,MOSTRAR_MUNICIPIO,Centro,Huitzilac,,Centro,Huitzilac,,0,Promotor,Monserrat Nava Moncada,,Lote por evento,/foto/FOTO-0B68D35CF3,,10,SI,0b68d35cf3bd759c12243c1807609e158d8746cded143f296f83f29a901dbf5b,177440,1,Reforestación,huitzilac-reforestacion,2026-09-08,"Poligonos Coordinados de Lenin 2026. Centro Poniente/Huitzilac, Monserrat Nava Moncada/Reforestación/Entrega de plantas en Huitzilac 2026-09-08.jpeg"
FOTO-600C2E78AF,"Entrega de árboles a comunidades, Huitzilac 1 2026-08-30.jpeg",1HOwILHm078zee5O4t3vzlpeThzX9UTgs,https://drive.google.com/file/d/1HOwILHm078zee5O4t3vzlpeThzX9UTgs/view,MUNICIPIO,MOSTRAR_MUNICIPIO,Centro,Huitzilac,,Centro,Huitzilac,,0,Promotor,Monserrat Nava Moncada,,Lote por evento,/foto/FOTO-600C2E78AF,,10,SI,600c2e78af3aad09553571d3ed4bf8b6f4eb35cdf0880716ab5076cc3901d1cd,208280,1,Reforestación,huitzilac-reforestacion,2026-08-30,"Poligonos Coordinados de Lenin 2026. Centro Poniente/Huitzilac, Monserrat Nava Moncada/Reforestación/Entrega de árboles a comunidades, Huitzilac 1 2026-08-30.jpeg"
FOTO-A3A3AFBA4C,"Entrega de árboles a comunidades, Huitzilac 2 2026-08-30.jpeg",17eE4AvCsuAdgKVl7JTJZZvC5bmdyukG8,https://drive.google.com/file/d/17eE4AvCsuAdgKVl7JTJZZvC5bmdyukG8/view,MUNICIPIO,MOSTRAR_MUNICIPIO,Centro,Huitzilac,,Centro,Huitzilac,,0,Promotor,Monserrat Nava Moncada,,Lote por evento,/foto/FOTO-A3A3AFBA4C,,10,SI,a3a3afba4cf758508f4ddd0c829e70cdca2675cc30d0a55126294e8683b3ef39,207776,1,Reforestación,huitzilac-reforestacion,2026-08-30,"Poligonos Coordinados de Lenin 2026. Centro Poniente/Huitzilac, Monserrat Nava Moncada/Reforestación/Entrega de árboles a comunidades, Huitzilac 2 2026-08-30.jpeg"
FOTO-75B28837C1,"Entrega de árboles a comunidades, Huitzilac 3 2026-08-30.jpeg",1ewIdiPi_F_aBglVD3j8KjZJtThtzgLVC,https://drive.google.com/file/d/1ewIdiPi_F_aBglVD3j8KjZJtThtzgLVC/view,MUNICIPIO,MOSTRAR_MUNICIPIO,Centro,Huitzilac,,Centro,Huitzilac,,0,Promotor,Monserrat Nava Moncada,,Lote por evento,/foto/FOTO-75B28837C1,,10,SI,75b28837c183295752dd3b3d72be754daf3e7e3ded29427394926595739466be,185993,1,Reforestación,huitzilac-reforestacion,2026-08-30,"Poligonos Coordinados de Lenin 2026. Centro Poniente/Huitzilac, Monserrat Nava Moncada/Reforestación/Entrega de árboles a comunidades, Huitzilac 3 2026-08-30.jpeg"
FOTO-EC26B18597,Entrega de árboles polígono 6 (i)2026-09-15.jpeg,1IvDlnWi7IDcJp9HtZ8rIigttzu1MswUU,https://drive.google.com/file/d/1IvDlnWi7IDcJp9HtZ8rIigttzu1MswUU/view,MUNICIPIO,MOSTRAR_MUNICIPIO,Centro,Huitzilac,,Centro,Huitzilac,,0,Promotor,Monserrat Nava Moncada,,Lote por evento,/foto/FOTO-EC26B18597,,10,SI,ec26b185978c50aff34f39604739232d3f0809e8e1d3faaecce96ac6c2bc1a8d,281546,1,Reforestación,huitzilac-reforestacion,2026-09-15,"Poligonos Coordinados de Lenin 2026. Centro Poniente/Huitzilac, Monserrat Nava Moncada/Reforestación/Entrega de árboles polígono 6 (i)2026-09-15.jpeg"
FOTO-D39DAC4A1A,Entrega de árboles polígono 6. 2026-09-15.jpeg,1LBLq6qEI911fM8zn3vbmSSmqyOswcf4J,https://drive.google.com/file/d/1LBLq6qEI911fM8zn3vbmSSmqyOswcf4J/view,MUNICIPIO,MOSTRAR_MUNICIPIO,Centro,Huitzilac,,Centro,Huitzilac,,0,Promotor,Monserrat Nava Moncada,,Lote por evento,/foto/FOTO-D39DAC4A1A,,10,SI,d39dac4a1a264ec27514b5e58711503e921989cd4ce2a50cce5c2eecfd64a059,277873,1,Reforestación,huitzilac-reforestacion,2026-09-15,"Poligonos Coordinados de Lenin 2026. Centro Poniente/Huitzilac, Monserrat Nava Moncada/Reforestación/Entrega de árboles polígono 6. 2026-09-15.jpeg"
FOTO-49AA3301AC,Reforestación Huitzilac 2026-08-31.jpeg,1SUXrK_gkzcgorb8b9ZiCq9M3yvTDxogE,https://drive.google.com/file/d/1SUXrK_gkzcgorb8b9ZiCq9M3yvTDxogE/view,MUNICIPIO,MOSTRAR_MUNICIPIO,Centro,Huitzilac,,Centro,Huitzilac,,0,Promotor,Monserrat Nava Moncada,,Lote por evento,/foto/FOTO-49AA3301AC,,10,SI,49aa3301acb1f97919ea9d9c07f6711984d6ad510b15888facf4de5ae1424ef6,385026,1,Reforestación,huitzilac-reforestacion,2026-08-31,"Poligonos Coordinados de Lenin 2026. Centro Poniente/Huitzilac, Monserrat Nava Moncada/Reforestación/Reforestación Huitzilac 2026-08-31.jpeg"
FOTO-25D242267D,Reforestación Huitzilac 22026-08-31.jpeg,1LVabMU7FIpSWlJfDoZEBTVGs76F52x50,https://drive.google.com/file/d/1LVabMU7FIpSWlJfDoZEBTVGs76F52x50/view,MUNICIPIO,MOSTRAR_MUNICIPIO,Centro,Huitzilac,,Centro,Huitzilac,,0,Promotor,Monserrat Nava Moncada,,Lote por evento,/foto/FOTO-25D242267D,,10,SI,25d242267d0fdac50061f143a72c9d0f0d894a2be14dc337f02d3cd72799982a,402455,1,Reforestación,huitzilac-reforestacion,2026-08-31,"Poligonos Coordinados de Lenin 2026. Centro Poniente/Huitzilac, Monserrat Nava Moncada/Reforestación/Reforestación Huitzilac 22026-08-31.jpeg"
FOTO-D3FFCD58B1,Taller cultural camino de la mina 1 Huitzilac  2026-09-10.jpeg,1kA2NGnjTbiJvFDNrCOOnDQPSryN5VfQ7,https://drive.google.com/file/d/1kA2NGnjTbiJvFDNrCOOnDQPSryN5VfQ7/view,MUNICIPIO,MOSTRAR_MUNICIPIO,Centro,Huitzilac,,Centro,Huitzilac,,0,Promotor,Monserrat Nava Moncada,,Lote por evento,/foto/FOTO-D3FFCD58B1,,10,SI,d3ffcd58b15e18e44b4e055555bc7db00212036c2f928f68ce31fd6e65ecb8d0,1338675,1,Talleres Culturales,huitzilac-talleres-culturales,2026-09-10,"Poligonos Coordinados de Lenin 2026. Centro Poniente/Huitzilac, Monserrat Nava Moncada/Talleres Culturales/Taller cultural camino de la mina 1 Huitzilac  2026-09-10.jpeg"
FOTO-C3972F4C3F,Taller cultural camino de la mina 2 Huitzilac 2026-09-10.jpeg,11UZdjwY4OX3PuN8TLF8rfflrYkALiKj5,https://drive.google.com/file/d/11UZdjwY4OX3PuN8TLF8rfflrYkALiKj5/view,MUNICIPIO,MOSTRAR_MUNICIPIO,Centro,Huitzilac,,Centro,Huitzilac,,0,Promotor,Monserrat Nava Moncada,,Lote por evento,/foto/FOTO-C3972F4C3F,,10,SI,c3972f4c3f842886f4d218913ffaac7e26f42c8542679867dacf6c4fea896465,1770874,1,Talleres Culturales,huitzilac-talleres-culturales,2026-09-10,"Poligonos Coordinados de Lenin 2026. Centro Poniente/Huitzilac, Monserrat Nava Moncada/Talleres Culturales/Taller cultural camino de la mina 2 Huitzilac 2026-09-10.jpeg"
FOTO-4D1D497DEC,Taller cultural camino de la mina 3 Huitzilac 2026-09-10.jpeg,1gB3VhjLH9aKyvkeOICX4ZLYSP4yq-iC6,https://drive.google.com/file/d/1gB3VhjLH9aKyvkeOICX4ZLYSP4yq-iC6/view,MUNICIPIO,MOSTRAR_MUNICIPIO,Centro,Huitzilac,,Centro,Huitzilac,,0,Promotor,Monserrat Nava Moncada,,Lote por evento,/foto/FOTO-4D1D497DEC,,10,SI,4d1d497dec7c058a81125c0b105d06dd98085d45fb5f74688c68746d5770ec59,1350785,1,Talleres Culturales,huitzilac-talleres-culturales,2026-09-10,"Poligonos Coordinados de Lenin 2026. Centro Poniente/Huitzilac, Monserrat Nava Moncada/Talleres Culturales/Taller cultural camino de la mina 3 Huitzilac 2026-09-10.jpeg"
FOTO-6883D08723,Taller cultural camino de la mina 4 Huitzilac  2026-09-10.jpeg,1iEVwP8A7-rAsoEaggNstdhfjnkvuN2q1,https://drive.google.com/file/d/1iEVwP8A7-rAsoEaggNstdhfjnkvuN2q1/view,MUNICIPIO,MOSTRAR_MUNICIPIO,Centro,Huitzilac,,Centro,Huitzilac,,0,Promotor,Monserrat Nava Moncada,,Lote por evento,/foto/FOTO-6883D08723,,10,SI,6883d087234a396f6608067d1e5d78ef40c03ac09baaf94c29caffa30df1849a,1482558,1,Talleres Culturales,huitzilac-talleres-culturales,2026-09-10,"Poligonos Coordinados de Lenin 2026. Centro Poniente/Huitzilac, Monserrat Nava Moncada/Talleres Culturales/Taller cultural camino de la mina 4 Huitzilac  2026-09-10.jpeg"
FOTO-DFA2CE9422,Taller cultural camino de la mina 5 Huitzilac  2026-09-10.jpeg,1Llo4N7Z9Wt_C-juf7gMV4wt5ZXqreBQ_,https://drive.google.com/file/d/1Llo4N7Z9Wt_C-juf7gMV4wt5ZXqreBQ_/view,MUNICIPIO,MOSTRAR_MUNICIPIO,Centro,Huitzilac,,Centro,Huitzilac,,0,Promotor,Monserrat Nava Moncada,,Lote por evento,/foto/FOTO-DFA2CE9422,,10,SI,dfa2ce94222cc6e28de97330163c27c260093bc7c1eb7103cc355bfaafc5d647,2186267,1,Talleres Culturales,huitzilac-talleres-culturales,2026-09-10,"Poligonos Coordinados de Lenin 2026. Centro Poniente/Huitzilac, Monserrat Nava Moncada/Talleres Culturales/Taller cultural camino de la mina 5 Huitzilac  2026-09-10.jpeg"
FOTO-8061272D93,Taller cultural camino de la mina 6 Huitzilac  2026-09-10.jpeg,1Er9mK35y893GMXSUHARAIVBraVhL55Kn,https://drive.google.com/file/d/1Er9mK35y893GMXSUHARAIVBraVhL55Kn/view,MUNICIPIO,MOSTRAR_MUNICIPIO,Centro,Huitzilac,,Centro,Huitzilac,,0,Promotor,Monserrat Nava Moncada,,Lote por evento,/foto/FOTO-8061272D93,,10,SI,8061272d93e920ba113e737feaded9f0347e1100f705532f5d70234ef59edbd2,1950012,1,Talleres Culturales,huitzilac-talleres-culturales,2026-09-10,"Poligonos Coordinados de Lenin 2026. Centro Poniente/Huitzilac, Monserrat Nava Moncada/Talleres Culturales/Taller cultural camino de la mina 6 Huitzilac  2026-09-10.jpeg"
FOTO-2236AC7285,Taller Cultural Cristo Rey-Tezoyo 1 2026-09-17.jpeg,1dtjtxVkNUbCDy1QpmZNkGFsmVKEJQrTp,https://drive.google.com/file/d/1dtjtxVkNUbCDy1QpmZNkGFsmVKEJQrTp/view,MUNICIPIO,MOSTRAR_MUNICIPIO,Centro,Huitzilac,,Centro,Huitzilac,,0,Promotor,Monserrat Nava Moncada,,Lote por evento,/foto/FOTO-2236AC7285,,10,SI,2236ac7285db22900a0fe5d3a06e83ffd7a4932e6b24098d777b9a550b0df2fe,155247,1,Talleres Culturales,huitzilac-talleres-culturales,2026-09-17,"Poligonos Coordinados de Lenin 2026. Centro Poniente/Huitzilac, Monserrat Nava Moncada/Talleres Culturales/Taller Cultural Cristo Rey-Tezoyo 1 2026-09-17.jpeg"
FOTO-FA80DA4C8D,Taller Cultural Cristo Rey-Tezoyo 2 2026-09-17.jpeg,1qfrA6-SHL-KAiHI2gdPyqBlwY38tX476,https://drive.google.com/file/d/1qfrA6-SHL-KAiHI2gdPyqBlwY38tX476/view,MUNICIPIO,MOSTRAR_MUNICIPIO,Centro,Huitzilac,,Centro,Huitzilac,,0,Promotor,Monserrat Nava Moncada,,Lote por evento,/foto/FOTO-FA80DA4C8D,,10,SI,fa80da4c8dd7db844b3c044f2da949fd57c57357db33224051ecc12f56080d84,165070,1,Talleres Culturales,huitzilac-talleres-culturales,2026-09-17,"Poligonos Coordinados de Lenin 2026. Centro Poniente/Huitzilac, Monserrat Nava Moncada/Talleres Culturales/Taller Cultural Cristo Rey-Tezoyo 2 2026-09-17.jpeg"
FOTO-EED3156D57,Taller Cultural Cristo Rey-Tezoyo 2026-09-17.jpeg,1Q509fwtQgslMWCIupB2jDdhOXKX4sPIi,https://drive.google.com/file/d/1Q509fwtQgslMWCIupB2jDdhOXKX4sPIi/view,MUNICIPIO,MOSTRAR_MUNICIPIO,Centro,Huitzilac,,Centro,Huitzilac,,0,Promotor,Monserrat Nava Moncada,,Lote por evento,/foto/FOTO-EED3156D57,,10,SI,eed3156d571e4687233d36e371d554cfcee7afae56e8c35d7a47bcdbeffcd12d,187553,1,Talleres Culturales,huitzilac-talleres-culturales,2026-09-17,"Poligonos Coordinados de Lenin 2026. Centro Poniente/Huitzilac, Monserrat Nava Moncada/Talleres Culturales/Taller Cultural Cristo Rey-Tezoyo 2026-09-17.jpeg"
FOTO-FD2AA06956,Taller Cultural Cristo Rey-Tezoyo 3 2026-09-17.jpeg,1JagtofJVJxREXZuq9J6U8AiuVwiI-7Ty,https://drive.google.com/file/d/1JagtofJVJxREXZuq9J6U8AiuVwiI-7Ty/view,MUNICIPIO,MOSTRAR_MUNICIPIO,Centro,Huitzilac,,Centro,Huitzilac,,0,Promotor,Monserrat Nava Moncada,,Lote por evento,/foto/FOTO-FD2AA06956,,10,SI,fd2aa06956e5fd002f7db9c814d15a688c9a230d9af7abdfd4dccb45d76dd321,143627,1,Talleres Culturales,huitzilac-talleres-culturales,2026-09-17,"Poligonos Coordinados de Lenin 2026. Centro Poniente/Huitzilac, Monserrat Nava Moncada/Talleres Culturales/Taller Cultural Cristo Rey-Tezoyo 3 2026-09-17.jpeg"
FOTO-5B83875983,Taller Cultural de Barro. Huitzilac. 29062026.jpeg,14Xq3GvZVtsVwe4xg_vG7oZsx5S1PXd8O,https://drive.google.com/file/d/14Xq3GvZVtsVwe4xg_vG7oZsx5S1PXd8O/view,MUNICIPIO,MOSTRAR_MUNICIPIO,Centro,Huitzilac,,Centro,Huitzilac,,0,Promotor,Monserrat Nava Moncada,,Lote por evento,/foto/FOTO-5B83875983,,10,SI,5b838759830749d57f81c549ef87883743ea3fcd8feddbb00ae3a9f41ed92361,127756,1,Talleres Culturales,huitzilac-talleres-culturales,2026-06-29,"Poligonos Coordinados de Lenin 2026. Centro Poniente/Huitzilac, Monserrat Nava Moncada/Talleres Culturales/Taller Cultural de Barro. Huitzilac. 29062026.jpeg"
FOTO-E7AD454852,"Taller Cultural de Cartonería en Cristo Rey, Huitzilac 1 2026-09-01.jpeg",1YmoMN2UC6bRPORkXY578zsPHwQH5SbSg,https://drive.google.com/file/d/1YmoMN2UC6bRPORkXY578zsPHwQH5SbSg/view,MUNICIPIO,MOSTRAR_MUNICIPIO,Centro,Huitzilac,,Centro,Huitzilac,,0,Promotor,Monserrat Nava Moncada,,Lote por evento,/foto/FOTO-E7AD454852,,10,SI,e7ad4548521381f6ae9e45d08f7d37e4ac9c6cc6c67770f470afac2b9ebc2a13,128760,1,Talleres Culturales,huitzilac-talleres-culturales,2026-09-01,"Poligonos Coordinados de Lenin 2026. Centro Poniente/Huitzilac, Monserrat Nava Moncada/Talleres Culturales/Taller Cultural de Cartonería en Cristo Rey, Huitzilac 1 2026-09-01.jpeg"
FOTO-6C17E67BB6,"Taller Cultural de Cartonería en Cristo Rey, Huitzilac 2 2026-09-01.jpeg",1tH1NMsZoZGwrOMqBeqi2WMN3GZMxKyUf,https://drive.google.com/file/d/1tH1NMsZoZGwrOMqBeqi2WMN3GZMxKyUf/view,MUNICIPIO,MOSTRAR_MUNICIPIO,Centro,Huitzilac,,Centro,Huitzilac,,0,Promotor,Monserrat Nava Moncada,,Lote por evento,/foto/FOTO-6C17E67BB6,,10,SI,6c17e67bb6f69068ca2de84a748c148e7d223e96789598a86be069fc6de5730d,172750,1,Talleres Culturales,huitzilac-talleres-culturales,2026-09-01,"Poligonos Coordinados de Lenin 2026. Centro Poniente/Huitzilac, Monserrat Nava Moncada/Talleres Culturales/Taller Cultural de Cartonería en Cristo Rey, Huitzilac 2 2026-09-01.jpeg"
FOTO-65F30F8DD5,"Taller Cultural de Cartonería en Cristo Rey, Huitzilac 3 2026-09-01.jpeg",1pSh9aanYWCcVXKwm0JPQUuSYabNJWF5Q,https://drive.google.com/file/d/1pSh9aanYWCcVXKwm0JPQUuSYabNJWF5Q/view,MUNICIPIO,MOSTRAR_MUNICIPIO,Centro,Huitzilac,,Centro,Huitzilac,,0,Promotor,Monserrat Nava Moncada,,Lote por evento,/foto/FOTO-65F30F8DD5,,10,SI,65f30f8dd563b5d3a6eece5d150937e334d7bb567f096b0a3134ebffcbba1d31,119122,1,Talleres Culturales,huitzilac-talleres-culturales,2026-09-01,"Poligonos Coordinados de Lenin 2026. Centro Poniente/Huitzilac, Monserrat Nava Moncada/Talleres Culturales/Taller Cultural de Cartonería en Cristo Rey, Huitzilac 3 2026-09-01.jpeg"
FOTO-0098BE058B,"Taller Cultural de Cartonería en Cristo Rey, Huitzilac 4 2026-09-01.jpeg",1VoD8rPi8mE-CTyCYGl7DT3bWETZTfCyC,https://drive.google.com/file/d/1VoD8rPi8mE-CTyCYGl7DT3bWETZTfCyC/view,MUNICIPIO,MOSTRAR_MUNICIPIO,Centro,Huitzilac,,Centro,Huitzilac,,0,Promotor,Monserrat Nava Moncada,,Lote por evento,/foto/FOTO-0098BE058B,,10,SI,0098be058b131421651741d53cb1396957c610b4174129ab1bee53fb8d320d2b,134581,1,Talleres Culturales,huitzilac-talleres-culturales,2026-09-01,"Poligonos Coordinados de Lenin 2026. Centro Poniente/Huitzilac, Monserrat Nava Moncada/Talleres Culturales/Taller Cultural de Cartonería en Cristo Rey, Huitzilac 4 2026-09-01.jpeg"
FOTO-8AEA6FFFF1,"Taller Cultural de Cartonería en Cristo Rey, Huitzilac 5 2026-09-01.jpeg",1Iz7hDyoF1uVWgboeu9Pvi1evdMD7JCgT,https://drive.google.com/file/d/1Iz7hDyoF1uVWgboeu9Pvi1evdMD7JCgT/view,MUNICIPIO,MOSTRAR_MUNICIPIO,Centro,Huitzilac,,Centro,Huitzilac,,0,Promotor,Monserrat Nava Moncada,,Lote por evento,/foto/FOTO-8AEA6FFFF1,,10,SI,8aea6ffff14ff79b0fa5c832f073f3bace1cc171ae5513d9221b13293bbc1ce8,180529,1,Talleres Culturales,huitzilac-talleres-culturales,2026-09-01,"Poligonos Coordinados de Lenin 2026. Centro Poniente/Huitzilac, Monserrat Nava Moncada/Talleres Culturales/Taller Cultural de Cartonería en Cristo Rey, Huitzilac 5 2026-09-01.jpeg"
FOTO-CF72E7456F,"Taller Cultural de Cartonería en Cristo Rey, Huitzilac 6 2026-09-01.jpeg",17aNof8_XpS8rsv4ri3DMrHsnp13v4QYI,https://drive.google.com/file/d/17aNof8_XpS8rsv4ri3DMrHsnp13v4QYI/view,MUNICIPIO,MOSTRAR_MUNICIPIO,Centro,Huitzilac,,Centro,Huitzilac,,0,Promotor,Monserrat Nava Moncada,,Lote por evento,/foto/FOTO-CF72E7456F,,10,SI,cf72e7456f4d4ce92304266c4ce8d9f5af933854da4383ca1c5374cbd2ccda92,138893,1,Talleres Culturales,huitzilac-talleres-culturales,2026-09-01,"Poligonos Coordinados de Lenin 2026. Centro Poniente/Huitzilac, Monserrat Nava Moncada/Talleres Culturales/Taller Cultural de Cartonería en Cristo Rey, Huitzilac 6 2026-09-01.jpeg"
FOTO-174A019306,"Taller Cultural de creación en Barro, 3 Cristo Rey, Huitzilac 2026-08-27.jpeg",1gKoSMybKL0kiWB2j3JlAMJHBH2INriNw,https://drive.google.com/file/d/1gKoSMybKL0kiWB2j3JlAMJHBH2INriNw/view,MUNICIPIO,MOSTRAR_MUNICIPIO,Centro,Huitzilac,,Centro,Huitzilac,,0,Promotor,Monserrat Nava Moncada,,Lote por evento,/foto/FOTO-174A019306,,10,SI,174a019306cee09b0a6ca267b67eecb39a326804dbbc844a0e6dd02487fc238f,104762,1,Talleres Culturales,huitzilac-talleres-culturales,2026-08-27,"Poligonos Coordinados de Lenin 2026. Centro Poniente/Huitzilac, Monserrat Nava Moncada/Talleres Culturales/Taller Cultural de creación en Barro, 3 Cristo Rey, Huitzilac 2026-08-27.jpeg"
FOTO-FA507538CB,"Taller Cultural de creación en Barro, 4 Cristo Rey, Huitzilac 2026-08-27.jpeg",1B9LaztUUx5Q2o5Scf13Lo-Vmxy9HqylK,https://drive.google.com/file/d/1B9LaztUUx5Q2o5Scf13Lo-Vmxy9HqylK/view,MUNICIPIO,MOSTRAR_MUNICIPIO,Centro,Huitzilac,,Centro,Huitzilac,,0,Promotor,Monserrat Nava Moncada,,Lote por evento,/foto/FOTO-FA507538CB,,10,SI,fa507538cb01c817218b94d8d53ed0c6112b07ff498816231e9cfa53f53dc114,106330,1,Talleres Culturales,huitzilac-talleres-culturales,2026-08-27,"Poligonos Coordinados de Lenin 2026. Centro Poniente/Huitzilac, Monserrat Nava Moncada/Talleres Culturales/Taller Cultural de creación en Barro, 4 Cristo Rey, Huitzilac 2026-08-27.jpeg"
FOTO-8782286683,"Taller Cultural de creación en Barro, Cristo Rey, Huitzilac 2.  2026-08-27.jpeg",1bdHG8bJQtzH7834iNdckozOMDKL89yiH,https://drive.google.com/file/d/1bdHG8bJQtzH7834iNdckozOMDKL89yiH/view,MUNICIPIO,MOSTRAR_MUNICIPIO,Centro,Huitzilac,,Centro,Huitzilac,,0,Promotor,Monserrat Nava Moncada,,Lote por evento,/foto/FOTO-8782286683,,10,SI,8782286683e332b6bd11508e8adbca640c16fe83c60b60a6c87a57c71e002e63,71546,1,Talleres Culturales,huitzilac-talleres-culturales,2026-08-27,"Poligonos Coordinados de Lenin 2026. Centro Poniente/Huitzilac, Monserrat Nava Moncada/Talleres Culturales/Taller Cultural de creación en Barro, Cristo Rey, Huitzilac 2.  2026-08-27.jpeg"
FOTO-755D428C12,Taller cultural de Cristo Rey 1 2026-09-17.jpeg,1kyG9m2MHCLmdQYgfm4Aq3yn-wPKvk8zp,https://drive.google.com/file/d/1kyG9m2MHCLmdQYgfm4Aq3yn-wPKvk8zp/view,MUNICIPIO,MOSTRAR_MUNICIPIO,Centro,Huitzilac,,Centro,Huitzilac,,0,Promotor,Monserrat Nava Moncada,,Lote por evento,/foto/FOTO-755D428C12,,10,SI,755d428c12e230653c9301089bc09d02d95617f5cfc89810adb26b18dc5a090b,253338,1,Talleres Culturales,huitzilac-talleres-culturales,2026-09-17,"Poligonos Coordinados de Lenin 2026. Centro Poniente/Huitzilac, Monserrat Nava Moncada/Talleres Culturales/Taller cultural de Cristo Rey 1 2026-09-17.jpeg"
FOTO-D77F3A5113,Taller cultural de Cristo Rey 2 2026-09-17.jpeg,1k000Fwc66coWvwppnPkShHbZ0SJzGhgm,https://drive.google.com/file/d/1k000Fwc66coWvwppnPkShHbZ0SJzGhgm/view,MUNICIPIO,MOSTRAR_MUNICIPIO,Centro,Huitzilac,,Centro,Huitzilac,,0,Promotor,Monserrat Nava Moncada,,Lote por evento,/foto/FOTO-D77F3A5113,,10,SI,d77f3a5113be37b29a99866dd08a514e09d3fdbd7d09b855b6936b830ac7d0c2,272047,1,Talleres Culturales,huitzilac-talleres-culturales,2026-09-17,"Poligonos Coordinados de Lenin 2026. Centro Poniente/Huitzilac, Monserrat Nava Moncada/Talleres Culturales/Taller cultural de Cristo Rey 2 2026-09-17.jpeg"
FOTO-2E8F595E15,Taller cultural de Cristo Rey 2026-09-17.jpeg,1enRg18bQjw_WmmU0aZSVoeFRWLLvptSi,https://drive.google.com/file/d/1enRg18bQjw_WmmU0aZSVoeFRWLLvptSi/view,MUNICIPIO,MOSTRAR_MUNICIPIO,Centro,Huitzilac,,Centro,Huitzilac,,0,Promotor,Monserrat Nava Moncada,,Lote por evento,/foto/FOTO-2E8F595E15,,10,SI,2e8f595e1539a11447efbf3dea7fd9d5f50fafcf11a868c8545dfa01b5b21531,261860,1,Talleres Culturales,huitzilac-talleres-culturales,2026-09-17,"Poligonos Coordinados de Lenin 2026. Centro Poniente/Huitzilac, Monserrat Nava Moncada/Talleres Culturales/Taller cultural de Cristo Rey 2026-09-17.jpeg"
FOTO-420A780512,Taller cultural de Cristo Rey 3 2026-09-17.jpeg,1X1GXuMeQf_c3JLKRcImhIZnzf4SyNk1M,https://drive.google.com/file/d/1X1GXuMeQf_c3JLKRcImhIZnzf4SyNk1M/view,MUNICIPIO,MOSTRAR_MUNICIPIO,Centro,Huitzilac,,Centro,Huitzilac,,0,Promotor,Monserrat Nava Moncada,,Lote por evento,/foto/FOTO-420A780512,,10,SI,420a7805124159ebb45e34d171ea34aea6acd572fae0e241e72fde98b1968c21,317819,1,Talleres Culturales,huitzilac-talleres-culturales,2026-09-17,"Poligonos Coordinados de Lenin 2026. Centro Poniente/Huitzilac, Monserrat Nava Moncada/Talleres Culturales/Taller cultural de Cristo Rey 3 2026-09-17.jpeg"
FOTO-0FBF6C4395,Taller cultural de Cristo Rey 4 2026-09-17.jpeg,1UK6xYETAVdqY2WezYsl9P5W65ukWpe2s,https://drive.google.com/file/d/1UK6xYETAVdqY2WezYsl9P5W65ukWpe2s/view,MUNICIPIO,MOSTRAR_MUNICIPIO,Centro,Huitzilac,,Centro,Huitzilac,,0,Promotor,Monserrat Nava Moncada,,Lote por evento,/foto/FOTO-0FBF6C4395,,10,SI,0fbf6c4395e36682e6bb1d9afa72b9e4ed42d1f773b2a45e87453725dd540026,269783,1,Talleres Culturales,huitzilac-talleres-culturales,2026-09-17,"Poligonos Coordinados de Lenin 2026. Centro Poniente/Huitzilac, Monserrat Nava Moncada/Talleres Culturales/Taller cultural de Cristo Rey 4 2026-09-17.jpeg"
FOTO-CB8D0AE8AC,Taller Cultural de Cristo Rey. Cartonería Tradicional 2026-09-18 (1).jpeg,1NJ55Qc7LxsErhGA33ipkMoMZk0XnXDJc,https://drive.google.com/file/d/1NJ55Qc7LxsErhGA33ipkMoMZk0XnXDJc/view,MUNICIPIO,MOSTRAR_MUNICIPIO,Centro,Huitzilac,,Centro,Huitzilac,,0,Promotor,Monserrat Nava Moncada,,Lote por evento,/foto/FOTO-CB8D0AE8AC,,10,SI,cb8d0ae8acc39d99b71f7cf64d3ba20fab8c89c41f1bffa13db003a061551ab2,127888,1,Talleres Culturales,huitzilac-talleres-culturales,2026-09-18,"Poligonos Coordinados de Lenin 2026. Centro Poniente/Huitzilac, Monserrat Nava Moncada/Talleres Culturales/Taller Cultural de Cristo Rey. Cartonería Tradicional 2026-09-18 (1).jpeg"
FOTO-166340F493,Taller Cultural de Cristo Rey. Cartonería Tradicional 2026-09-18 (2).jpeg,1eREMMyIN668WFqf1Ph-CoXg5ZQILRTAS,https://drive.google.com/file/d/1eREMMyIN668WFqf1Ph-CoXg5ZQILRTAS/view,MUNICIPIO,MOSTRAR_MUNICIPIO,Centro,Huitzilac,,Centro,Huitzilac,,0,Promotor,Monserrat Nava Moncada,,Lote por evento,/foto/FOTO-166340F493,,10,SI,166340f49338f097435d92f59064283373941f52bbe8a1cd0bdc95b5f787beaa,118750,1,Talleres Culturales,huitzilac-talleres-culturales,2026-09-18,"Poligonos Coordinados de Lenin 2026. Centro Poniente/Huitzilac, Monserrat Nava Moncada/Talleres Culturales/Taller Cultural de Cristo Rey. Cartonería Tradicional 2026-09-18 (2).jpeg"
FOTO-9FA72AA45C,Taller Cultural de Cristo Rey. Cartonería Tradicional 2026-09-18.jpeg,1unXHIj8PXZO3ZqlsUIAtT2cOi43t4hcH,https://drive.google.com/file/d/1unXHIj8PXZO3ZqlsUIAtT2cOi43t4hcH/view,MUNICIPIO,MOSTRAR_MUNICIPIO,Centro,Huitzilac,,Centro,Huitzilac,,0,Promotor,Monserrat Nava Moncada,,Lote por evento,/foto/FOTO-9FA72AA45C,,10,SI,9fa72aa45c2a6572c5c49bb14a81c79630e1d68e34a001bf853a8ffe4d5ffa65,130129,1,Talleres Culturales,huitzilac-talleres-culturales,2026-09-18,"Poligonos Coordinados de Lenin 2026. Centro Poniente/Huitzilac, Monserrat Nava Moncada/Talleres Culturales/Taller Cultural de Cristo Rey. Cartonería Tradicional 2026-09-18.jpeg"
FOTO-9F49950934,Taller Cultural de la comunidad de Cristo Rey 1. 2026-09-03 (1).jpeg,1y0uUj8-QCi8w54LK9AxNqy5wjF249O0a,https://drive.google.com/file/d/1y0uUj8-QCi8w54LK9AxNqy5wjF249O0a/view,MUNICIPIO,MOSTRAR_MUNICIPIO,Centro,Huitzilac,,Centro,Huitzilac,,0,Promotor,Monserrat Nava Moncada,,Lote por evento,/foto/FOTO-9F49950934,,10,SI,9f49950934c8fc0d866e663f00f755974ea6e34976f267a84cfab3f35f132a48,296557,1,Talleres Culturales,huitzilac-talleres-culturales,2026-09-03,"Poligonos Coordinados de Lenin 2026. Centro Poniente/Huitzilac, Monserrat Nava Moncada/Talleres Culturales/Taller Cultural de la comunidad de Cristo Rey 1. 2026-09-03 (1).jpeg"
FOTO-09ECE1361F,Taller Cultural de la comunidad de Cristo Rey 2. 2026-09-03.jpeg,1p1Kgjj1koECCUn2NhYujKw7-LHQVg2eZ,https://drive.google.com/file/d/1p1Kgjj1koECCUn2NhYujKw7-LHQVg2eZ/view,MUNICIPIO,MOSTRAR_MUNICIPIO,Centro,Huitzilac,,Centro,Huitzilac,,0,Promotor,Monserrat Nava Moncada,,Lote por evento,/foto/FOTO-09ECE1361F,,10,SI,09ece1361fb9d7ac6c1f23ff941b7e3da1ec14ec59a94e9bce609f1798061ba1,342233,1,Talleres Culturales,huitzilac-talleres-culturales,2026-09-03,"Poligonos Coordinados de Lenin 2026. Centro Poniente/Huitzilac, Monserrat Nava Moncada/Talleres Culturales/Taller Cultural de la comunidad de Cristo Rey 2. 2026-09-03.jpeg"
FOTO-87EF2A60CB,Taller Cultural de la comunidad de Cristo Rey 3 2026-09-03.jpeg,1OpPtaRDDNy_99YKAt75f2Rh8t7OPrEoy,https://drive.google.com/file/d/1OpPtaRDDNy_99YKAt75f2Rh8t7OPrEoy/view,MUNICIPIO,MOSTRAR_MUNICIPIO,Centro,Huitzilac,,Centro,Huitzilac,,0,Promotor,Monserrat Nava Moncada,,Lote por evento,/foto/FOTO-87EF2A60CB,,10,SI,87ef2a60cb27eba8a0a48b99af15b96e27048a8aa52f4e8743614dfe40c6470a,348052,1,Talleres Culturales,huitzilac-talleres-culturales,2026-09-03,"Poligonos Coordinados de Lenin 2026. Centro Poniente/Huitzilac, Monserrat Nava Moncada/Talleres Culturales/Taller Cultural de la comunidad de Cristo Rey 3 2026-09-03.jpeg"
FOTO-BB5E940D8A,Taller cultural de pintura de Cristo Rey 1 2026-09-10.jpeg,1oukZZpId1A87z865YHSPiOvKA1r4rr16,https://drive.google.com/file/d/1oukZZpId1A87z865YHSPiOvKA1r4rr16/view,MUNICIPIO,MOSTRAR_MUNICIPIO,Centro,Huitzilac,,Centro,Huitzilac,,0,Promotor,Monserrat Nava Moncada,,Lote por evento,/foto/FOTO-BB5E940D8A,,10,SI,bb5e940d8abbd3066351c4d3abb634acf23df62522faba7eb3f6ffce85f4efd4,377267,1,Talleres Culturales,huitzilac-talleres-culturales,2026-09-10,"Poligonos Coordinados de Lenin 2026. Centro Poniente/Huitzilac, Monserrat Nava Moncada/Talleres Culturales/Taller cultural de pintura de Cristo Rey 1 2026-09-10.jpeg"
FOTO-719CD51FF5,Taller cultural de pintura de Cristo Rey 2026-09-10.jpeg,11p2BEa67L-lQVPFAkQhpyGxfLIYImAO_,https://drive.google.com/file/d/11p2BEa67L-lQVPFAkQhpyGxfLIYImAO_/view,MUNICIPIO,MOSTRAR_MUNICIPIO,Centro,Huitzilac,,Centro,Huitzilac,,0,Promotor,Monserrat Nava Moncada,,Lote por evento,/foto/FOTO-719CD51FF5,,10,SI,719cd51ff556e2bfc678911c58d1c88c21b5ea373cdb75276b560991b7b2ec89,242028,1,Talleres Culturales,huitzilac-talleres-culturales,2026-09-10,"Poligonos Coordinados de Lenin 2026. Centro Poniente/Huitzilac, Monserrat Nava Moncada/Talleres Culturales/Taller cultural de pintura de Cristo Rey 2026-09-10.jpeg"
FOTO-857879D7DE,Taller cultural de Tezoyo 1 2026-09-09.jpeg,1p0DBb78XPw457u62z0YEaNTF4K8wd-Nw,https://drive.google.com/file/d/1p0DBb78XPw457u62z0YEaNTF4K8wd-Nw/view,MUNICIPIO,MOSTRAR_MUNICIPIO,Centro,Huitzilac,,Centro,Huitzilac,,0,Promotor,Monserrat Nava Moncada,,Lote por evento,/foto/FOTO-857879D7DE,,10,SI,857879d7de79a7587f76ef6e9da5c8e5bdcf1afb392649db8c219c29a7c7b6ff,131186,1,Talleres Culturales,huitzilac-talleres-culturales,2026-09-09,"Poligonos Coordinados de Lenin 2026. Centro Poniente/Huitzilac, Monserrat Nava Moncada/Talleres Culturales/Taller cultural de Tezoyo 1 2026-09-09.jpeg"
FOTO-4113DFA9F0,Taller cultural de tezoyo 2 2026-09-09.jpeg,1J-CWmOtnUSq67YUNeModqdxduujBixFq,https://drive.google.com/file/d/1J-CWmOtnUSq67YUNeModqdxduujBixFq/view,MUNICIPIO,MOSTRAR_MUNICIPIO,Centro,Huitzilac,,Centro,Huitzilac,,0,Promotor,Monserrat Nava Moncada,,Lote por evento,/foto/FOTO-4113DFA9F0,,10,SI,4113dfa9f019a2faad314904b38d75448c0bfe1fb4a480a2b3d2318389eee723,166794,1,Talleres Culturales,huitzilac-talleres-culturales,2026-09-09,"Poligonos Coordinados de Lenin 2026. Centro Poniente/Huitzilac, Monserrat Nava Moncada/Talleres Culturales/Taller cultural de tezoyo 2 2026-09-09.jpeg"
FOTO-11BB756CCF,"Taller Cultural de Tezoyo, Huitzilac 2026-09-10.jpeg",1rYE9-dcJD6mrpA0c_ivkmj4gmX0kIsOo,https://drive.google.com/file/d/1rYE9-dcJD6mrpA0c_ivkmj4gmX0kIsOo/view,MUNICIPIO,MOSTRAR_MUNICIPIO,Centro,Huitzilac,,Centro,Huitzilac,,0,Promotor,Monserrat Nava Moncada,,Lote por evento,/foto/FOTO-11BB756CCF,,10,SI,11bb756ccfe33e1f67d7a571034311c059bb685d72f6647c2551e39127a2e4ed,127782,1,Talleres Culturales,huitzilac-talleres-culturales,2026-09-10,"Poligonos Coordinados de Lenin 2026. Centro Poniente/Huitzilac, Monserrat Nava Moncada/Talleres Culturales/Taller Cultural de Tezoyo, Huitzilac 2026-09-10.jpeg"
FOTO-51A9E8F05B,"Taller Cultural en Antonio Segura, Huitzilac 1  2026-09-09.jpeg",1r8h0LY6Bpk_UVbi1ceBlSUsUSucNGnsr,https://drive.google.com/file/d/1r8h0LY6Bpk_UVbi1ceBlSUsUSucNGnsr/view,MUNICIPIO,MOSTRAR_MUNICIPIO,Centro,Huitzilac,,Centro,Huitzilac,,0,Promotor,Monserrat Nava Moncada,,Lote por evento,/foto/FOTO-51A9E8F05B,,10,SI,51a9e8f05b66a24235f57a1de2b23b586bbace420e2a8ece98f14a865bff439a,259164,1,Talleres Culturales,huitzilac-talleres-culturales,2026-09-09,"Poligonos Coordinados de Lenin 2026. Centro Poniente/Huitzilac, Monserrat Nava Moncada/Talleres Culturales/Taller Cultural en Antonio Segura, Huitzilac 1  2026-09-09.jpeg"
FOTO-23E763B04C,"Taller cultural en Antonio Segura, Huitzilac 1 2026-08-27.jpeg",1T7EQOF7rogRPG-L016CvcutsACE73xH-,https://drive.google.com/file/d/1T7EQOF7rogRPG-L016CvcutsACE73xH-/view,MUNICIPIO,MOSTRAR_MUNICIPIO,Centro,Huitzilac,,Centro,Huitzilac,,0,Promotor,Monserrat Nava Moncada,,Lote por evento,/foto/FOTO-23E763B04C,,10,SI,23e763b04c411fdf5f29d286435d00b8a7817ec5a3bc9962d287158a9091e57c,441808,1,Talleres Culturales,huitzilac-talleres-culturales,2026-08-27,"Poligonos Coordinados de Lenin 2026. Centro Poniente/Huitzilac, Monserrat Nava Moncada/Talleres Culturales/Taller cultural en Antonio Segura, Huitzilac 1 2026-08-27.jpeg"
FOTO-3BDFB1E177,"Taller Cultural en Antonio Segura, Huitzilac 2  2026-09-092026-09-09.jpeg",1Exs6nMuLfkzRayflXXbP6z7ilAUP6H3f,https://drive.google.com/file/d/1Exs6nMuLfkzRayflXXbP6z7ilAUP6H3f/view,MUNICIPIO,MOSTRAR_MUNICIPIO,Centro,Huitzilac,,Centro,Huitzilac,,0,Promotor,Monserrat Nava Moncada,,Lote por evento,/foto/FOTO-3BDFB1E177,,10,SI,3bdfb1e177a0a2dc480da0266fad48d0996ad43ebb3ea29e6598b52038005a44,462265,1,Talleres Culturales,huitzilac-talleres-culturales,2026-09-09,"Poligonos Coordinados de Lenin 2026. Centro Poniente/Huitzilac, Monserrat Nava Moncada/Talleres Culturales/Taller Cultural en Antonio Segura, Huitzilac 2  2026-09-092026-09-09.jpeg"
FOTO-55D81EDC11,"Taller cultural en Antonio Segura, Huitzilac 2 2026-08-27.jpeg",1k3Q3OA8woZFdgN4REM_tq-jkiCTxrOqf,https://drive.google.com/file/d/1k3Q3OA8woZFdgN4REM_tq-jkiCTxrOqf/view,MUNICIPIO,MOSTRAR_MUNICIPIO,Centro,Huitzilac,,Centro,Huitzilac,,0,Promotor,Monserrat Nava Moncada,,Lote por evento,/foto/FOTO-55D81EDC11,,10,SI,55d81edc11e51cea20512d83a1d3a2de39ebc0a02a3bdd6b9765c5a788680bbc,330998,1,Talleres Culturales,huitzilac-talleres-culturales,2026-08-27,"Poligonos Coordinados de Lenin 2026. Centro Poniente/Huitzilac, Monserrat Nava Moncada/Talleres Culturales/Taller cultural en Antonio Segura, Huitzilac 2 2026-08-27.jpeg"
FOTO-FAE48F5062,"Taller Cultural, Camino a la Mina, Huitzilac 1 29-08-2026.jpeg",1mKvV_DD2bkF6ECTwk5SFPB-NxXXvhfOl,https://drive.google.com/file/d/1mKvV_DD2bkF6ECTwk5SFPB-NxXXvhfOl/view,MUNICIPIO,MOSTRAR_MUNICIPIO,Centro,Huitzilac,,Centro,Huitzilac,,0,Promotor,Monserrat Nava Moncada,,Lote por evento,/foto/FOTO-FAE48F5062,,10,SI,fae48f5062dc5750d692addf2a53fc07e43e06f53f9ec4bc38457ecfabcce96a,1301169,1,Talleres Culturales,huitzilac-talleres-culturales,2026-08-29,"Poligonos Coordinados de Lenin 2026. Centro Poniente/Huitzilac, Monserrat Nava Moncada/Talleres Culturales/Taller Cultural, Camino a la Mina, Huitzilac 1 29-08-2026.jpeg"
FOTO-E6CF24E0EA,"Taller Cultural, Camino a la Mina, Huitzilac 2 29-08-2026.jpeg",1oB7C4rAtUPdp4o1g7tFJJuIPT9MF9rEj,https://drive.google.com/file/d/1oB7C4rAtUPdp4o1g7tFJJuIPT9MF9rEj/view,MUNICIPIO,MOSTRAR_MUNICIPIO,Centro,Huitzilac,,Centro,Huitzilac,,0,Promotor,Monserrat Nava Moncada,,Lote por evento,/foto/FOTO-E6CF24E0EA,,10,SI,e6cf24e0ea30885646e296720eee1dbeadc68d6eb8ea72072f81608887472d25,1561306,1,Talleres Culturales,huitzilac-talleres-culturales,2026-08-29,"Poligonos Coordinados de Lenin 2026. Centro Poniente/Huitzilac, Monserrat Nava Moncada/Talleres Culturales/Taller Cultural, Camino a la Mina, Huitzilac 2 29-08-2026.jpeg"
FOTO-A21BA9A96D,"Taller Cultural, Camino a la Mina, Huitzilac 329-08-2026.jpeg",1dk-X37_uivJ9vaBRJOVa6deVtOUhH29Y,https://drive.google.com/file/d/1dk-X37_uivJ9vaBRJOVa6deVtOUhH29Y/view,MUNICIPIO,MOSTRAR_MUNICIPIO,Centro,Huitzilac,,Centro,Huitzilac,,0,Promotor,Monserrat Nava Moncada,,Lote por evento,/foto/FOTO-A21BA9A96D,,10,SI,a21ba9a96dd0bb77f473d7ead8e167591a6dc21419f153c165844852b53cbe4d,1471419,1,Talleres Culturales,huitzilac-talleres-culturales,2026-08-29,"Poligonos Coordinados de Lenin 2026. Centro Poniente/Huitzilac, Monserrat Nava Moncada/Talleres Culturales/Taller Cultural, Camino a la Mina, Huitzilac 329-08-2026.jpeg"
FOTO-1BFC2CE891,"Taller Cultural, Camino a la Mina, Huitzilac 429-08-2026.jpeg",1dtLxmUiSVmkT39Dj9uhG3yy1Uto3xjQ_,https://drive.google.com/file/d/1dtLxmUiSVmkT39Dj9uhG3yy1Uto3xjQ_/view,MUNICIPIO,MOSTRAR_MUNICIPIO,Centro,Huitzilac,,Centro,Huitzilac,,0,Promotor,Monserrat Nava Moncada,,Lote por evento,/foto/FOTO-1BFC2CE891,,10,SI,1bfc2ce8912cd9c5662ef4db1e86c44df4875b40aba48ac6476695293b52c43f,1362968,1,Talleres Culturales,huitzilac-talleres-culturales,2026-08-29,"Poligonos Coordinados de Lenin 2026. Centro Poniente/Huitzilac, Monserrat Nava Moncada/Talleres Culturales/Taller Cultural, Camino a la Mina, Huitzilac 429-08-2026.jpeg"
FOTO-07E9848CEB,"Taller cultural, Cristo Rey Huitzilac 1 2026-09-10.jpeg",1VwIAG39L82fvFW0cXmV-OCvETcXnu0h5,https://drive.google.com/file/d/1VwIAG39L82fvFW0cXmV-OCvETcXnu0h5/view,MUNICIPIO,MOSTRAR_MUNICIPIO,Centro,Huitzilac,,Centro,Huitzilac,,0,Promotor,Monserrat Nava Moncada,,Lote por evento,/foto/FOTO-07E9848CEB,,10,SI,07e9848cebeaa9fc533572d026d45838db6bef9e23ac2b9c16d9f707e6945998,188455,1,Talleres Culturales,huitzilac-talleres-culturales,2026-09-10,"Poligonos Coordinados de Lenin 2026. Centro Poniente/Huitzilac, Monserrat Nava Moncada/Talleres Culturales/Taller cultural, Cristo Rey Huitzilac 1 2026-09-10.jpeg"
FOTO-921A965B00,"Taller cultural, Cristo Rey Huitzilac 2 2026-09-10.jpeg",10nV780iLPMCU4lXg64vzXiDS3MQaSmqk,https://drive.google.com/file/d/10nV780iLPMCU4lXg64vzXiDS3MQaSmqk/view,MUNICIPIO,MOSTRAR_MUNICIPIO,Centro,Huitzilac,,Centro,Huitzilac,,0,Promotor,Monserrat Nava Moncada,,Lote por evento,/foto/FOTO-921A965B00,,10,SI,921a965b000eb5a49c8f7070c53124e73e47fa78065bcb9383dd055d95763bc8,163837,1,Talleres Culturales,huitzilac-talleres-culturales,2026-09-10,"Poligonos Coordinados de Lenin 2026. Centro Poniente/Huitzilac, Monserrat Nava Moncada/Talleres Culturales/Taller cultural, Cristo Rey Huitzilac 2 2026-09-10.jpeg"
FOTO-70FBEEA09B,"Taller cultural, Cristo Rey Huitzilac 3 2026-09-10.jpeg",161VUCH3YbQjEoGU3UnHCO5Ej-UkRa5n_,https://drive.google.com/file/d/161VUCH3YbQjEoGU3UnHCO5Ej-UkRa5n_/view,MUNICIPIO,MOSTRAR_MUNICIPIO,Centro,Huitzilac,,Centro,Huitzilac,,0,Promotor,Monserrat Nava Moncada,,Lote por evento,/foto/FOTO-70FBEEA09B,,10,SI,70fbeea09b5a3cc6c75f6159f87cc7b443e71aa0dc5cd0309824d9531b898643,142331,1,Talleres Culturales,huitzilac-talleres-culturales,2026-09-10,"Poligonos Coordinados de Lenin 2026. Centro Poniente/Huitzilac, Monserrat Nava Moncada/Talleres Culturales/Taller cultural, Cristo Rey Huitzilac 3 2026-09-10.jpeg"
FOTO-AC881C3424,"Taller cultural, los Hongos Huitzilac 2026-09-09.jpeg",196FIfI-wGVKJ_zeUTLcnu_i7Fox4snse,https://drive.google.com/file/d/196FIfI-wGVKJ_zeUTLcnu_i7Fox4snse/view,MUNICIPIO,MOSTRAR_MUNICIPIO,Centro,Huitzilac,,Centro,Huitzilac,,0,Promotor,Monserrat Nava Moncada,,Lote por evento,/foto/FOTO-AC881C3424,,10,SI,ac881c3424c7b285d108674917321dd08882c7bccf0deaac49a34d7c504f77d7,403975,1,Talleres Culturales,huitzilac-talleres-culturales,2026-09-09,"Poligonos Coordinados de Lenin 2026. Centro Poniente/Huitzilac, Monserrat Nava Moncada/Talleres Culturales/Taller cultural, los Hongos Huitzilac 2026-09-09.jpeg"
FOTO-D385AF5271,"Taller de Cartonería, Huitzilac, 2. 26 de junio de 2026.jpeg",11YCNK97JC4BzlrbcgSP7TIni9ytdt_kU,https://drive.google.com/file/d/11YCNK97JC4BzlrbcgSP7TIni9ytdt_kU/view,MUNICIPIO,MOSTRAR_MUNICIPIO,Centro,Huitzilac,,Centro,Huitzilac,,0,Promotor,Monserrat Nava Moncada,,Lote por evento,/foto/FOTO-D385AF5271,,10,SI,d385af5271493aad83683ac2b35aeb844e0bd64f295aba72913f2547f01d475b,104431,1,Talleres Culturales,huitzilac-talleres-culturales,2026-06-26,"Poligonos Coordinados de Lenin 2026. Centro Poniente/Huitzilac, Monserrat Nava Moncada/Talleres Culturales/Taller de Cartonería, Huitzilac, 2. 26 de junio de 2026.jpeg"
FOTO-06475AD862,"Taller de Cartonería, Huitzilac, 3. 26 de junio de 2026.jpeg",1UQ_V5iMLI_V9Y0KJ2qi9TFvYIh7sl0MN,https://drive.google.com/file/d/1UQ_V5iMLI_V9Y0KJ2qi9TFvYIh7sl0MN/view,MUNICIPIO,MOSTRAR_MUNICIPIO,Centro,Huitzilac,,Centro,Huitzilac,,0,Promotor,Monserrat Nava Moncada,,Lote por evento,/foto/FOTO-06475AD862,,10,SI,06475ad862b387c5617a1137cd3064c1b335139d045470779408a00c019f09d2,94082,1,Talleres Culturales,huitzilac-talleres-culturales,2026-06-26,"Poligonos Coordinados de Lenin 2026. Centro Poniente/Huitzilac, Monserrat Nava Moncada/Talleres Culturales/Taller de Cartonería, Huitzilac, 3. 26 de junio de 2026.jpeg"
FOTO-E1BD589E63,"Taller de Cartonería, Huitzilac, 4. 26 de junio de 2026.jpeg",1083n15vhnAmSP8rO7LGIMrofjkZioTyz,https://drive.google.com/file/d/1083n15vhnAmSP8rO7LGIMrofjkZioTyz/view,MUNICIPIO,MOSTRAR_MUNICIPIO,Centro,Huitzilac,,Centro,Huitzilac,,0,Promotor,Monserrat Nava Moncada,,Lote por evento,/foto/FOTO-E1BD589E63,,10,SI,e1bd589e63a57a8662134664439bd6c9cc73a9dcd2c8b8dd1857ac9b74b49b92,139195,1,Talleres Culturales,huitzilac-talleres-culturales,2026-06-26,"Poligonos Coordinados de Lenin 2026. Centro Poniente/Huitzilac, Monserrat Nava Moncada/Talleres Culturales/Taller de Cartonería, Huitzilac, 4. 26 de junio de 2026.jpeg"
FOTO-B110A9684E,"Taller de Cartonería, Huitzilac, 5.  26 de junio de 2026.jpeg",18LJOphJSa3yzeYg2KurjqThpm-tSs16o,https://drive.google.com/file/d/18LJOphJSa3yzeYg2KurjqThpm-tSs16o/view,MUNICIPIO,MOSTRAR_MUNICIPIO,Centro,Huitzilac,,Centro,Huitzilac,,0,Promotor,Monserrat Nava Moncada,,Lote por evento,/foto/FOTO-B110A9684E,,10,SI,b110a9684edd7828db7d0f5a193612511a766e245ca7fb261d60b78429bfcef5,87879,1,Talleres Culturales,huitzilac-talleres-culturales,2026-06-26,"Poligonos Coordinados de Lenin 2026. Centro Poniente/Huitzilac, Monserrat Nava Moncada/Talleres Culturales/Taller de Cartonería, Huitzilac, 5.  26 de junio de 2026.jpeg"
FOTO-647AA6C782,"Taller de Cartonería, Huitzilac. 26 de junio de 2026..jpeg",1CfBlpJen-jwZRFq-Hh6-oWAht3sHVv2V,https://drive.google.com/file/d/1CfBlpJen-jwZRFq-Hh6-oWAht3sHVv2V/view,MUNICIPIO,MOSTRAR_MUNICIPIO,Centro,Huitzilac,,Centro,Huitzilac,,0,Promotor,Monserrat Nava Moncada,,Lote por evento,/foto/FOTO-647AA6C782,,10,SI,647aa6c7820b89a6cbf0e0479325c469e9b68589dc818a88e36ec75ea4c252e3,127097,1,Talleres Culturales,huitzilac-talleres-culturales,2026-06-26,"Poligonos Coordinados de Lenin 2026. Centro Poniente/Huitzilac, Monserrat Nava Moncada/Talleres Culturales/Taller de Cartonería, Huitzilac. 26 de junio de 2026..jpeg"
FOTO-7E53085637,Asambleas de comité comunitario 1..jpeg,1SYo-s4u3YjvgtDQ5tneOWKb_uoJn1KLb,https://drive.google.com/file/d/1SYo-s4u3YjvgtDQ5tneOWKb_uoJn1KLb/view,MUNICIPIO,MOSTRAR_MUNICIPIO,Centro,Jiutepec,,Centro,Jiutepec,,0,Promotor,Gabriela Salazar Hernández,,Lote por evento,/foto/FOTO-7E53085637,,10,SI,7e53085637c2ee85e9f343e3b90ddad2a542433dd3625a6e53aae009e9f2e0d2,257778,1,Consejos Comunitarios,jiutepec-consejos-comunitarios,,"Poligonos Coordinados de Lenin 2026. Centro Poniente/Jiutepec, Gabriela Salazar Hernández/Consejos Comunitarios/Asambleas de comité comunitario 1..jpeg"
FOTO-FAF66B96E1,Asambleas de comité comunitario 2.jpeg,1dXarAlnly_LarME2T4ztJXfLZFQ3KHQt,https://drive.google.com/file/d/1dXarAlnly_LarME2T4ztJXfLZFQ3KHQt/view,MUNICIPIO,MOSTRAR_MUNICIPIO,Centro,Jiutepec,,Centro,Jiutepec,,0,Promotor,Gabriela Salazar Hernández,,Lote por evento,/foto/FOTO-FAF66B96E1,,10,SI,faf66b96e1616e08a18ce7df361e3ec2f4d0e2348fefe690b69ca578e827abcb,222659,1,Consejos Comunitarios,jiutepec-consejos-comunitarios,,"Poligonos Coordinados de Lenin 2026. Centro Poniente/Jiutepec, Gabriela Salazar Hernández/Consejos Comunitarios/Asambleas de comité comunitario 2.jpeg"
FOTO-5C3F78F747,"Cerro de la Corona, Jiutepec 1.jpeg",1ClImnQcPFFRwR2V7beEQ-fyKpMFjdvtA,https://drive.google.com/file/d/1ClImnQcPFFRwR2V7beEQ-fyKpMFjdvtA/view,MUNICIPIO,MOSTRAR_MUNICIPIO,Centro,Jiutepec,,Centro,Jiutepec,,0,Promotor,Gabriela Salazar Hernández,,Lote por evento,/foto/FOTO-5C3F78F747,,10,SI,5c3f78f747f7b65dc3d951fba947ecd50fec068d72ffb5a8524e822e6959fb77,239135,1,Consejos Comunitarios,jiutepec-consejos-comunitarios,,"Poligonos Coordinados de Lenin 2026. Centro Poniente/Jiutepec, Gabriela Salazar Hernández/Consejos Comunitarios/Cerro de la Corona, Jiutepec 1.jpeg"
FOTO-966ADE598A,"Cerro de la Corona, Jiutepec..jpeg",1xEIEyauqHJ4I3156-OwJpRkBt472X8Zn,https://drive.google.com/file/d/1xEIEyauqHJ4I3156-OwJpRkBt472X8Zn/view,MUNICIPIO,MOSTRAR_MUNICIPIO,Centro,Jiutepec,,Centro,Jiutepec,,0,Promotor,Gabriela Salazar Hernández,,Lote por evento,/foto/FOTO-966ADE598A,,10,SI,966ade598a53a6e1166b099a7fa8de915ed92a114264eed47bd3e8ec11eb17b8,270734,1,Consejos Comunitarios,jiutepec-consejos-comunitarios,,"Poligonos Coordinados de Lenin 2026. Centro Poniente/Jiutepec, Gabriela Salazar Hernández/Consejos Comunitarios/Cerro de la Corona, Jiutepec..jpeg"
FOTO-A35C36A7D4,"Consejo Comunitario en preparativo para entrega de Jitomate, Jiutepec..jpeg",1qY_Jd7KwhMxcqux8cbIPUF7wZXmsEJMy,https://drive.google.com/file/d/1qY_Jd7KwhMxcqux8cbIPUF7wZXmsEJMy/view,MUNICIPIO,MOSTRAR_MUNICIPIO,Centro,Jiutepec,,Centro,Jiutepec,,0,Promotor,Gabriela Salazar Hernández,,Lote por evento,/foto/FOTO-A35C36A7D4,,10,SI,a35c36a7d447c86aa8ee3f049122f2084757d29d7bac4bb330c99d2aab2e20cf,279733,1,Consejos Comunitarios,jiutepec-consejos-comunitarios,,"Poligonos Coordinados de Lenin 2026. Centro Poniente/Jiutepec, Gabriela Salazar Hernández/Consejos Comunitarios/Consejo Comunitario en preparativo para entrega de Jitomate, Jiutepec..jpeg"
FOTO-63A1E06005,"Loma Bonita, Jiutepec..jpeg",1kYr0lNHxU2JdpByVivzk3iOiKoTA-rSG,https://drive.google.com/file/d/1kYr0lNHxU2JdpByVivzk3iOiKoTA-rSG/view,MUNICIPIO,MOSTRAR_MUNICIPIO,Centro,Jiutepec,,Centro,Jiutepec,,0,Promotor,Gabriela Salazar Hernández,,Lote por evento,/foto/FOTO-63A1E06005,,10,SI,63a1e06005ab5e3ddae764e28dac7d7725277ed0dddf2a833e51e0d97139a0a1,249689,1,Consejos Comunitarios,jiutepec-consejos-comunitarios,,"Poligonos Coordinados de Lenin 2026. Centro Poniente/Jiutepec, Gabriela Salazar Hernández/Consejos Comunitarios/Loma Bonita, Jiutepec..jpeg"
FOTO-920BC49D30,"Luis D. Colosio, Jiutepec..jpeg",17Y4MFCHKaLDUy-6iWLdITDTBGSBVagIf,https://drive.google.com/file/d/17Y4MFCHKaLDUy-6iWLdITDTBGSBVagIf/view,MUNICIPIO,MOSTRAR_MUNICIPIO,Centro,Jiutepec,,Centro,Jiutepec,,0,Promotor,Gabriela Salazar Hernández,,Lote por evento,/foto/FOTO-920BC49D30,,10,SI,920bc49d301654eb4f4b4ee37f4518b62309d430a3d85a2d7f220997948b68ca,322147,1,Consejos Comunitarios,jiutepec-consejos-comunitarios,,"Poligonos Coordinados de Lenin 2026. Centro Poniente/Jiutepec, Gabriela Salazar Hernández/Consejos Comunitarios/Luis D. Colosio, Jiutepec..jpeg"
FOTO-EEBFB7FC76,"Luis Donaldo Colosio, Jiutepec.jpeg",1wJT-zhyeejlXYBj7ZH_0bbHqUT5xkEH-,https://drive.google.com/file/d/1wJT-zhyeejlXYBj7ZH_0bbHqUT5xkEH-/view,MUNICIPIO,MOSTRAR_MUNICIPIO,Centro,Jiutepec,,Centro,Jiutepec,,0,Promotor,Gabriela Salazar Hernández,,Lote por evento,/foto/FOTO-EEBFB7FC76,,10,SI,eebfb7fc76489fe1b26629c4d4299580450b4c58d53ed4091fa2d1958f43a336,366346,1,Consejos Comunitarios,jiutepec-consejos-comunitarios,,"Poligonos Coordinados de Lenin 2026. Centro Poniente/Jiutepec, Gabriela Salazar Hernández/Consejos Comunitarios/Luis Donaldo Colosio, Jiutepec.jpeg"
FOTO-D3CAB0C065,"Toma de protesta de Loma Bonita, Poligono 7 Jiutepec..jpeg",1asfp5a-LfYIOJqumRcR3ZHB-N6nlCHLN,https://drive.google.com/file/d/1asfp5a-LfYIOJqumRcR3ZHB-N6nlCHLN/view,MUNICIPIO,MOSTRAR_MUNICIPIO,Centro,Jiutepec,,Centro,Jiutepec,,0,Promotor,Gabriela Salazar Hernández,,Lote por evento,/foto/FOTO-D3CAB0C065,,10,SI,d3cab0c065db42e76335a2e9d5e8724c370f66ed941e6cbcf3589571b8ec8834,198782,1,Consejos Comunitarios,jiutepec-consejos-comunitarios,,"Poligonos Coordinados de Lenin 2026. Centro Poniente/Jiutepec, Gabriela Salazar Hernández/Consejos Comunitarios/Toma de protesta de Loma Bonita, Poligono 7 Jiutepec..jpeg"
FOTO-DBCFB48678,"Toma de protesta del comité de col. Lomas Chapultepec, Jiutepec..jpeg",1SrQjw9CMHt0xn3WkBdjAaHockeZxlO82,https://drive.google.com/file/d/1SrQjw9CMHt0xn3WkBdjAaHockeZxlO82/view,MUNICIPIO,MOSTRAR_MUNICIPIO,Centro,Jiutepec,,Centro,Jiutepec,,0,Promotor,Gabriela Salazar Hernández,,Lote por evento,/foto/FOTO-DBCFB48678,,10,SI,dbcfb486782ae8d914fdf10aed900120a382349156ea8dc949bf0e618d5e0e93,174510,1,Consejos Comunitarios,jiutepec-consejos-comunitarios,,"Poligonos Coordinados de Lenin 2026. Centro Poniente/Jiutepec, Gabriela Salazar Hernández/Consejos Comunitarios/Toma de protesta del comité de col. Lomas Chapultepec, Jiutepec..jpeg"
FOTO-05AB2D6A16,"Consejo comunitario en la entrega de jitomate, Jiutepec..jpeg",1-KKLVLPO7WADv3_Vhi8Yt51hO-NdH20s,https://drive.google.com/file/d/1-KKLVLPO7WADv3_Vhi8Yt51hO-NdH20s/view,MUNICIPIO,MOSTRAR_MUNICIPIO,Centro,Jiutepec,,Centro,Jiutepec,,0,Promotor,Gabriela Salazar Hernández,,Lote por evento,/foto/FOTO-05AB2D6A16,,10,SI,05ab2d6a16fc4e53b115f28179b7cfaa79ac3718c6da2e2ad687d2ef45f55acd,313178,1,Entrega de hortalizas. Jiutepec,jiutepec-entrega-de-hortalizas-jiutepec,,"Poligonos Coordinados de Lenin 2026. Centro Poniente/Jiutepec, Gabriela Salazar Hernández/Entrega de hortalizas. Jiutepec/Consejo comunitario en la entrega de jitomate, Jiutepec..jpeg"
FOTO-55C5B1D6D9,Consejo de jiutepec. Entrega de nopal y jitomate. 12032026.jpeg,1YxEqAT-KpbKTHT-GQKrtnszvRxetgpw6,https://drive.google.com/file/d/1YxEqAT-KpbKTHT-GQKrtnszvRxetgpw6/view,MUNICIPIO,MOSTRAR_MUNICIPIO,Centro,Jiutepec,,Centro,Jiutepec,,0,Promotor,Gabriela Salazar Hernández,,Lote por evento,/foto/FOTO-55C5B1D6D9,,10,SI,55c5b1d6d9a323d1186e265ab39b2f4ce8a22d4e1ebe785c6a5e8a1555b34ba3,223766,1,Entrega de hortalizas. Jiutepec,jiutepec-entrega-de-hortalizas-jiutepec,2026-03-12,"Poligonos Coordinados de Lenin 2026. Centro Poniente/Jiutepec, Gabriela Salazar Hernández/Entrega de hortalizas. Jiutepec/Consejo de jiutepec. Entrega de nopal y jitomate. 12032026.jpeg"
FOTO-F7B8B39C0F,"Entrega de Jitomate en Cerro de la Corona, Jiutepec 1..jpeg",19VWKnZFjJHP25xQeEIIBzlx-wSvO89p3,https://drive.google.com/file/d/19VWKnZFjJHP25xQeEIIBzlx-wSvO89p3/view,MUNICIPIO,MOSTRAR_MUNICIPIO,Centro,Jiutepec,,Centro,Jiutepec,,0,Promotor,Gabriela Salazar Hernández,,Lote por evento,/foto/FOTO-F7B8B39C0F,,10,SI,f7b8b39c0fe6a82c0515e2a0ebdc568ae73b1ab64ef60a4b1c49d41d8814bff9,420060,1,Entrega de hortalizas. Jiutepec,jiutepec-entrega-de-hortalizas-jiutepec,,"Poligonos Coordinados de Lenin 2026. Centro Poniente/Jiutepec, Gabriela Salazar Hernández/Entrega de hortalizas. Jiutepec/Entrega de Jitomate en Cerro de la Corona, Jiutepec 1..jpeg"
FOTO-63FBE2E6E1,"Entrega de Jitomate en Cerro de la Corona, Jiutepec 2..jpeg",1tpGYgZTfzdDab-aowM3wvMsvL74p44LE,https://drive.google.com/file/d/1tpGYgZTfzdDab-aowM3wvMsvL74p44LE/view,MUNICIPIO,MOSTRAR_MUNICIPIO,Centro,Jiutepec,,Centro,Jiutepec,,0,Promotor,Gabriela Salazar Hernández,,Lote por evento,/foto/FOTO-63FBE2E6E1,,10,SI,63fbe2e6e1febebd7cbad4a306542cd26cd83862b4bc4aada3b6dbcf15e02ad0,292604,1,Entrega de hortalizas. Jiutepec,jiutepec-entrega-de-hortalizas-jiutepec,,"Poligonos Coordinados de Lenin 2026. Centro Poniente/Jiutepec, Gabriela Salazar Hernández/Entrega de hortalizas. Jiutepec/Entrega de Jitomate en Cerro de la Corona, Jiutepec 2..jpeg"
FOTO-5569650953,"Entrega de Jitomate en Cerro de la Corona, Jiutepec 3.jpeg",110gSX3vt8VnJx9Og5GJt8M6EDP6tS7LO,https://drive.google.com/file/d/110gSX3vt8VnJx9Og5GJt8M6EDP6tS7LO/view,MUNICIPIO,MOSTRAR_MUNICIPIO,Centro,Jiutepec,,Centro,Jiutepec,,0,Promotor,Gabriela Salazar Hernández,,Lote por evento,/foto/FOTO-5569650953,,10,SI,5569650953e5c4c026ab6726d5630592cde3b9d3515f9aa69cfbaeb553642c47,397422,1,Entrega de hortalizas. Jiutepec,jiutepec-entrega-de-hortalizas-jiutepec,,"Poligonos Coordinados de Lenin 2026. Centro Poniente/Jiutepec, Gabriela Salazar Hernández/Entrega de hortalizas. Jiutepec/Entrega de Jitomate en Cerro de la Corona, Jiutepec 3.jpeg"
FOTO-36476B33B4,Entrega de Jitomate en Ejido Chapultepec 1.jpeg,1Q7fVPWh6-a-gro_A_C_91kxxefwlMT9e,https://drive.google.com/file/d/1Q7fVPWh6-a-gro_A_C_91kxxefwlMT9e/view,MUNICIPIO,MOSTRAR_MUNICIPIO,Centro,Jiutepec,,Centro,Jiutepec,,0,Promotor,Gabriela Salazar Hernández,,Lote por evento,/foto/FOTO-36476B33B4,,10,SI,36476b33b4ebf56b0951c180a6110bc1bb1419e845bbff8d9c0cdf903cdbc8bf,478811,1,Entrega de hortalizas. Jiutepec,jiutepec-entrega-de-hortalizas-jiutepec,,"Poligonos Coordinados de Lenin 2026. Centro Poniente/Jiutepec, Gabriela Salazar Hernández/Entrega de hortalizas. Jiutepec/Entrega de Jitomate en Ejido Chapultepec 1.jpeg"
FOTO-15B0C3C979,Entrega de Jitomate en Ejido Chapultepec 2.jpeg,1SHP3L0x0UwpD7Z6XoGPZH-g6YdHsKa09,https://drive.google.com/file/d/1SHP3L0x0UwpD7Z6XoGPZH-g6YdHsKa09/view,MUNICIPIO,MOSTRAR_MUNICIPIO,Centro,Jiutepec,,Centro,Jiutepec,,0,Promotor,Gabriela Salazar Hernández,,Lote por evento,/foto/FOTO-15B0C3C979,,10,SI,15b0c3c9791b009e65a300db818e0f40fe5605956a57bbfd6047dd70167f01b2,480027,1,Entrega de hortalizas. Jiutepec,jiutepec-entrega-de-hortalizas-jiutepec,,"Poligonos Coordinados de Lenin 2026. Centro Poniente/Jiutepec, Gabriela Salazar Hernández/Entrega de hortalizas. Jiutepec/Entrega de Jitomate en Ejido Chapultepec 2.jpeg"
FOTO-EDB7138308,Entrega de Jitomate en Ejido Chapultepec 3.jpeg,1jLM5qmRqFEKyX4ynH2rdYOEISsDRaHI7,https://drive.google.com/file/d/1jLM5qmRqFEKyX4ynH2rdYOEISsDRaHI7/view,MUNICIPIO,MOSTRAR_MUNICIPIO,Centro,Jiutepec,,Centro,Jiutepec,,0,Promotor,Gabriela Salazar Hernández,,Lote por evento,/foto/FOTO-EDB7138308,,10,SI,edb713830876a2db1a500adf593b5f8e85417971c8c3cb2040e3482493c71930,371192,1,Entrega de hortalizas. Jiutepec,jiutepec-entrega-de-hortalizas-jiutepec,,"Poligonos Coordinados de Lenin 2026. Centro Poniente/Jiutepec, Gabriela Salazar Hernández/Entrega de hortalizas. Jiutepec/Entrega de Jitomate en Ejido Chapultepec 3.jpeg"
FOTO-5C3EFB52DD,Entrega de Jitomate en Ejido Chapultepec 4.jpeg,1hl1Pgc-NOOJNwSsivtMlvlqTLCjhahkA,https://drive.google.com/file/d/1hl1Pgc-NOOJNwSsivtMlvlqTLCjhahkA/view,MUNICIPIO,MOSTRAR_MUNICIPIO,Centro,Jiutepec,,Centro,Jiutepec,,0,Promotor,Gabriela Salazar Hernández,,Lote por evento,/foto/FOTO-5C3EFB52DD,,10,SI,5c3efb52dd23e3790ab070cf9c86a8ff553cd72e39b689bb86c86a34bdec3123,403811,1,Entrega de hortalizas. Jiutepec,jiutepec-entrega-de-hortalizas-jiutepec,,"Poligonos Coordinados de Lenin 2026. Centro Poniente/Jiutepec, Gabriela Salazar Hernández/Entrega de hortalizas. Jiutepec/Entrega de Jitomate en Ejido Chapultepec 4.jpeg"
FOTO-77DE16D9CA,Entrega de Jitomate en Jiutepec. 12032026.jpeg,1NSGd2oHl0E6FVvJCmFcpOPssXJitB5tN,https://drive.google.com/file/d/1NSGd2oHl0E6FVvJCmFcpOPssXJitB5tN/view,MUNICIPIO,MOSTRAR_MUNICIPIO,Centro,Jiutepec,,Centro,Jiutepec,,0,Promotor,Gabriela Salazar Hernández,,Lote por evento,/foto/FOTO-77DE16D9CA,,10,SI,77de16d9ca4b3ca25caadc829246b086cbe7cbf4978a327fbcb5ed70dc47c4b6,375992,1,Entrega de hortalizas. Jiutepec,jiutepec-entrega-de-hortalizas-jiutepec,2026-03-12,"Poligonos Coordinados de Lenin 2026. Centro Poniente/Jiutepec, Gabriela Salazar Hernández/Entrega de hortalizas. Jiutepec/Entrega de Jitomate en Jiutepec. 12032026.jpeg"
FOTO-320155BE47,Entrega de Jitomate y nopal 12032026.jpeg,1pPuzTKvkL9R-tBtMwdlniYrr1Wlb6bVT,https://drive.google.com/file/d/1pPuzTKvkL9R-tBtMwdlniYrr1Wlb6bVT/view,MUNICIPIO,MOSTRAR_MUNICIPIO,Centro,Jiutepec,,Centro,Jiutepec,,0,Promotor,Gabriela Salazar Hernández,,Lote por evento,/foto/FOTO-320155BE47,,10,SI,320155be478950b6d6a04bee7b6a30962b0c240983fc1dc65e126cf49fc588fd,177881,1,Entrega de hortalizas. Jiutepec,jiutepec-entrega-de-hortalizas-jiutepec,2026-03-12,"Poligonos Coordinados de Lenin 2026. Centro Poniente/Jiutepec, Gabriela Salazar Hernández/Entrega de hortalizas. Jiutepec/Entrega de Jitomate y nopal 12032026.jpeg"
FOTO-77C005C550,Entrega de jitomate y nopal jiutepec. 12032026..jpeg,10yQ9LEC0_Hqq75ZLJCxX5WDHE9quj857,https://drive.google.com/file/d/10yQ9LEC0_Hqq75ZLJCxX5WDHE9quj857/view,MUNICIPIO,MOSTRAR_MUNICIPIO,Centro,Jiutepec,,Centro,Jiutepec,,0,Promotor,Gabriela Salazar Hernández,,Lote por evento,/foto/FOTO-77C005C550,,10,SI,77c005c5500c9001447ff1a3c364d5cc64de8fc19c3628874f8621935889f078,144693,1,Entrega de hortalizas. Jiutepec,jiutepec-entrega-de-hortalizas-jiutepec,2026-03-12,"Poligonos Coordinados de Lenin 2026. Centro Poniente/Jiutepec, Gabriela Salazar Hernández/Entrega de hortalizas. Jiutepec/Entrega de jitomate y nopal jiutepec. 12032026..jpeg"
FOTO-0DEB87CF03,Entrega de jitomate y nopal. Jiutepec. 12032026.jpeg,10wZAFBlkw2sMA17yyy5YhfGinX4GfzK2,https://drive.google.com/file/d/10wZAFBlkw2sMA17yyy5YhfGinX4GfzK2/view,MUNICIPIO,MOSTRAR_MUNICIPIO,Centro,Jiutepec,,Centro,Jiutepec,,0,Promotor,Gabriela Salazar Hernández,,Lote por evento,/foto/FOTO-0DEB87CF03,,10,SI,0deb87cf031f44079b3d3f06ecdd168798598444eb2e2d59b3037caefdc88009,151002,1,Entrega de hortalizas. Jiutepec,jiutepec-entrega-de-hortalizas-jiutepec,2026-03-12,"Poligonos Coordinados de Lenin 2026. Centro Poniente/Jiutepec, Gabriela Salazar Hernández/Entrega de hortalizas. Jiutepec/Entrega de jitomate y nopal. Jiutepec. 12032026.jpeg"
FOTO-7E7AE726FB,"Entrega de jitomate, cebolla y  nopal. 12032026.jpeg",1m376sLje2hGS1uXN4FSlmYmCaXUS3tTC,https://drive.google.com/file/d/1m376sLje2hGS1uXN4FSlmYmCaXUS3tTC/view,MUNICIPIO,MOSTRAR_MUNICIPIO,Centro,Jiutepec,,Centro,Jiutepec,,0,Promotor,Gabriela Salazar Hernández,,Lote por evento,/foto/FOTO-7E7AE726FB,,10,SI,7e7ae726fb1316e0f305ebf3b8ac86b7f358e93f1d57568049016a05c9c2e28d,354112,1,Entrega de hortalizas. Jiutepec,jiutepec-entrega-de-hortalizas-jiutepec,2026-03-12,"Poligonos Coordinados de Lenin 2026. Centro Poniente/Jiutepec, Gabriela Salazar Hernández/Entrega de hortalizas. Jiutepec/Entrega de jitomate, cebolla y  nopal. 12032026.jpeg"
FOTO-29B0207770,Entrega de nopa 2. 12032026.jpeg,1LMNKEwIm6m7qR_pwGrdz4KUx5IXAWzdY,https://drive.google.com/file/d/1LMNKEwIm6m7qR_pwGrdz4KUx5IXAWzdY/view,MUNICIPIO,MOSTRAR_MUNICIPIO,Centro,Jiutepec,,Centro,Jiutepec,,0,Promotor,Gabriela Salazar Hernández,,Lote por evento,/foto/FOTO-29B0207770,,10,SI,29b0207770c7696f2bb31c328189ff176dd4f3d1cea9cab7c39b119a49ca3111,152220,1,Entrega de hortalizas. Jiutepec,jiutepec-entrega-de-hortalizas-jiutepec,2026-03-12,"Poligonos Coordinados de Lenin 2026. Centro Poniente/Jiutepec, Gabriela Salazar Hernández/Entrega de hortalizas. Jiutepec/Entrega de nopa 2. 12032026.jpeg"
FOTO-72A6B73421,Entrega de nopa 3. 12032026.jpeg,1EHQSq2eP9gEk1lW4-zCYVq7N2pBxtnwD,https://drive.google.com/file/d/1EHQSq2eP9gEk1lW4-zCYVq7N2pBxtnwD/view,MUNICIPIO,MOSTRAR_MUNICIPIO,Centro,Jiutepec,,Centro,Jiutepec,,0,Promotor,Gabriela Salazar Hernández,,Lote por evento,/foto/FOTO-72A6B73421,,10,SI,72a6b734212d45cf2eeae78e00317499bff5f28986527e300a2a9bc1ebb310a3,99876,1,Entrega de hortalizas. Jiutepec,jiutepec-entrega-de-hortalizas-jiutepec,2026-03-12,"Poligonos Coordinados de Lenin 2026. Centro Poniente/Jiutepec, Gabriela Salazar Hernández/Entrega de hortalizas. Jiutepec/Entrega de nopa 3. 12032026.jpeg"
FOTO-483237A747,Entrega de nopa 4. Jiutepec   12032026.jpeg,1rNSIxtM73g4AhBGH0GP2sjpHNbPAuN1b,https://drive.google.com/file/d/1rNSIxtM73g4AhBGH0GP2sjpHNbPAuN1b/view,MUNICIPIO,MOSTRAR_MUNICIPIO,Centro,Jiutepec,,Centro,Jiutepec,,0,Promotor,Gabriela Salazar Hernández,,Lote por evento,/foto/FOTO-483237A747,,10,SI,483237a747a5f8b426113f30d10be9d8029f8cd4ef257f592bb24261e3997959,152231,1,Entrega de hortalizas. Jiutepec,jiutepec-entrega-de-hortalizas-jiutepec,2026-03-12,"Poligonos Coordinados de Lenin 2026. Centro Poniente/Jiutepec, Gabriela Salazar Hernández/Entrega de hortalizas. Jiutepec/Entrega de nopa 4. Jiutepec   12032026.jpeg"
FOTO-96603DE257,Entrega de nopal 1. 12032026.jpeg,1f7OeBwFbjfFBPuJh1OnrhyL3_TEY7fbo,https://drive.google.com/file/d/1f7OeBwFbjfFBPuJh1OnrhyL3_TEY7fbo/view,MUNICIPIO,MOSTRAR_MUNICIPIO,Centro,Jiutepec,,Centro,Jiutepec,,0,Promotor,Gabriela Salazar Hernández,,Lote por evento,/foto/FOTO-96603DE257,,10,SI,96603de2570eead2b3083e5ac380386098c26b96e9a0c22791003e2ec1729059,151774,1,Entrega de hortalizas. Jiutepec,jiutepec-entrega-de-hortalizas-jiutepec,2026-03-12,"Poligonos Coordinados de Lenin 2026. Centro Poniente/Jiutepec, Gabriela Salazar Hernández/Entrega de hortalizas. Jiutepec/Entrega de nopal 1. 12032026.jpeg"
FOTO-66B538D094,Entrega de nopal 5. Jiutepec. 12032026.jpeg,1-r-DDLPOYMtEQpXvNk5Tr09RNQoOZcaI,https://drive.google.com/file/d/1-r-DDLPOYMtEQpXvNk5Tr09RNQoOZcaI/view,MUNICIPIO,MOSTRAR_MUNICIPIO,Centro,Jiutepec,,Centro,Jiutepec,,0,Promotor,Gabriela Salazar Hernández,,Lote por evento,/foto/FOTO-66B538D094,,10,SI,66b538d094c698780ce211256b3c77842840839a2422627b4db533e240a8596f,140579,1,Entrega de hortalizas. Jiutepec,jiutepec-entrega-de-hortalizas-jiutepec,2026-03-12,"Poligonos Coordinados de Lenin 2026. Centro Poniente/Jiutepec, Gabriela Salazar Hernández/Entrega de hortalizas. Jiutepec/Entrega de nopal 5. Jiutepec. 12032026.jpeg"
FOTO-86CCED39CA,Entrega de nopal 6. Jiutepec  12032026.jpeg,1soFYRwYYEqd0Ga5n1jA1QO8whc8Dtnnq,https://drive.google.com/file/d/1soFYRwYYEqd0Ga5n1jA1QO8whc8Dtnnq/view,MUNICIPIO,MOSTRAR_MUNICIPIO,Centro,Jiutepec,,Centro,Jiutepec,,0,Promotor,Gabriela Salazar Hernández,,Lote por evento,/foto/FOTO-86CCED39CA,,10,SI,86cced39ca2abc7c02327ee99d11caad88e6727f47f06aa543d7f2d96c349d10,126025,1,Entrega de hortalizas. Jiutepec,jiutepec-entrega-de-hortalizas-jiutepec,2026-03-12,"Poligonos Coordinados de Lenin 2026. Centro Poniente/Jiutepec, Gabriela Salazar Hernández/Entrega de hortalizas. Jiutepec/Entrega de nopal 6. Jiutepec  12032026.jpeg"
FOTO-37649B7689,Entrega de nopal 7. Jiutepec.  12032026.jpeg,1u430CZxcFn69p0hk3hOCjea_pDp3Pax4,https://drive.google.com/file/d/1u430CZxcFn69p0hk3hOCjea_pDp3Pax4/view,MUNICIPIO,MOSTRAR_MUNICIPIO,Centro,Jiutepec,,Centro,Jiutepec,,0,Promotor,Gabriela Salazar Hernández,,Lote por evento,/foto/FOTO-37649B7689,,10,SI,37649b7689fedcf7377e970ab4b5e695df09427915ef88143f79439e99285741,169139,1,Entrega de hortalizas. Jiutepec,jiutepec-entrega-de-hortalizas-jiutepec,2026-03-12,"Poligonos Coordinados de Lenin 2026. Centro Poniente/Jiutepec, Gabriela Salazar Hernández/Entrega de hortalizas. Jiutepec/Entrega de nopal 7. Jiutepec.  12032026.jpeg"
FOTO-4C9CA7B7CF,Entrega de nopal en Jiutepec. 12032026.jpeg,1isR2A43ANHhUimN13w5aDK3LfGxAMKQw,https://drive.google.com/file/d/1isR2A43ANHhUimN13w5aDK3LfGxAMKQw/view,MUNICIPIO,MOSTRAR_MUNICIPIO,Centro,Jiutepec,,Centro,Jiutepec,,0,Promotor,Gabriela Salazar Hernández,,Lote por evento,/foto/FOTO-4C9CA7B7CF,,10,SI,4c9ca7b7cf534a2c9d76b0e584af0f5470fdec6fcce6b15a68f8dc4feac033e4,384344,1,Entrega de hortalizas. Jiutepec,jiutepec-entrega-de-hortalizas-jiutepec,2026-03-12,"Poligonos Coordinados de Lenin 2026. Centro Poniente/Jiutepec, Gabriela Salazar Hernández/Entrega de hortalizas. Jiutepec/Entrega de nopal en Jiutepec. 12032026.jpeg"
FOTO-9CE54C1DF3,Entrega de nopal Jiutepec. 12032026..jpeg,1-iZyn9I66j9ORKfWNDKz4ZfdHMGMsuP4,https://drive.google.com/file/d/1-iZyn9I66j9ORKfWNDKz4ZfdHMGMsuP4/view,MUNICIPIO,MOSTRAR_MUNICIPIO,Centro,Jiutepec,,Centro,Jiutepec,,0,Promotor,Gabriela Salazar Hernández,,Lote por evento,/foto/FOTO-9CE54C1DF3,,10,SI,9ce54c1df39c86d7a702ba98c2a2b50696a805aaec88c6668aef09729bc9c810,174630,1,Entrega de hortalizas. Jiutepec,jiutepec-entrega-de-hortalizas-jiutepec,2026-03-12,"Poligonos Coordinados de Lenin 2026. Centro Poniente/Jiutepec, Gabriela Salazar Hernández/Entrega de hortalizas. Jiutepec/Entrega de nopal Jiutepec. 12032026..jpeg"
FOTO-2EE388CAB4,Entrega de nopal y jitomate 12032026.jpeg,1BE0JU2UiG_XUTqMGYhIbZi0gs9WILIxw,https://drive.google.com/file/d/1BE0JU2UiG_XUTqMGYhIbZi0gs9WILIxw/view,MUNICIPIO,MOSTRAR_MUNICIPIO,Centro,Jiutepec,,Centro,Jiutepec,,0,Promotor,Gabriela Salazar Hernández,,Lote por evento,/foto/FOTO-2EE388CAB4,,10,SI,2ee388cab435fa48724012e09c603d1d4643340c95bdbc2baadf5c41d2576fba,342559,1,Entrega de hortalizas. Jiutepec,jiutepec-entrega-de-hortalizas-jiutepec,2026-03-12,"Poligonos Coordinados de Lenin 2026. Centro Poniente/Jiutepec, Gabriela Salazar Hernández/Entrega de hortalizas. Jiutepec/Entrega de nopal y jitomate 12032026.jpeg"
FOTO-B6EBE67997,Jiutepec 14032026.jpeg,17_7v6_t16F5RKVcbFhAn4iHYdqNT9biH,https://drive.google.com/file/d/17_7v6_t16F5RKVcbFhAn4iHYdqNT9biH/view,MUNICIPIO,MOSTRAR_MUNICIPIO,Centro,Jiutepec,,Centro,Jiutepec,,0,Promotor,Gabriela Salazar Hernández,,Lote por evento,/foto/FOTO-B6EBE67997,,10,SI,b6ebe679978c881232b1809b27d5a66c5ed364c1c79177f54ebdac8ec95b9df0,389434,1,Entrega de hortalizas. Jiutepec,jiutepec-entrega-de-hortalizas-jiutepec,2026-03-14,"Poligonos Coordinados de Lenin 2026. Centro Poniente/Jiutepec, Gabriela Salazar Hernández/Entrega de hortalizas. Jiutepec/Jiutepec 14032026.jpeg"
FOTO-4F317357F2,Jiutepec. 14032026.jpeg,1JtrGQ-NN2zEs34RS2x7WHQaEOmksBy1D,https://drive.google.com/file/d/1JtrGQ-NN2zEs34RS2x7WHQaEOmksBy1D/view,MUNICIPIO,MOSTRAR_MUNICIPIO,Centro,Jiutepec,,Centro,Jiutepec,,0,Promotor,Gabriela Salazar Hernández,,Lote por evento,/foto/FOTO-4F317357F2,,10,SI,4f317357f28f61900842d5ff27923b3bc683faef079cf586ace04df5d9713bab,341147,1,Entrega de hortalizas. Jiutepec,jiutepec-entrega-de-hortalizas-jiutepec,2026-03-14,"Poligonos Coordinados de Lenin 2026. Centro Poniente/Jiutepec, Gabriela Salazar Hernández/Entrega de hortalizas. Jiutepec/Jiutepec. 14032026.jpeg"
FOTO-24A2DBE1D1,"Faena en la col. Loma Bonita, Jiutepec con Materiales del Prog. PD Colores 2026-08-30.jpeg",15TaVMelj-IcCZUNew3ie_ZBTnicT_N0W,https://drive.google.com/file/d/15TaVMelj-IcCZUNew3ie_ZBTnicT_N0W/view,MUNICIPIO,MOSTRAR_MUNICIPIO,Centro,Jiutepec,,Centro,Jiutepec,,0,Promotor,Gabriela Salazar Hernández,,Lote por evento,/foto/FOTO-24A2DBE1D1,,10,SI,24a2dbe1d1aefae8f3e4b3a69706b6829fc8f2c29af3956d4aa36b52fc4f6410,373633,1,Faena-Tequio,jiutepec-faena-tequio,2026-08-30,"Poligonos Coordinados de Lenin 2026. Centro Poniente/Jiutepec, Gabriela Salazar Hernández/Faena-Tequio/Faena en la col. Loma Bonita, Jiutepec con Materiales del Prog. PD Colores 2026-08-30.jpeg"
FOTO-54C8088E35,"Faena en Luis Donaldo Colosio, Jiutepec 1 2026-09-09.jpeg",1uj7mHM68Gb76yY7ngBoIxYymKLo66pIY,https://drive.google.com/file/d/1uj7mHM68Gb76yY7ngBoIxYymKLo66pIY/view,MUNICIPIO,MOSTRAR_MUNICIPIO,Centro,Jiutepec,,Centro,Jiutepec,,0,Promotor,Gabriela Salazar Hernández,,Lote por evento,/foto/FOTO-54C8088E35,,10,SI,54c8088e35d694abaa11e84b4a50cb98c8d37aa5dcf61791e73c2c68f8adf6b1,210514,1,Faena-Tequio,jiutepec-faena-tequio,2026-09-09,"Poligonos Coordinados de Lenin 2026. Centro Poniente/Jiutepec, Gabriela Salazar Hernández/Faena-Tequio/Faena en Luis Donaldo Colosio, Jiutepec 1 2026-09-09.jpeg"
FOTO-312EE02B18,"Faena en Luis Donaldo Colosio, Jiutepec 2 2026-09-09.jpeg",1fXfcQUdwONVz7exAP-zkS3Y3B6EPCxss,https://drive.google.com/file/d/1fXfcQUdwONVz7exAP-zkS3Y3B6EPCxss/view,MUNICIPIO,MOSTRAR_MUNICIPIO,Centro,Jiutepec,,Centro,Jiutepec,,0,Promotor,Gabriela Salazar Hernández,,Lote por evento,/foto/FOTO-312EE02B18,,10,SI,312ee02b1884eefddcbb469c55c5b70ff8048175150552383376db37ccffe245,209557,1,Faena-Tequio,jiutepec-faena-tequio,2026-09-09,"Poligonos Coordinados de Lenin 2026. Centro Poniente/Jiutepec, Gabriela Salazar Hernández/Faena-Tequio/Faena en Luis Donaldo Colosio, Jiutepec 2 2026-09-09.jpeg"
FOTO-015D3CC3E7,"Faena en Luis Donaldo Colosio, Jiutepec 3 2026-09-09.jpeg",1S4dzWKNN2Lb2S1Z3MlwDmDZbamgZ-RDG,https://drive.google.com/file/d/1S4dzWKNN2Lb2S1Z3MlwDmDZbamgZ-RDG/view,MUNICIPIO,MOSTRAR_MUNICIPIO,Centro,Jiutepec,,Centro,Jiutepec,,0,Promotor,Gabriela Salazar Hernández,,Lote por evento,/foto/FOTO-015D3CC3E7,,10,SI,015d3cc3e757c3dbbb3f27907104348d01c3d8aecc318db491d3e19b0bfcc383,290933,1,Faena-Tequio,jiutepec-faena-tequio,2026-09-09,"Poligonos Coordinados de Lenin 2026. Centro Poniente/Jiutepec, Gabriela Salazar Hernández/Faena-Tequio/Faena en Luis Donaldo Colosio, Jiutepec 3 2026-09-09.jpeg"
FOTO-8A4D87A05B,"Faena en Luis Donaldo Colosio, Jiutepec 4 2026-09-09.jpeg",10RX7NQor3dmDWmlpl1tgwnKlVfW71oIB,https://drive.google.com/file/d/10RX7NQor3dmDWmlpl1tgwnKlVfW71oIB/view,MUNICIPIO,MOSTRAR_MUNICIPIO,Centro,Jiutepec,,Centro,Jiutepec,,0,Promotor,Gabriela Salazar Hernández,,Lote por evento,/foto/FOTO-8A4D87A05B,,10,SI,8a4d87a05be7f941089ba0b537ece1686d62d3154cdb6c93da195f7dca5f3505,150370,1,Faena-Tequio,jiutepec-faena-tequio,2026-09-09,"Poligonos Coordinados de Lenin 2026. Centro Poniente/Jiutepec, Gabriela Salazar Hernández/Faena-Tequio/Faena en Luis Donaldo Colosio, Jiutepec 4 2026-09-09.jpeg"
FOTO-D5393ACB1D,"Faena en Luis Donaldo Colosio, Jiutepec 5 2026-09-09.jpeg",1GN6RZ3xSIWxJxfvouj4hPthzCHgaY1hR,https://drive.google.com/file/d/1GN6RZ3xSIWxJxfvouj4hPthzCHgaY1hR/view,MUNICIPIO,MOSTRAR_MUNICIPIO,Centro,Jiutepec,,Centro,Jiutepec,,0,Promotor,Gabriela Salazar Hernández,,Lote por evento,/foto/FOTO-D5393ACB1D,,10,SI,d5393acb1d1c817ff4eb5d9238cd70973e6b4551d495c5ec01996b178b6cb73a,318792,1,Faena-Tequio,jiutepec-faena-tequio,2026-09-09,"Poligonos Coordinados de Lenin 2026. Centro Poniente/Jiutepec, Gabriela Salazar Hernández/Faena-Tequio/Faena en Luis Donaldo Colosio, Jiutepec 5 2026-09-09.jpeg"
FOTO-5730159647,Petate de colores 2026 Jiutepec  2026-09-10.jpeg,12XIHjshzWe67CoFJyFXt5P1qtwgm6Ptz,https://drive.google.com/file/d/12XIHjshzWe67CoFJyFXt5P1qtwgm6Ptz/view,MUNICIPIO,MOSTRAR_MUNICIPIO,Centro,Jiutepec,,Centro,Jiutepec,,0,Promotor,Gabriela Salazar Hernández,,Lote por evento,/foto/FOTO-5730159647,,10,SI,57301596479207447396f797a303ec5eb21b8f7e67963dda766bcba50f7861b9,379337,1,Petate de Colores,jiutepec-petate-de-colores,2026-09-10,"Poligonos Coordinados de Lenin 2026. Centro Poniente/Jiutepec, Gabriela Salazar Hernández/Petate de Colores/Petate de colores 2026 Jiutepec  2026-09-10.jpeg"
FOTO-F146C1F0AA,"Petate de colores 2026, Jiuetepec 2026-09-10.jpeg",17qam3yQhtjDD3C4b8_AgO1ohumtIXmsD,https://drive.google.com/file/d/17qam3yQhtjDD3C4b8_AgO1ohumtIXmsD/view,MUNICIPIO,MOSTRAR_MUNICIPIO,Centro,Jiutepec,,Centro,Jiutepec,,0,Promotor,Gabriela Salazar Hernández,,Lote por evento,/foto/FOTO-F146C1F0AA,,10,SI,f146c1f0aa93b16a3eef1c9e41caea6c6bcbed82772b2914ca83dbd9b94d4b46,326782,1,Petate de Colores,jiutepec-petate-de-colores,2026-09-10,"Poligonos Coordinados de Lenin 2026. Centro Poniente/Jiutepec, Gabriela Salazar Hernández/Petate de Colores/Petate de colores 2026, Jiuetepec 2026-09-10.jpeg"
FOTO-F52CF97DC7,"Petate de colores 2026, Jiutepec 2026-09-10.jpeg",14bhjFfHjMgc__PaqQyPQTkcWMWx4-gjQ,https://drive.google.com/file/d/14bhjFfHjMgc__PaqQyPQTkcWMWx4-gjQ/view,MUNICIPIO,MOSTRAR_MUNICIPIO,Centro,Jiutepec,,Centro,Jiutepec,,0,Promotor,Gabriela Salazar Hernández,,Lote por evento,/foto/FOTO-F52CF97DC7,,10,SI,f52cf97dc7a3fb2e22ab9a3cbfc271ffe882515034a8bd7c9cbcb7d97b92724c,391813,1,Petate de Colores,jiutepec-petate-de-colores,2026-09-10,"Poligonos Coordinados de Lenin 2026. Centro Poniente/Jiutepec, Gabriela Salazar Hernández/Petate de Colores/Petate de colores 2026, Jiutepec 2026-09-10.jpeg"
FOTO-9E419F16CB,"Recopilación de documentos para PISO FIRME, Jiutepec 29-08-2026 (I).jpeg",1YJddFzHg9cM99Dg5Y-8ZPwk8e1QtRmbR,https://drive.google.com/file/d/1YJddFzHg9cM99Dg5Y-8ZPwk8e1QtRmbR/view,MUNICIPIO,MOSTRAR_MUNICIPIO,Centro,Jiutepec,,Centro,Jiutepec,,0,Promotor,Gabriela Salazar Hernández,,Lote por evento,/foto/FOTO-9E419F16CB,,10,SI,9e419f16cbc8326dec7ac9449fcb70dc5f4a482b1f79441aba342d0579ccb003,408450,1,Piso Firme,jiutepec-piso-firme,2026-08-29,"Poligonos Coordinados de Lenin 2026. Centro Poniente/Jiutepec, Gabriela Salazar Hernández/Piso Firme/Recopilación de documentos para PISO FIRME, Jiutepec 29-08-2026 (I).jpeg"
FOTO-5B705FC147,"Recopilación de documentos para PISO FIRME, Jiutepec 29-08-2026 (ii).jpeg",17l6LB2u3nm5zsuY7-6nxsbaqAPIGGcCU,https://drive.google.com/file/d/17l6LB2u3nm5zsuY7-6nxsbaqAPIGGcCU/view,MUNICIPIO,MOSTRAR_MUNICIPIO,Centro,Jiutepec,,Centro,Jiutepec,,0,Promotor,Gabriela Salazar Hernández,,Lote por evento,/foto/FOTO-5B705FC147,,10,SI,5b705fc147c8395e38c0f98b5894d3321a393e7fa3c12aa376fc18036204ec2f,451218,1,Piso Firme,jiutepec-piso-firme,2026-08-29,"Poligonos Coordinados de Lenin 2026. Centro Poniente/Jiutepec, Gabriela Salazar Hernández/Piso Firme/Recopilación de documentos para PISO FIRME, Jiutepec 29-08-2026 (ii).jpeg"
FOTO-57758B03BB,"Recopilación de documentos para PISO FIRME, Jiutepec 29-08-2026 (III).jpeg",1Avt_LHRCkPVxpL17GdPPjwQy_gwqFi47,https://drive.google.com/file/d/1Avt_LHRCkPVxpL17GdPPjwQy_gwqFi47/view,MUNICIPIO,MOSTRAR_MUNICIPIO,Centro,Jiutepec,,Centro,Jiutepec,,0,Promotor,Gabriela Salazar Hernández,,Lote por evento,/foto/FOTO-57758B03BB,,10,SI,57758b03bbae1dee6573942c4d3bb1649225daff739489493b2047fc17fdd798,252952,1,Piso Firme,jiutepec-piso-firme,2026-08-29,"Poligonos Coordinados de Lenin 2026. Centro Poniente/Jiutepec, Gabriela Salazar Hernández/Piso Firme/Recopilación de documentos para PISO FIRME, Jiutepec 29-08-2026 (III).jpeg"
FOTO-3798E674F8,Registro de Piso firme FISE en Jiutepec 1  2026-09-10.jpeg,1xfekl3NhiktUzRSxIpVov8vNe6sfLHeL,https://drive.google.com/file/d/1xfekl3NhiktUzRSxIpVov8vNe6sfLHeL/view,MUNICIPIO,MOSTRAR_MUNICIPIO,Centro,Jiutepec,,Centro,Jiutepec,,0,Promotor,Gabriela Salazar Hernández,,Lote por evento,/foto/FOTO-3798E674F8,,10,SI,3798e674f88d18a515acdf36b87392216e14db62d77f0b1105dc0f502667529f,273976,1,Piso Firme,jiutepec-piso-firme,2026-09-10,"Poligonos Coordinados de Lenin 2026. Centro Poniente/Jiutepec, Gabriela Salazar Hernández/Piso Firme/Registro de Piso firme FISE en Jiutepec 1  2026-09-10.jpeg"
FOTO-D5EDE24D4B,Registro de Piso firme FISE en Jiutepec 2 2026-09-10.jpeg,1X6O8srfAJd3MKXVFMV3OR-tqiEjk_84n,https://drive.google.com/file/d/1X6O8srfAJd3MKXVFMV3OR-tqiEjk_84n/view,MUNICIPIO,MOSTRAR_MUNICIPIO,Centro,Jiutepec,,Centro,Jiutepec,,0,Promotor,Gabriela Salazar Hernández,,Lote por evento,/foto/FOTO-D5EDE24D4B,,10,SI,d5ede24d4be8268cee54f6a02bcc6ae30fa7b50a683e7b38c0ec6f9b5d180850,189065,1,Piso Firme,jiutepec-piso-firme,2026-09-10,"Poligonos Coordinados de Lenin 2026. Centro Poniente/Jiutepec, Gabriela Salazar Hernández/Piso Firme/Registro de Piso firme FISE en Jiutepec 2 2026-09-10.jpeg"
FOTO-C14C135E58,"Convivio con Taller cultural de lectura en Loma Bonita, Jiutepec  2026-08-29.jpeg",1Y1EEbCDtgale9xiMMOnVSs_nFMIUQfSd,https://drive.google.com/file/d/1Y1EEbCDtgale9xiMMOnVSs_nFMIUQfSd/view,MUNICIPIO,MOSTRAR_MUNICIPIO,Centro,Jiutepec,,Centro,Jiutepec,,0,Promotor,Gabriela Salazar Hernández,,Lote por evento,/foto/FOTO-C14C135E58,,10,SI,c14c135e58b293d28fc5ef85681047a5bc14e378ae4ab70cc8c04a0fc3b37441,361385,1,Taller Cultural,jiutepec-taller-cultural,2026-08-29,"Poligonos Coordinados de Lenin 2026. Centro Poniente/Jiutepec, Gabriela Salazar Hernández/Taller Cultural/Convivio con Taller cultural de lectura en Loma Bonita, Jiutepec  2026-08-29.jpeg"
FOTO-34A7A4DED0,"Taller cultural de lectura en Loma Bonita, Jiutepec 1 2026-08-29.jpeg",1XbtyAzhbPxjz2Aplevj7_Y-8JTUWkxRD,https://drive.google.com/file/d/1XbtyAzhbPxjz2Aplevj7_Y-8JTUWkxRD/view,MUNICIPIO,MOSTRAR_MUNICIPIO,Centro,Jiutepec,,Centro,Jiutepec,,0,Promotor,Gabriela Salazar Hernández,,Lote por evento,/foto/FOTO-34A7A4DED0,,10,SI,34a7a4ded04445ab19d2528297f77607d97a4b28273207f2a36847dcb92097ea,271567,1,Taller Cultural,jiutepec-taller-cultural,2026-08-29,"Poligonos Coordinados de Lenin 2026. Centro Poniente/Jiutepec, Gabriela Salazar Hernández/Taller Cultural/Taller cultural de lectura en Loma Bonita, Jiutepec 1 2026-08-29.jpeg"
FOTO-37492CEF6D,"Taller cultural de lectura en Loma Bonita, Jiutepec 2 2026-08-29.jpeg",12TeFbJJJKdfHWGJ9uf6Jp5_P9Dd-nQEA,https://drive.google.com/file/d/12TeFbJJJKdfHWGJ9uf6Jp5_P9Dd-nQEA/view,MUNICIPIO,MOSTRAR_MUNICIPIO,Centro,Jiutepec,,Centro,Jiutepec,,0,Promotor,Gabriela Salazar Hernández,,Lote por evento,/foto/FOTO-37492CEF6D,,10,SI,37492cef6da7f1322a32b06f89f4e0777b66c8a545e78c94a797043be126e383,277610,1,Taller Cultural,jiutepec-taller-cultural,2026-08-29,"Poligonos Coordinados de Lenin 2026. Centro Poniente/Jiutepec, Gabriela Salazar Hernández/Taller Cultural/Taller cultural de lectura en Loma Bonita, Jiutepec 2 2026-08-29.jpeg"
FOTO-1F767AE646,"Taller cultural de lectura en Loma Bonita, Jiutepec 3 2026-08-29.jpeg",133H2M7krtMzxoofGbX0kJKps7mj4sDJ7,https://drive.google.com/file/d/133H2M7krtMzxoofGbX0kJKps7mj4sDJ7/view,MUNICIPIO,MOSTRAR_MUNICIPIO,Centro,Jiutepec,,Centro,Jiutepec,,0,Promotor,Gabriela Salazar Hernández,,Lote por evento,/foto/FOTO-1F767AE646,,10,SI,1f767ae6465a9d0a23ec8c616a12fe4d38c7a9a17c8c992f505da53060c4e1da,273831,1,Taller Cultural,jiutepec-taller-cultural,2026-08-29,"Poligonos Coordinados de Lenin 2026. Centro Poniente/Jiutepec, Gabriela Salazar Hernández/Taller Cultural/Taller cultural de lectura en Loma Bonita, Jiutepec 3 2026-08-29.jpeg"
FOTO-EBF477C1ED,"Taller cultural de lectura en Loma Bonita, Jiutepec 4 2026-08-29.jpeg",1iOzJ-HzSvHTPOPLZYqFFtYj0cAPoch39,https://drive.google.com/file/d/1iOzJ-HzSvHTPOPLZYqFFtYj0cAPoch39/view,MUNICIPIO,MOSTRAR_MUNICIPIO,Centro,Jiutepec,,Centro,Jiutepec,,0,Promotor,Gabriela Salazar Hernández,,Lote por evento,/foto/FOTO-EBF477C1ED,,10,SI,ebf477c1ed92999e68a53b19a43189df794bbcf64d5d88a936c61aeb24cb7bab,279268,1,Taller Cultural,jiutepec-taller-cultural,2026-08-29,"Poligonos Coordinados de Lenin 2026. Centro Poniente/Jiutepec, Gabriela Salazar Hernández/Taller Cultural/Taller cultural de lectura en Loma Bonita, Jiutepec 4 2026-08-29.jpeg"
FOTO-1F917601A3,"Taller cultural de lectura en Loma Bonita, Jiutepec 5 2026-08-29.jpeg",1PDADpe38pQxNzIaFyCEmYVX5-6EXAAt-,https://drive.google.com/file/d/1PDADpe38pQxNzIaFyCEmYVX5-6EXAAt-/view,MUNICIPIO,MOSTRAR_MUNICIPIO,Centro,Jiutepec,,Centro,Jiutepec,,0,Promotor,Gabriela Salazar Hernández,,Lote por evento,/foto/FOTO-1F917601A3,,10,SI,1f917601a3d4454f5f096ab8da9ba95a8bca2487048a9a0933c07d20b2471b11,164828,1,Taller Cultural,jiutepec-taller-cultural,2026-08-29,"Poligonos Coordinados de Lenin 2026. Centro Poniente/Jiutepec, Gabriela Salazar Hernández/Taller Cultural/Taller cultural de lectura en Loma Bonita, Jiutepec 5 2026-08-29.jpeg"
FOTO-7ACEDC3A8B,"Taller cultural de lectura en Loma Bonita, Jiutepec 6 2026-08-29.jpeg",1NEFWdfUWunLmtUcX6C51hPXEAeiv0Cn0,https://drive.google.com/file/d/1NEFWdfUWunLmtUcX6C51hPXEAeiv0Cn0/view,MUNICIPIO,MOSTRAR_MUNICIPIO,Centro,Jiutepec,,Centro,Jiutepec,,0,Promotor,Gabriela Salazar Hernández,,Lote por evento,/foto/FOTO-7ACEDC3A8B,,10,SI,7acedc3a8bfd53c2a8b4e359c70d1028ad4a3d2433bebfda0dbccc0c13da090c,140709,1,Taller Cultural,jiutepec-taller-cultural,2026-08-29,"Poligonos Coordinados de Lenin 2026. Centro Poniente/Jiutepec, Gabriela Salazar Hernández/Taller Cultural/Taller cultural de lectura en Loma Bonita, Jiutepec 6 2026-08-29.jpeg"
FOTO-B736DE85E0,"Taller cultural de lectura en Loma Bonita, Jiutepec 7 2026-08-29.jpeg",1Ui3Xvn0w7q8fe-prBPf7Bdd6cAUrhqLI,https://drive.google.com/file/d/1Ui3Xvn0w7q8fe-prBPf7Bdd6cAUrhqLI/view,MUNICIPIO,MOSTRAR_MUNICIPIO,Centro,Jiutepec,,Centro,Jiutepec,,0,Promotor,Gabriela Salazar Hernández,,Lote por evento,/foto/FOTO-B736DE85E0,,10,SI,b736de85e0171dd7fdf3bccf15e4010431ab12795604f9d13a236043c18447ca,155464,1,Taller Cultural,jiutepec-taller-cultural,2026-08-29,"Poligonos Coordinados de Lenin 2026. Centro Poniente/Jiutepec, Gabriela Salazar Hernández/Taller Cultural/Taller cultural de lectura en Loma Bonita, Jiutepec 7 2026-08-29.jpeg"
FOTO-D305799905,"Taller cultural de lectura en Loma Bonita, Jiutepec 8 2026-08-29.jpeg",1VJLz-EgTJui7s86rOUWUtJWDEEvW5wBk,https://drive.google.com/file/d/1VJLz-EgTJui7s86rOUWUtJWDEEvW5wBk/view,MUNICIPIO,MOSTRAR_MUNICIPIO,Centro,Jiutepec,,Centro,Jiutepec,,0,Promotor,Gabriela Salazar Hernández,,Lote por evento,/foto/FOTO-D305799905,,10,SI,d305799905e974848df6fa7a289dc9c780947896ab5303b75545b733a53be7e1,169606,1,Taller Cultural,jiutepec-taller-cultural,2026-08-29,"Poligonos Coordinados de Lenin 2026. Centro Poniente/Jiutepec, Gabriela Salazar Hernández/Taller Cultural/Taller cultural de lectura en Loma Bonita, Jiutepec 8 2026-08-29.jpeg"
FOTO-EED3433DD1,Recorridos para piso firme en región Lenin 1  2026-09-11.jpeg,16G4N8aGl5KB3kB2235vPPY8zuqHLO7eL,https://drive.google.com/file/d/16G4N8aGl5KB3kB2235vPPY8zuqHLO7eL/view,REGION,MOSTRAR_REGION,Centro,,,Centro,,,0,Promotor,,,Lote por evento,/foto/FOTO-EED3433DD1,,10,SI,eed3433dd1aebf24329cbc65eb291d75e2bf6f18a57d80ebb4ebe13cf63668fb,432485,1,Recorridos para piso firme en región Lenin,centro-recorridos-para-piso-firme-en-region-lenin,2026-09-11,Poligonos Coordinados de Lenin 2026. Centro Poniente/Recorridos para piso firme en región Lenin 1  2026-09-11.jpeg
FOTO-3F9553363D,Recorridos para piso firme en región Lenin 2  2026-09-11.jpeg,19vMw7PPgeeUUJX0EvImpaYaofM54rBEb,https://drive.google.com/file/d/19vMw7PPgeeUUJX0EvImpaYaofM54rBEb/view,REGION,MOSTRAR_REGION,Centro,,,Centro,,,0,Promotor,,,Lote por evento,/foto/FOTO-3F9553363D,,10,SI,3f9553363dfae459447fd04469e64103de63f179114497b95cb531d1925c178a,295470,1,Recorridos para piso firme en región Lenin,centro-recorridos-para-piso-firme-en-region-lenin,2026-09-11,Poligonos Coordinados de Lenin 2026. Centro Poniente/Recorridos para piso firme en región Lenin 2  2026-09-11.jpeg
FOTO-0C263BD1E7,Recorridos para piso firme en región Lenin 3  2026-09-11.jpeg,1C-Vn62gYI5-PWlKY6WXzg52lhf_2BaUg,https://drive.google.com/file/d/1C-Vn62gYI5-PWlKY6WXzg52lhf_2BaUg/view,REGION,MOSTRAR_REGION,Centro,,,Centro,,,0,Promotor,,,Lote por evento,/foto/FOTO-0C263BD1E7,,10,SI,0c263bd1e7c8eed3f5e8cc53a8e65a4f4432dec008ce6793d51a8ba5908c8db0,308390,1,Recorridos para piso firme en región Lenin,centro-recorridos-para-piso-firme-en-region-lenin,2026-09-11,Poligonos Coordinados de Lenin 2026. Centro Poniente/Recorridos para piso firme en región Lenin 3  2026-09-11.jpeg
FOTO-EB04E677FF,"Capacitación para la apertura de la tienda del Bienestar 1, 26062026.jpeg",1bNbWoxmx355BuiVVSlcbVhSreBfZGiZd,https://drive.google.com/file/d/1bNbWoxmx355BuiVVSlcbVhSreBfZGiZd/view,MUNICIPIO,MOSTRAR_MUNICIPIO,Centro,Temixco,,Centro,Temixco,,0,Promotor,María del Rosario Martínez Cándido,,Lote por evento,/foto/FOTO-EB04E677FF,,10,SI,eb04e677ff9d309d0417f3fc8d6e9671eab969fbd7a4e8341fb8242bec10a7a5,226909,1,Capacitación para la apertura de la tienda del Bienestar,temixco-capacitacion-para-la-apertura-de-la-tienda-del-bienestar,2026-06-26,"Poligonos Coordinados de Lenin 2026. Centro Poniente/Temixco, María del Rosario Martínez Cándido/Capacitación para la apertura de la tienda del Bienestar 1, 26062026.jpeg"
FOTO-42DAA8B2A9,Colocación de lona de suero antialacran en Santa Cruz Temixco 1.jpeg,1T7RMwhuxYwJeGs3EKJmmpvbKg6P209Mo,https://drive.google.com/file/d/1T7RMwhuxYwJeGs3EKJmmpvbKg6P209Mo/view,MUNICIPIO,MOSTRAR_MUNICIPIO,Centro,Temixco,,Centro,Temixco,,0,Promotor,María del Rosario Martínez Cándido,,Lote por evento,/foto/FOTO-42DAA8B2A9,,10,SI,42daa8b2a9a802596b33862dfd77fc2572f8814f32ba8df55be1d02c28e2c66c,298840,1,Colocación de lona de suero antialacran en Santa Cruz Temixco,temixco-colocacion-de-lona-de-suero-antialacran-en-santa-cruz-temixco,,"Poligonos Coordinados de Lenin 2026. Centro Poniente/Temixco, María del Rosario Martínez Cándido/Colocación de lona de suero antialacran en Santa Cruz Temixco 1.jpeg"
FOTO-2E36DCB3EE,"Colocación de lona de sueto antialacran en Santa Cruz, Temixco 2.jpeg",1tbp-OH6vgp3g8PZRKb7ewa25iUhjkrBW,https://drive.google.com/file/d/1tbp-OH6vgp3g8PZRKb7ewa25iUhjkrBW/view,MUNICIPIO,MOSTRAR_MUNICIPIO,Centro,Temixco,,Centro,Temixco,,0,Promotor,María del Rosario Martínez Cándido,,Lote por evento,/foto/FOTO-2E36DCB3EE,,10,SI,2e36dcb3ee81893eabf16c532674f2242abea1a9b293714475b1c481b456324f,184974,1,"Colocación de lona de sueto antialacran en Santa Cruz, Temixco",temixco-colocacion-de-lona-de-sueto-antialacran-en-santa-cruz-temixco,,"Poligonos Coordinados de Lenin 2026. Centro Poniente/Temixco, María del Rosario Martínez Cándido/Colocación de lona de sueto antialacran en Santa Cruz, Temixco 2.jpeg"
FOTO-103C793843,"Curso de Globoflexia 1, campo Sotelo, Temixco. 2026-08-26.jpeg",1SyEIDFbNSrDtVZn0rKmR_G6I2XtjG5SW,https://drive.google.com/file/d/1SyEIDFbNSrDtVZn0rKmR_G6I2XtjG5SW/view,MUNICIPIO,MOSTRAR_MUNICIPIO,Centro,Temixco,,Centro,Temixco,,0,Promotor,María del Rosario Martínez Cándido,,Lote por evento,/foto/FOTO-103C793843,,10,SI,103c79384397cdcfcfba031a95b301df2dd8db593ec6c2a1c2b8b18c408a36aa,259932,1,Cursos de ICATMOR,temixco-cursos-de-icatmor,2026-08-26,"Poligonos Coordinados de Lenin 2026. Centro Poniente/Temixco, María del Rosario Martínez Cándido/Cursos de ICATMOR/Curso de Globoflexia 1, campo Sotelo, Temixco. 2026-08-26.jpeg"
FOTO-75B9080C82,"Curso de Globoflexia 2, campo Sotelo, Temixco. 2026-08-26.jpeg",1Ygh-VlTqQaU-dxKIPEN0GMIhC9ctTNma,https://drive.google.com/file/d/1Ygh-VlTqQaU-dxKIPEN0GMIhC9ctTNma/view,MUNICIPIO,MOSTRAR_MUNICIPIO,Centro,Temixco,,Centro,Temixco,,0,Promotor,María del Rosario Martínez Cándido,,Lote por evento,/foto/FOTO-75B9080C82,,10,SI,75b9080c82bb2f97fadbccb7d3e24e5fad3f043c5851f5570dee7ec42714183c,278892,1,Cursos de ICATMOR,temixco-cursos-de-icatmor,2026-08-26,"Poligonos Coordinados de Lenin 2026. Centro Poniente/Temixco, María del Rosario Martínez Cándido/Cursos de ICATMOR/Curso de Globoflexia 2, campo Sotelo, Temixco. 2026-08-26.jpeg"
FOTO-93B6127F2E,"Curso de Globoflexia 3, campo Sotelo, Temixco. 2026-08-26.jpeg",1giD_RA5nei5yBHAPFEkKUAcnbP8BE8Az,https://drive.google.com/file/d/1giD_RA5nei5yBHAPFEkKUAcnbP8BE8Az/view,MUNICIPIO,MOSTRAR_MUNICIPIO,Centro,Temixco,,Centro,Temixco,,0,Promotor,María del Rosario Martínez Cándido,,Lote por evento,/foto/FOTO-93B6127F2E,,10,SI,93b6127f2e221eb43855d2f19e6e1867e3183afa3748b4f538cf2c394d99a36f,255006,1,Cursos de ICATMOR,temixco-cursos-de-icatmor,2026-08-26,"Poligonos Coordinados de Lenin 2026. Centro Poniente/Temixco, María del Rosario Martínez Cándido/Cursos de ICATMOR/Curso de Globoflexia 3, campo Sotelo, Temixco. 2026-08-26.jpeg"
FOTO-0ECC28C45A,"Curso de Globoflexia 4, campo Sotelo, Temixco. 2026-08-26.jpeg",1BuwDvb2q4yiWM1YQgPRg5qXSF8pqSCnF,https://drive.google.com/file/d/1BuwDvb2q4yiWM1YQgPRg5qXSF8pqSCnF/view,MUNICIPIO,MOSTRAR_MUNICIPIO,Centro,Temixco,,Centro,Temixco,,0,Promotor,María del Rosario Martínez Cándido,,Lote por evento,/foto/FOTO-0ECC28C45A,,10,SI,0ecc28c45acd842f75041b502e3a52154c6a6536f94f40a5a0c8766e085a54fb,231398,1,Cursos de ICATMOR,temixco-cursos-de-icatmor,2026-08-26,"Poligonos Coordinados de Lenin 2026. Centro Poniente/Temixco, María del Rosario Martínez Cándido/Cursos de ICATMOR/Curso de Globoflexia 4, campo Sotelo, Temixco. 2026-08-26.jpeg"
FOTO-8C04D32CB1,"Curso de Globoflexia 5, campo Sotelo, Temixco. 2026-08-26.jpeg",1wEyficIh0qjSwWLWjaQ_pEmue2Im5UmW,https://drive.google.com/file/d/1wEyficIh0qjSwWLWjaQ_pEmue2Im5UmW/view,MUNICIPIO,MOSTRAR_MUNICIPIO,Centro,Temixco,,Centro,Temixco,,0,Promotor,María del Rosario Martínez Cándido,,Lote por evento,/foto/FOTO-8C04D32CB1,,10,SI,8c04d32cb15c906daa66ed41b76d8e31051a5bcd0bedfdbdad5a145c8f062a5c,279585,1,Cursos de ICATMOR,temixco-cursos-de-icatmor,2026-08-26,"Poligonos Coordinados de Lenin 2026. Centro Poniente/Temixco, María del Rosario Martínez Cándido/Cursos de ICATMOR/Curso de Globoflexia 5, campo Sotelo, Temixco. 2026-08-26.jpeg"
FOTO-94C7BEA5B7,"Curso de Globoflexia 6, campo Sotelo, Temixco. 2026-08-26.jpeg",1jNeL_8Zn6T7mVDONhhV_dH_dESvkKaEM,https://drive.google.com/file/d/1jNeL_8Zn6T7mVDONhhV_dH_dESvkKaEM/view,MUNICIPIO,MOSTRAR_MUNICIPIO,Centro,Temixco,,Centro,Temixco,,0,Promotor,María del Rosario Martínez Cándido,,Lote por evento,/foto/FOTO-94C7BEA5B7,,10,SI,94c7bea5b70788be83e01dc01b0e85a32723ac4d51d9165401649f14d84d82dd,273219,1,Cursos de ICATMOR,temixco-cursos-de-icatmor,2026-08-26,"Poligonos Coordinados de Lenin 2026. Centro Poniente/Temixco, María del Rosario Martínez Cándido/Cursos de ICATMOR/Curso de Globoflexia 6, campo Sotelo, Temixco. 2026-08-26.jpeg"
FOTO-4C4C90DBED,"Curso de Globoflexia 7, campo Sotelo, Temixco. 2026-08-26.jpeg",1hkgpxzMyhhGmxmlTdh5mrbY817UUqFaV,https://drive.google.com/file/d/1hkgpxzMyhhGmxmlTdh5mrbY817UUqFaV/view,MUNICIPIO,MOSTRAR_MUNICIPIO,Centro,Temixco,,Centro,Temixco,,0,Promotor,María del Rosario Martínez Cándido,,Lote por evento,/foto/FOTO-4C4C90DBED,,10,SI,4c4c90dbed6d436546e64aadbdd80cce8ec5847b2c90f259e2c0a6319f73df42,310620,1,Cursos de ICATMOR,temixco-cursos-de-icatmor,2026-08-26,"Poligonos Coordinados de Lenin 2026. Centro Poniente/Temixco, María del Rosario Martínez Cándido/Cursos de ICATMOR/Curso de Globoflexia 7, campo Sotelo, Temixco. 2026-08-26.jpeg"
FOTO-5B75F45D39,"Curso de Globoflexia 8, campo Sotelo, Temixco. 2026-08-26.jpeg",1lJuPtaFdXniatxwYAHDOyzTaeSfZQMxJ,https://drive.google.com/file/d/1lJuPtaFdXniatxwYAHDOyzTaeSfZQMxJ/view,MUNICIPIO,MOSTRAR_MUNICIPIO,Centro,Temixco,,Centro,Temixco,,0,Promotor,María del Rosario Martínez Cándido,,Lote por evento,/foto/FOTO-5B75F45D39,,10,SI,5b75f45d3963835f06bdafb9cd34f2b145372f2a170b33eb993030bb9e83a4e0,287627,1,Cursos de ICATMOR,temixco-cursos-de-icatmor,2026-08-26,"Poligonos Coordinados de Lenin 2026. Centro Poniente/Temixco, María del Rosario Martínez Cándido/Cursos de ICATMOR/Curso de Globoflexia 8, campo Sotelo, Temixco. 2026-08-26.jpeg"
FOTO-24F0C86A13,"Curso de Globoflexia 9, campo Sotelo, Temixco. 2026-08-26.jpeg",10FwVU5nf6YSDnOYaZNPpAtyC_oo0UO99,https://drive.google.com/file/d/10FwVU5nf6YSDnOYaZNPpAtyC_oo0UO99/view,MUNICIPIO,MOSTRAR_MUNICIPIO,Centro,Temixco,,Centro,Temixco,,0,Promotor,María del Rosario Martínez Cándido,,Lote por evento,/foto/FOTO-24F0C86A13,,10,SI,24f0c86a13e59962a581e390698f87f0833bc65b79690287798d14982aa5750d,270428,1,Cursos de ICATMOR,temixco-cursos-de-icatmor,2026-08-26,"Poligonos Coordinados de Lenin 2026. Centro Poniente/Temixco, María del Rosario Martínez Cándido/Cursos de ICATMOR/Curso de Globoflexia 9, campo Sotelo, Temixco. 2026-08-26.jpeg"
FOTO-C94AFC6D44,"Curso de globoflexia ICATMOR, campo Sotelo, Temixco 1, 2026-09-09.jpeg",1alMcZbT98RvEMIxcda2gtabYk4pvb8Wq,https://drive.google.com/file/d/1alMcZbT98RvEMIxcda2gtabYk4pvb8Wq/view,MUNICIPIO,MOSTRAR_MUNICIPIO,Centro,Temixco,,Centro,Temixco,,0,Promotor,María del Rosario Martínez Cándido,,Lote por evento,/foto/FOTO-C94AFC6D44,,10,SI,c94afc6d44c893571666bf5a3c7676c5e66111eaff86c6801d3eec6b158ab1f9,139283,1,Cursos de ICATMOR,temixco-cursos-de-icatmor,2026-09-09,"Poligonos Coordinados de Lenin 2026. Centro Poniente/Temixco, María del Rosario Martínez Cándido/Cursos de ICATMOR/Curso de globoflexia ICATMOR, campo Sotelo, Temixco 1, 2026-09-09.jpeg"
FOTO-8F0D23578B,"Curso de globoflexia ICATMOR, campo Sotelo, Temixco 2, 2026-09-09.jpeg",10gsUcHkGyReOenRDxw_AQ7d2gc1j1FOs,https://drive.google.com/file/d/10gsUcHkGyReOenRDxw_AQ7d2gc1j1FOs/view,MUNICIPIO,MOSTRAR_MUNICIPIO,Centro,Temixco,,Centro,Temixco,,0,Promotor,María del Rosario Martínez Cándido,,Lote por evento,/foto/FOTO-8F0D23578B,,10,SI,8f0d23578bfbdcb4edda9d385e3c18e8b7ee85385b59f250f0ca76859a9618ca,291057,1,Cursos de ICATMOR,temixco-cursos-de-icatmor,2026-09-09,"Poligonos Coordinados de Lenin 2026. Centro Poniente/Temixco, María del Rosario Martínez Cándido/Cursos de ICATMOR/Curso de globoflexia ICATMOR, campo Sotelo, Temixco 2, 2026-09-09.jpeg"
FOTO-1B9968A7CB,"Curso de globoflexia ICATMOR, campo Sotelo, Temixco 3, 2026-09-09.jpeg",1qEUcRkvT_8xUVaI7z31MwOVYUiRSV-nP,https://drive.google.com/file/d/1qEUcRkvT_8xUVaI7z31MwOVYUiRSV-nP/view,MUNICIPIO,MOSTRAR_MUNICIPIO,Centro,Temixco,,Centro,Temixco,,0,Promotor,María del Rosario Martínez Cándido,,Lote por evento,/foto/FOTO-1B9968A7CB,,10,SI,1b9968a7cb0c6906d64ea2937ce138061c77a4725cf5af23a764be6171302483,215208,1,Cursos de ICATMOR,temixco-cursos-de-icatmor,2026-09-09,"Poligonos Coordinados de Lenin 2026. Centro Poniente/Temixco, María del Rosario Martínez Cándido/Cursos de ICATMOR/Curso de globoflexia ICATMOR, campo Sotelo, Temixco 3, 2026-09-09.jpeg"
FOTO-208766A87F,"Curso de globoflexia ICATMOR, campo Sotelo, Temixco 4, 2026-09-09.jpeg",1exfr9IM8gnm6lDvCGxqiYdT2y7mTUOAB,https://drive.google.com/file/d/1exfr9IM8gnm6lDvCGxqiYdT2y7mTUOAB/view,MUNICIPIO,MOSTRAR_MUNICIPIO,Centro,Temixco,,Centro,Temixco,,0,Promotor,María del Rosario Martínez Cándido,,Lote por evento,/foto/FOTO-208766A87F,,10,SI,208766a87f8f965c3c643bf07d7e02fd6c1a215e7f4fb1583cad9599fed683c0,231037,1,Cursos de ICATMOR,temixco-cursos-de-icatmor,2026-09-09,"Poligonos Coordinados de Lenin 2026. Centro Poniente/Temixco, María del Rosario Martínez Cándido/Cursos de ICATMOR/Curso de globoflexia ICATMOR, campo Sotelo, Temixco 4, 2026-09-09.jpeg"
FOTO-D2E0F66EBA,"Curso de Panadería en Campo Sotelo, Temixco 1. 2026-08-30.jpeg",1_7oI4Aw9LPjLl6ZreiC4_FkoObf-5kuD,https://drive.google.com/file/d/1_7oI4Aw9LPjLl6ZreiC4_FkoObf-5kuD/view,MUNICIPIO,MOSTRAR_MUNICIPIO,Centro,Temixco,,Centro,Temixco,,0,Promotor,María del Rosario Martínez Cándido,,Lote por evento,/foto/FOTO-D2E0F66EBA,,10,SI,d2e0f66eba3bb2bb84d444dcf9957cc44044bda13fe44a2e2072e306171751ce,354407,1,Cursos de ICATMOR,temixco-cursos-de-icatmor,2026-08-30,"Poligonos Coordinados de Lenin 2026. Centro Poniente/Temixco, María del Rosario Martínez Cándido/Cursos de ICATMOR/Curso de Panadería en Campo Sotelo, Temixco 1. 2026-08-30.jpeg"
FOTO-6791EA06DE,"Curso de Panadería en Campo Sotelo, Temixco 2. 2026-08-30.jpeg",10m2q-CutPRcOPFhciqZ3POqjmPzgvF6Z,https://drive.google.com/file/d/10m2q-CutPRcOPFhciqZ3POqjmPzgvF6Z/view,MUNICIPIO,MOSTRAR_MUNICIPIO,Centro,Temixco,,Centro,Temixco,,0,Promotor,María del Rosario Martínez Cándido,,Lote por evento,/foto/FOTO-6791EA06DE,,10,SI,6791ea06de9ae7f70d6ae79f342ffec20c62d385704b604022633ef3c3f091e5,306126,1,Cursos de ICATMOR,temixco-cursos-de-icatmor,2026-08-30,"Poligonos Coordinados de Lenin 2026. Centro Poniente/Temixco, María del Rosario Martínez Cándido/Cursos de ICATMOR/Curso de Panadería en Campo Sotelo, Temixco 2. 2026-08-30.jpeg"
FOTO-118D104D8F,"Curso de Panadería en Campo Sotelo, Temixco 3. 2026-08-30.jpeg",1SaQEqmlrlEXAkbu5ug0wXCzd3DTBgaqu,https://drive.google.com/file/d/1SaQEqmlrlEXAkbu5ug0wXCzd3DTBgaqu/view,MUNICIPIO,MOSTRAR_MUNICIPIO,Centro,Temixco,,Centro,Temixco,,0,Promotor,María del Rosario Martínez Cándido,,Lote por evento,/foto/FOTO-118D104D8F,,10,SI,118d104d8f4b4f60a309b92c2b7fdb0f36694177b111b26e403c3011a56fdfd7,158250,1,Cursos de ICATMOR,temixco-cursos-de-icatmor,2026-08-30,"Poligonos Coordinados de Lenin 2026. Centro Poniente/Temixco, María del Rosario Martínez Cándido/Cursos de ICATMOR/Curso de Panadería en Campo Sotelo, Temixco 3. 2026-08-30.jpeg"
FOTO-3A64AE4FBA,"Taller de panaderia en Campo Sotelo, Temixco, 1 2026-09-12.jpeg",10vNCtjdmFWKr-nDaJEL9WKrTL3wjQKtO,https://drive.google.com/file/d/10vNCtjdmFWKr-nDaJEL9WKrTL3wjQKtO/view,MUNICIPIO,MOSTRAR_MUNICIPIO,Centro,Temixco,,Centro,Temixco,,0,Promotor,María del Rosario Martínez Cándido,,Lote por evento,/foto/FOTO-3A64AE4FBA,,10,SI,3a64ae4fbaf1e056ddc0a2b88af15e391e639cf5b20c049ce7ad3512e004ae4b,197899,1,Cursos de ICATMOR,temixco-cursos-de-icatmor,2026-09-12,"Poligonos Coordinados de Lenin 2026. Centro Poniente/Temixco, María del Rosario Martínez Cándido/Cursos de ICATMOR/Taller de panaderia en Campo Sotelo, Temixco, 1 2026-09-12.jpeg"
FOTO-65192060C1,"Taller de panaderia en Campo Sotelo, Temixco, 2 2026-09-12.jpeg",1XRZlVo1R7DptQzyQNmrxYSfZcp3Dx3nL,https://drive.google.com/file/d/1XRZlVo1R7DptQzyQNmrxYSfZcp3Dx3nL/view,MUNICIPIO,MOSTRAR_MUNICIPIO,Centro,Temixco,,Centro,Temixco,,0,Promotor,María del Rosario Martínez Cándido,,Lote por evento,/foto/FOTO-65192060C1,,10,SI,65192060c12f2806368fd1edae2bf5a6d8e977e9a09597ff4ce7647ffcab9ee8,195746,1,Cursos de ICATMOR,temixco-cursos-de-icatmor,2026-09-12,"Poligonos Coordinados de Lenin 2026. Centro Poniente/Temixco, María del Rosario Martínez Cándido/Cursos de ICATMOR/Taller de panaderia en Campo Sotelo, Temixco, 2 2026-09-12.jpeg"
FOTO-F23A42E6A1,"Taller de panaderia en Campo Sotelo, Temixco, 3 2026-09-12.jpeg",1rnqgYm5N96LT3MgBjtbK_-o0RtlyM1yA,https://drive.google.com/file/d/1rnqgYm5N96LT3MgBjtbK_-o0RtlyM1yA/view,MUNICIPIO,MOSTRAR_MUNICIPIO,Centro,Temixco,,Centro,Temixco,,0,Promotor,María del Rosario Martínez Cándido,,Lote por evento,/foto/FOTO-F23A42E6A1,,10,SI,f23a42e6a13e1f17380704de34b03c808a9932173d35963fa9e94970eb668885,170696,1,Cursos de ICATMOR,temixco-cursos-de-icatmor,2026-09-12,"Poligonos Coordinados de Lenin 2026. Centro Poniente/Temixco, María del Rosario Martínez Cándido/Cursos de ICATMOR/Taller de panaderia en Campo Sotelo, Temixco, 3 2026-09-12.jpeg"
FOTO-F13267A075,"Taller de panaderia en Campo Sotelo, Temixco, 4 2026-09-12.jpeg",1Mt5bhhwkrgnbXtSvc586uEV6PEqc_mv9,https://drive.google.com/file/d/1Mt5bhhwkrgnbXtSvc586uEV6PEqc_mv9/view,MUNICIPIO,MOSTRAR_MUNICIPIO,Centro,Temixco,,Centro,Temixco,,0,Promotor,María del Rosario Martínez Cándido,,Lote por evento,/foto/FOTO-F13267A075,,10,SI,f13267a075b8f39a912422d8a62f480a5b2f7bb6e121cfa06322077dac67c04a,146602,1,Cursos de ICATMOR,temixco-cursos-de-icatmor,2026-09-12,"Poligonos Coordinados de Lenin 2026. Centro Poniente/Temixco, María del Rosario Martínez Cándido/Cursos de ICATMOR/Taller de panaderia en Campo Sotelo, Temixco, 4 2026-09-12.jpeg"
FOTO-190136B1E3,Entrega de Jitomate en Temixco 1.jpeg,1ts5sbIsoDKcDkOw4Anzk1WAglD4RZcuh,https://drive.google.com/file/d/1ts5sbIsoDKcDkOw4Anzk1WAglD4RZcuh/view,MUNICIPIO,MOSTRAR_MUNICIPIO,Centro,Temixco,,Centro,Temixco,,0,Promotor,María del Rosario Martínez Cándido,,Lote por evento,/foto/FOTO-190136B1E3,,10,SI,190136b1e3655794d71e4d317f0738e491c95baa89410354559d39b88b89ffcf,96659,1,Entrega de hortalizas. Temixco,temixco-entrega-de-hortalizas-temixco,,"Poligonos Coordinados de Lenin 2026. Centro Poniente/Temixco, María del Rosario Martínez Cándido/Entrega de hortalizas. Temixco/Entrega de Jitomate en Temixco 1.jpeg"
FOTO-BD69E17356,Entrega de Jitomate en Temixco 2.jpeg,1wE1QZhTsBDlgzZFhi-xElnGW1Mu1sdD7,https://drive.google.com/file/d/1wE1QZhTsBDlgzZFhi-xElnGW1Mu1sdD7/view,MUNICIPIO,MOSTRAR_MUNICIPIO,Centro,Temixco,,Centro,Temixco,,0,Promotor,María del Rosario Martínez Cándido,,Lote por evento,/foto/FOTO-BD69E17356,,10,SI,bd69e173566e3ceb33c0320abfec94e8382a609854b11267d30e9d3663fdcc7c,119687,1,Entrega de hortalizas. Temixco,temixco-entrega-de-hortalizas-temixco,,"Poligonos Coordinados de Lenin 2026. Centro Poniente/Temixco, María del Rosario Martínez Cándido/Entrega de hortalizas. Temixco/Entrega de Jitomate en Temixco 2.jpeg"
FOTO-4CDAFD408A,Entrega de Jitomate en Temixco 3.jpeg,1wTu82AwcT62JhjV4zet0rfxTEoRVqlbk,https://drive.google.com/file/d/1wTu82AwcT62JhjV4zet0rfxTEoRVqlbk/view,MUNICIPIO,MOSTRAR_MUNICIPIO,Centro,Temixco,,Centro,Temixco,,0,Promotor,María del Rosario Martínez Cándido,,Lote por evento,/foto/FOTO-4CDAFD408A,,10,SI,4cdafd408a67d3b58b106aadb5c2ae2a5223e6dcb5f5f45351c172cd73672896,122390,1,Entrega de hortalizas. Temixco,temixco-entrega-de-hortalizas-temixco,,"Poligonos Coordinados de Lenin 2026. Centro Poniente/Temixco, María del Rosario Martínez Cándido/Entrega de hortalizas. Temixco/Entrega de Jitomate en Temixco 3.jpeg"
FOTO-CCE39133CE,Entrega de Jitomate en Temixco 4.jpeg,1Ysv5Eur4SMxFpafrXsYlU-oJ0L7U8rtZ,https://drive.google.com/file/d/1Ysv5Eur4SMxFpafrXsYlU-oJ0L7U8rtZ/view,MUNICIPIO,MOSTRAR_MUNICIPIO,Centro,Temixco,,Centro,Temixco,,0,Promotor,María del Rosario Martínez Cándido,,Lote por evento,/foto/FOTO-CCE39133CE,,10,SI,cce39133ce76e1ebb25ab199de7e6ef350c17d6431401e4eb720388965da52b9,107267,1,Entrega de hortalizas. Temixco,temixco-entrega-de-hortalizas-temixco,,"Poligonos Coordinados de Lenin 2026. Centro Poniente/Temixco, María del Rosario Martínez Cándido/Entrega de hortalizas. Temixco/Entrega de Jitomate en Temixco 4.jpeg"
FOTO-E7523642B4,Entrega de Jitomate en Temixco 5.jpeg,1zMGdY5s3vPfMGjpBwyxN9G_ht5X0ZErI,https://drive.google.com/file/d/1zMGdY5s3vPfMGjpBwyxN9G_ht5X0ZErI/view,MUNICIPIO,MOSTRAR_MUNICIPIO,Centro,Temixco,,Centro,Temixco,,0,Promotor,María del Rosario Martínez Cándido,,Lote por evento,/foto/FOTO-E7523642B4,,10,SI,e7523642b4a944f39c52f500b0789e5acc4406c4d28aea6c82645995bb50c143,106204,1,Entrega de hortalizas. Temixco,temixco-entrega-de-hortalizas-temixco,,"Poligonos Coordinados de Lenin 2026. Centro Poniente/Temixco, María del Rosario Martínez Cándido/Entrega de hortalizas. Temixco/Entrega de Jitomate en Temixco 5.jpeg"
FOTO-BF6EADCC41,Temixco 01042026.jpeg,1m6UaDWbru2b9alze87xltQxvo-MmVu3G,https://drive.google.com/file/d/1m6UaDWbru2b9alze87xltQxvo-MmVu3G/view,MUNICIPIO,MOSTRAR_MUNICIPIO,Centro,Temixco,,Centro,Temixco,,0,Promotor,María del Rosario Martínez Cándido,,Lote por evento,/foto/FOTO-BF6EADCC41,,10,SI,bf6eadcc419f071f570e00ebfe93a89055e5b21b40375bbd058aaa7526f0aa2c,213650,1,Entrega de hortalizas. Temixco,temixco-entrega-de-hortalizas-temixco,2026-04-01,"Poligonos Coordinados de Lenin 2026. Centro Poniente/Temixco, María del Rosario Martínez Cándido/Entrega de hortalizas. Temixco/Temixco 01042026.jpeg"
FOTO-DFC8B224C1,Temixco 2. 02042026.jpeg,1_VxZLKV0sxgYgMHN644n3wsEYYP-THCB,https://drive.google.com/file/d/1_VxZLKV0sxgYgMHN644n3wsEYYP-THCB/view,MUNICIPIO,MOSTRAR_MUNICIPIO,Centro,Temixco,,Centro,Temixco,,0,Promotor,María del Rosario Martínez Cándido,,Lote por evento,/foto/FOTO-DFC8B224C1,,10,SI,dfc8b224c1f05d8ee84028811a5a300f907deb9bba36fb7ff33aa06fab8f7fd9,268117,1,Entrega de hortalizas. Temixco,temixco-entrega-de-hortalizas-temixco,2026-04-02,"Poligonos Coordinados de Lenin 2026. Centro Poniente/Temixco, María del Rosario Martínez Cándido/Entrega de hortalizas. Temixco/Temixco 2. 02042026.jpeg"
FOTO-1BE9CBBED2,Entrega de Juguetes en Campo sotelo 1.jpeg,1NyVe31UTZv1CeOSpCUAzZHpRL8CkcwE4,https://drive.google.com/file/d/1NyVe31UTZv1CeOSpCUAzZHpRL8CkcwE4/view,MUNICIPIO,MOSTRAR_MUNICIPIO,Centro,Temixco,,Centro,Temixco,,0,Promotor,María del Rosario Martínez Cándido,,Lote por evento,/foto/FOTO-1BE9CBBED2,,10,SI,1be9cbbed2940db02293f2b843a523837eae8e83fefa7e33692318a41fe3a2ce,220117,1,Entrega de Juguetes,temixco-entrega-de-juguetes,,"Poligonos Coordinados de Lenin 2026. Centro Poniente/Temixco, María del Rosario Martínez Cándido/Entrega de Juguetes/Entrega de Juguetes en Campo sotelo 1.jpeg"
FOTO-882B72EE86,Entrega de Juguetes en Campo Sotelo 2.jpeg,1Aslehl98k-uTkUczAjA_7RLuibF38TOA,https://drive.google.com/file/d/1Aslehl98k-uTkUczAjA_7RLuibF38TOA/view,MUNICIPIO,MOSTRAR_MUNICIPIO,Centro,Temixco,,Centro,Temixco,,0,Promotor,María del Rosario Martínez Cándido,,Lote por evento,/foto/FOTO-882B72EE86,,10,SI,882b72ee86eb848d55276562b4e03f6bc62357d5f400ff4215f88c0bd2f6e7d5,218722,1,Entrega de Juguetes,temixco-entrega-de-juguetes,,"Poligonos Coordinados de Lenin 2026. Centro Poniente/Temixco, María del Rosario Martínez Cándido/Entrega de Juguetes/Entrega de Juguetes en Campo Sotelo 2.jpeg"
FOTO-2E9B20AA14,"Entrega de Juguetes en Vergel, Santa Cruz, Temixco.jpeg",1sqOm3k_InfXdF_t2EOI--xnmCI9kgq3v,https://drive.google.com/file/d/1sqOm3k_InfXdF_t2EOI--xnmCI9kgq3v/view,MUNICIPIO,MOSTRAR_MUNICIPIO,Centro,Temixco,,Centro,Temixco,,0,Promotor,María del Rosario Martínez Cándido,,Lote por evento,/foto/FOTO-2E9B20AA14,,10,SI,2e9b20aa140214b808a15627b3eeeb6c1b8ae6c70be7b18c0e864bf7e18416fc,390417,1,Entrega de Juguetes,temixco-entrega-de-juguetes,,"Poligonos Coordinados de Lenin 2026. Centro Poniente/Temixco, María del Rosario Martínez Cándido/Entrega de Juguetes/Entrega de Juguetes en Vergel, Santa Cruz, Temixco.jpeg"
FOTO-83442B6C10,"Entrega de Juguetes en Vergel, Temixco..jpeg",15lf1QKlFXvBoQaiZtTFxRUbGIoBmVVX6,https://drive.google.com/file/d/15lf1QKlFXvBoQaiZtTFxRUbGIoBmVVX6/view,MUNICIPIO,MOSTRAR_MUNICIPIO,Centro,Temixco,,Centro,Temixco,,0,Promotor,María del Rosario Martínez Cándido,,Lote por evento,/foto/FOTO-83442B6C10,,10,SI,83442b6c109643c44eac11dd5cdb52b3a96fcb5794d1cd960873de67b413ee5e,238439,1,Entrega de Juguetes,temixco-entrega-de-juguetes,,"Poligonos Coordinados de Lenin 2026. Centro Poniente/Temixco, María del Rosario Martínez Cándido/Entrega de Juguetes/Entrega de Juguetes en Vergel, Temixco..jpeg"
FOTO-CB9EA03C75,"Faena-Tequio Las Rosas, Temixco 2, 28 de junio de 2026.jpeg",19WSFQiwJg9x7xBl_YRSp6evpIHgzpuw_,https://drive.google.com/file/d/19WSFQiwJg9x7xBl_YRSp6evpIHgzpuw_/view,MUNICIPIO,MOSTRAR_MUNICIPIO,Centro,Temixco,,Centro,Temixco,,0,Promotor,María del Rosario Martínez Cándido,,Lote por evento,/foto/FOTO-CB9EA03C75,,10,SI,cb9ea03c75f99655e34c268ecca80a5ed9c62fe8dbda34c094d11c5eb6aeeff4,213982,1,Faena-Tequio,temixco-faena-tequio,2026-06-28,"Poligonos Coordinados de Lenin 2026. Centro Poniente/Temixco, María del Rosario Martínez Cándido/Faena-Tequio/Faena-Tequio Las Rosas, Temixco 2, 28 de junio de 2026.jpeg"
FOTO-D4EAC3883B,"Faena-Tequio Las Rosas, Temixco 3, 28 de junio de 2026.jpeg",1JWqwzY0ovLeezdH2gk384HDcAQ7NZEaH,https://drive.google.com/file/d/1JWqwzY0ovLeezdH2gk384HDcAQ7NZEaH/view,MUNICIPIO,MOSTRAR_MUNICIPIO,Centro,Temixco,,Centro,Temixco,,0,Promotor,María del Rosario Martínez Cándido,,Lote por evento,/foto/FOTO-D4EAC3883B,,10,SI,d4eac3883b7feae2c99fe2dd9e2e96fd80be8cf467498c18e62831c606bc0d7f,218912,1,Faena-Tequio,temixco-faena-tequio,2026-06-28,"Poligonos Coordinados de Lenin 2026. Centro Poniente/Temixco, María del Rosario Martínez Cándido/Faena-Tequio/Faena-Tequio Las Rosas, Temixco 3, 28 de junio de 2026.jpeg"
FOTO-8D4E63B4EC,"Faena-Tequio Las Rosas, Temixco 4, 28 de junio de 2026.jpeg",19P34cBwhR_QT0gcG_7IQQBwAcXrbrqNY,https://drive.google.com/file/d/19P34cBwhR_QT0gcG_7IQQBwAcXrbrqNY/view,MUNICIPIO,MOSTRAR_MUNICIPIO,Centro,Temixco,,Centro,Temixco,,0,Promotor,María del Rosario Martínez Cándido,,Lote por evento,/foto/FOTO-8D4E63B4EC,,10,SI,8d4e63b4ec3ee19bb88f9ffbf3725142087809652d1a4edd3b327c7efd311637,370161,1,Faena-Tequio,temixco-faena-tequio,2026-06-28,"Poligonos Coordinados de Lenin 2026. Centro Poniente/Temixco, María del Rosario Martínez Cándido/Faena-Tequio/Faena-Tequio Las Rosas, Temixco 4, 28 de junio de 2026.jpeg"
FOTO-A0E60FAEB5,"Faena-Tequio Las Rosas, Temixco 5, 28 de junio de 2026.jpeg",1kqr8q0u2zv1V6gWKkezKJep0TStW5ZBy,https://drive.google.com/file/d/1kqr8q0u2zv1V6gWKkezKJep0TStW5ZBy/view,MUNICIPIO,MOSTRAR_MUNICIPIO,Centro,Temixco,,Centro,Temixco,,0,Promotor,María del Rosario Martínez Cándido,,Lote por evento,/foto/FOTO-A0E60FAEB5,,10,SI,a0e60faeb537fdb24128388c96831ee1ac39bb2f8dbfa48250064295fdac5269,1302301,1,Faena-Tequio,temixco-faena-tequio,2026-06-28,"Poligonos Coordinados de Lenin 2026. Centro Poniente/Temixco, María del Rosario Martínez Cándido/Faena-Tequio/Faena-Tequio Las Rosas, Temixco 5, 28 de junio de 2026.jpeg"
FOTO-BF8C8CF8CF,"Faena-Tequio Las Rosas, Temixco 6, 28 de junio de 2026.jpeg",1nEZwaUP5N94SlatiFXIEUGi8za-7M7DC,https://drive.google.com/file/d/1nEZwaUP5N94SlatiFXIEUGi8za-7M7DC/view,MUNICIPIO,MOSTRAR_MUNICIPIO,Centro,Temixco,,Centro,Temixco,,0,Promotor,María del Rosario Martínez Cándido,,Lote por evento,/foto/FOTO-BF8C8CF8CF,,10,SI,bf8c8cf8cfd12bf34e41e6ca06c1102355da436f15981ce08a9333e10dbc8ac8,360666,1,Faena-Tequio,temixco-faena-tequio,2026-06-28,"Poligonos Coordinados de Lenin 2026. Centro Poniente/Temixco, María del Rosario Martínez Cándido/Faena-Tequio/Faena-Tequio Las Rosas, Temixco 6, 28 de junio de 2026.jpeg"
FOTO-D606C6FF98,"Taller de Pintura, Temixco. 26  de junio de 2026..jpeg",1N8Om9eZed1I-aI3xRagba68QpQcHbwAV,https://drive.google.com/file/d/1N8Om9eZed1I-aI3xRagba68QpQcHbwAV/view,MUNICIPIO,MOSTRAR_MUNICIPIO,Centro,Temixco,,Centro,Temixco,,0,Promotor,María del Rosario Martínez Cándido,,Lote por evento,/foto/FOTO-D606C6FF98,,10,SI,d606c6ff98f5c0b3ae26f6f28f9921ed36c2216d560e22290b1d53ed283f0bb2,283526,1,Faena-Tequio,temixco-faena-tequio,2026-06-26,"Poligonos Coordinados de Lenin 2026. Centro Poniente/Temixco, María del Rosario Martínez Cándido/Faena-Tequio/Taller de Pintura, Temixco. 26  de junio de 2026..jpeg"
FOTO-2E7687BF33,"Tequio en Vergel Santa Cruz 2, 28 de junio de 2026.jpeg",19X0_SEMxG4epBf72zkQgPZD2fsVEAXtk,https://drive.google.com/file/d/19X0_SEMxG4epBf72zkQgPZD2fsVEAXtk/view,MUNICIPIO,MOSTRAR_MUNICIPIO,Centro,Temixco,,Centro,Temixco,,0,Promotor,María del Rosario Martínez Cándido,,Lote por evento,/foto/FOTO-2E7687BF33,,10,SI,2e7687bf33918388fecf62ec3b6bb7bf48ee954d4ad3d302dca2252d79730f5b,357748,1,Faena-Tequio,temixco-faena-tequio,2026-06-28,"Poligonos Coordinados de Lenin 2026. Centro Poniente/Temixco, María del Rosario Martínez Cándido/Faena-Tequio/Tequio en Vergel Santa Cruz 2, 28 de junio de 2026.jpeg"
FOTO-E1A2EED665,"Tequio en Vergel Santa Cruz 3, 28 de junio de 2026.jpeg",1vlu_LxE0eNTxkeVOVib0ozsCk7JcmqUk,https://drive.google.com/file/d/1vlu_LxE0eNTxkeVOVib0ozsCk7JcmqUk/view,MUNICIPIO,MOSTRAR_MUNICIPIO,Centro,Temixco,,Centro,Temixco,,0,Promotor,María del Rosario Martínez Cándido,,Lote por evento,/foto/FOTO-E1A2EED665,,10,SI,e1a2eed665fb21a225c55e8a2b948efbf7605ceb37faf6d4ed0061b32a644578,175708,1,Faena-Tequio,temixco-faena-tequio,2026-06-28,"Poligonos Coordinados de Lenin 2026. Centro Poniente/Temixco, María del Rosario Martínez Cándido/Faena-Tequio/Tequio en Vergel Santa Cruz 3, 28 de junio de 2026.jpeg"
FOTO-FB0AD087CD,"Tequio en Vergel Santa Cruz 4, 28 de junio de 2026.jpeg",1m_iWjL_MHx2FPo0ILGtgfo9XFqyrhtrW,https://drive.google.com/file/d/1m_iWjL_MHx2FPo0ILGtgfo9XFqyrhtrW/view,MUNICIPIO,MOSTRAR_MUNICIPIO,Centro,Temixco,,Centro,Temixco,,0,Promotor,María del Rosario Martínez Cándido,,Lote por evento,/foto/FOTO-FB0AD087CD,,10,SI,fb0ad087cd1bdbfe2c166af4ae03b1ae617d0d62f3ac61ec3c3ff9aff7a98d1f,223294,1,Faena-Tequio,temixco-faena-tequio,2026-06-28,"Poligonos Coordinados de Lenin 2026. Centro Poniente/Temixco, María del Rosario Martínez Cándido/Faena-Tequio/Tequio en Vergel Santa Cruz 4, 28 de junio de 2026.jpeg"
FOTO-B94A95E510,"Tequio en Vergel Santa Cruz 5, 28 de junio de 2026.jpeg",1h6mU8px1jWV4cmV65q6UD3bqeulcm8Vt,https://drive.google.com/file/d/1h6mU8px1jWV4cmV65q6UD3bqeulcm8Vt/view,MUNICIPIO,MOSTRAR_MUNICIPIO,Centro,Temixco,,Centro,Temixco,,0,Promotor,María del Rosario Martínez Cándido,,Lote por evento,/foto/FOTO-B94A95E510,,10,SI,b94a95e510a98bdfa3ada8f9f7f75994281a972a2d94db7f1c8fb1af90e39ad5,306058,1,Faena-Tequio,temixco-faena-tequio,2026-06-28,"Poligonos Coordinados de Lenin 2026. Centro Poniente/Temixco, María del Rosario Martínez Cándido/Faena-Tequio/Tequio en Vergel Santa Cruz 5, 28 de junio de 2026.jpeg"
FOTO-EFA4AB2C76,"Tequio en Vergel Santa Cruz 6, 28 de junio de 2026.jpeg",1I35BMr1i5qvhj0-qxeNA2VfpUuOpcO7Z,https://drive.google.com/file/d/1I35BMr1i5qvhj0-qxeNA2VfpUuOpcO7Z/view,MUNICIPIO,MOSTRAR_MUNICIPIO,Centro,Temixco,,Centro,Temixco,,0,Promotor,María del Rosario Martínez Cándido,,Lote por evento,/foto/FOTO-EFA4AB2C76,,10,SI,efa4ab2c760717f1dd5427da4b41ae9caae147f50475f1194f52af0e2a0e1026,157329,1,Faena-Tequio,temixco-faena-tequio,2026-06-28,"Poligonos Coordinados de Lenin 2026. Centro Poniente/Temixco, María del Rosario Martínez Cándido/Faena-Tequio/Tequio en Vergel Santa Cruz 6, 28 de junio de 2026.jpeg"
FOTO-CA2CA41640,"Tequio en Vergel Santa Cruz 7, 28 de junio de 2026.jpeg",1XpBjTP6mvsWCe7C7yxPBVyhuMXG8SQo0,https://drive.google.com/file/d/1XpBjTP6mvsWCe7C7yxPBVyhuMXG8SQo0/view,MUNICIPIO,MOSTRAR_MUNICIPIO,Centro,Temixco,,Centro,Temixco,,0,Promotor,María del Rosario Martínez Cándido,,Lote por evento,/foto/FOTO-CA2CA41640,,10,SI,ca2ca41640b5d10e4853cea39c157c852d0a17a4b3b1b627183eb2ab6a277c02,202076,1,Faena-Tequio,temixco-faena-tequio,2026-06-28,"Poligonos Coordinados de Lenin 2026. Centro Poniente/Temixco, María del Rosario Martínez Cándido/Faena-Tequio/Tequio en Vergel Santa Cruz 7, 28 de junio de 2026.jpeg"
FOTO-B918BD1263,"Tequio en Vergel Santa Cruz 8, 28 de junio de 2026.jpeg",1BRisYZWpZgnJj9Ot3VrVniaukdEOrTbg,https://drive.google.com/file/d/1BRisYZWpZgnJj9Ot3VrVniaukdEOrTbg/view,MUNICIPIO,MOSTRAR_MUNICIPIO,Centro,Temixco,,Centro,Temixco,,0,Promotor,María del Rosario Martínez Cándido,,Lote por evento,/foto/FOTO-B918BD1263,,10,SI,b918bd126390530ccebfaf06e11610e92b17a3141191e7397048bf6ae85970c2,235333,1,Faena-Tequio,temixco-faena-tequio,2026-06-28,"Poligonos Coordinados de Lenin 2026. Centro Poniente/Temixco, María del Rosario Martínez Cándido/Faena-Tequio/Tequio en Vergel Santa Cruz 8, 28 de junio de 2026.jpeg"
FOTO-DABAE0C894,"Tequio en Vergel Santa Cruz, 28 de junio de 2026.jpeg",1RbBbnTODg-Tvw4bfh9yipMfBWEGKXj3Z,https://drive.google.com/file/d/1RbBbnTODg-Tvw4bfh9yipMfBWEGKXj3Z/view,MUNICIPIO,MOSTRAR_MUNICIPIO,Centro,Temixco,,Centro,Temixco,,0,Promotor,María del Rosario Martínez Cándido,,Lote por evento,/foto/FOTO-DABAE0C894,,10,SI,dabae0c894740234f481c62a7ae49dd9e3adf1adb830553914580b079be2d363,247733,1,Faena-Tequio,temixco-faena-tequio,2026-06-28,"Poligonos Coordinados de Lenin 2026. Centro Poniente/Temixco, María del Rosario Martínez Cándido/Faena-Tequio/Tequio en Vergel Santa Cruz, 28 de junio de 2026.jpeg"
FOTO-A57C757151,2026-01-07 (i).jpeg,1Ht_8xy54aTSK-YOzE9f5IxhVzIN1fyjx,https://drive.google.com/file/d/1Ht_8xy54aTSK-YOzE9f5IxhVzIN1fyjx/view,MUNICIPIO,MOSTRAR_MUNICIPIO,Centro,Temixco,,Centro,Temixco,,0,Promotor,María del Rosario Martínez Cándido,,Lote por evento,/foto/FOTO-A57C757151,,10,SI,a57c75715170562ef0cef235fa9296ee67823b565a69996ae31f2ee46ee853d3,313811,1,Leche para el Bienestar,temixco-leche-para-el-bienestar,2026-01-07,"Poligonos Coordinados de Lenin 2026. Centro Poniente/Temixco, María del Rosario Martínez Cándido/Leche para el Bienestar/2026-01-07 (i).jpeg"
FOTO-CBEC964A36,2026-01-07.jpeg,1mXvL6hsm3kpn7n0fJNzJw2_4Ko5kgWFY,https://drive.google.com/file/d/1mXvL6hsm3kpn7n0fJNzJw2_4Ko5kgWFY/view,MUNICIPIO,MOSTRAR_MUNICIPIO,Centro,Temixco,,Centro,Temixco,,0,Promotor,María del Rosario Martínez Cándido,,Lote por evento,/foto/FOTO-CBEC964A36,,10,SI,cbec964a36cde1ba52c941a22abc4a4f8a5acd1e8a15b5e6c50962a817a7e9c3,156712,1,Leche para el Bienestar,temixco-leche-para-el-bienestar,2026-01-07,"Poligonos Coordinados de Lenin 2026. Centro Poniente/Temixco, María del Rosario Martínez Cándido/Leche para el Bienestar/2026-01-07.jpeg"
FOTO-635AF586FD,"Anotandose para leche del bienestar, vergel, Santa Cruz Temixco 1.jpeg",1OgKPMQm1FLlUkiKc3bZ6gy-g-haGA0sD,https://drive.google.com/file/d/1OgKPMQm1FLlUkiKc3bZ6gy-g-haGA0sD/view,MUNICIPIO,MOSTRAR_MUNICIPIO,Centro,Temixco,,Centro,Temixco,,0,Promotor,María del Rosario Martínez Cándido,,Lote por evento,/foto/FOTO-635AF586FD,,10,SI,635af586fdb1390a8e51880948f3e862b67e63e04c9a21f073225890c0d8bfd4,331513,1,Leche para el Bienestar,temixco-leche-para-el-bienestar,,"Poligonos Coordinados de Lenin 2026. Centro Poniente/Temixco, María del Rosario Martínez Cándido/Leche para el Bienestar/Anotandose para leche del bienestar, vergel, Santa Cruz Temixco 1.jpeg"
FOTO-EDAF7E8D6E,"Anotandose para leche del bienestar, vergel, Santa Cruz Temixco 2.jpeg",1HnrL71la2ku6PGEHbZ9dtf-DeWhFY6Ie,https://drive.google.com/file/d/1HnrL71la2ku6PGEHbZ9dtf-DeWhFY6Ie/view,MUNICIPIO,MOSTRAR_MUNICIPIO,Centro,Temixco,,Centro,Temixco,,0,Promotor,María del Rosario Martínez Cándido,,Lote por evento,/foto/FOTO-EDAF7E8D6E,,10,SI,edaf7e8d6e83088b6ba9cba81a55273bc585988b132d6fd17a1a32d28ea64920,294798,1,Leche para el Bienestar,temixco-leche-para-el-bienestar,,"Poligonos Coordinados de Lenin 2026. Centro Poniente/Temixco, María del Rosario Martínez Cándido/Leche para el Bienestar/Anotandose para leche del bienestar, vergel, Santa Cruz Temixco 2.jpeg"
FOTO-273403932B,"Anotandose para leche del bienestar, vergel, Santa Cruz Temixco 3.jpeg",1S-XHdHNuKfiojn4ZJc0PwKO5pyzey7E1,https://drive.google.com/file/d/1S-XHdHNuKfiojn4ZJc0PwKO5pyzey7E1/view,MUNICIPIO,MOSTRAR_MUNICIPIO,Centro,Temixco,,Centro,Temixco,,0,Promotor,María del Rosario Martínez Cándido,,Lote por evento,/foto/FOTO-273403932B,,10,SI,273403932b32fe0218497df3e6a305e4116a02acf10b687c3a84f6cbaa733e66,276401,1,Leche para el Bienestar,temixco-leche-para-el-bienestar,,"Poligonos Coordinados de Lenin 2026. Centro Poniente/Temixco, María del Rosario Martínez Cándido/Leche para el Bienestar/Anotandose para leche del bienestar, vergel, Santa Cruz Temixco 3.jpeg"
FOTO-3F11992A6D,Las rosas Temixco 1.jpeg,1suRGI1SfP5WoQepbhi1qYzQ9PUAdwTdJ,https://drive.google.com/file/d/1suRGI1SfP5WoQepbhi1qYzQ9PUAdwTdJ/view,MUNICIPIO,MOSTRAR_MUNICIPIO,Centro,Temixco,,Centro,Temixco,,0,Promotor,María del Rosario Martínez Cándido,,Lote por evento,/foto/FOTO-3F11992A6D,,10,SI,3f11992a6ddba1b35faa87921a9c74c64b4c34c0057c0614a66c0a35b1c82ea1,339949,1,Leche para el Bienestar,temixco-leche-para-el-bienestar,,"Poligonos Coordinados de Lenin 2026. Centro Poniente/Temixco, María del Rosario Martínez Cándido/Leche para el Bienestar/Las rosas Temixco 1.jpeg"
FOTO-22AF3C19EC,Las rosas Temixco 2.jpeg,1APvvNcctq91DpXXSBZEkILEIuLNb2Zgp,https://drive.google.com/file/d/1APvvNcctq91DpXXSBZEkILEIuLNb2Zgp/view,MUNICIPIO,MOSTRAR_MUNICIPIO,Centro,Temixco,,Centro,Temixco,,0,Promotor,María del Rosario Martínez Cándido,,Lote por evento,/foto/FOTO-22AF3C19EC,,10,SI,22af3c19ecf632349c22cdb3f10019c678dd32e3a6f227e97408bbbbc7d3f647,193263,1,Leche para el Bienestar,temixco-leche-para-el-bienestar,,"Poligonos Coordinados de Lenin 2026. Centro Poniente/Temixco, María del Rosario Martínez Cándido/Leche para el Bienestar/Las rosas Temixco 2.jpeg"
FOTO-8DB33BD12A,"Registro para leche del Bienestar en Campo Sotelo, Temixco..jpeg",15YABPivDhnWn6NyNb5aVnbxV6u4AmOZz,https://drive.google.com/file/d/15YABPivDhnWn6NyNb5aVnbxV6u4AmOZz/view,MUNICIPIO,MOSTRAR_MUNICIPIO,Centro,Temixco,,Centro,Temixco,,0,Promotor,María del Rosario Martínez Cándido,,Lote por evento,/foto/FOTO-8DB33BD12A,,10,SI,8db33bd12a43f08321ff02fd3a22cdac276ff229fd388a28fa12a8dc89a57cac,139197,1,Leche para el Bienestar,temixco-leche-para-el-bienestar,,"Poligonos Coordinados de Lenin 2026. Centro Poniente/Temixco, María del Rosario Martínez Cándido/Leche para el Bienestar/Registro para leche del Bienestar en Campo Sotelo, Temixco..jpeg"
FOTO-DD3AEF2AAF,WhatsApp Image 2026-01-07 at 2.09.42 PM (1).jpeg,1Clasf0DWBz5MFcIpuiBTNSWCojFnEI1L,https://drive.google.com/file/d/1Clasf0DWBz5MFcIpuiBTNSWCojFnEI1L/view,MUNICIPIO,MOSTRAR_MUNICIPIO,Centro,Temixco,,Centro,Temixco,,0,Promotor,María del Rosario Martínez Cándido,,Lote por evento,/foto/FOTO-DD3AEF2AAF,,10,SI,dd3aef2aaf190fdc6c9b377f933136e3b10f9a1a1e4e39781be82a8a2f26775c,159277,1,Leche para el Bienestar,temixco-leche-para-el-bienestar,2026-01-07,"Poligonos Coordinados de Lenin 2026. Centro Poniente/Temixco, María del Rosario Martínez Cándido/Leche para el Bienestar/WhatsApp Image 2026-01-07 at 2.09.42 PM (1).jpeg"
FOTO-7BD1D53A21,WhatsApp Image 2026-01-07 at 2.09.42 PM.jpeg,1UwdsAs3PftBthNtZNW4tOC9X2t-msfHf,https://drive.google.com/file/d/1UwdsAs3PftBthNtZNW4tOC9X2t-msfHf/view,MUNICIPIO,MOSTRAR_MUNICIPIO,Centro,Temixco,,Centro,Temixco,,0,Promotor,María del Rosario Martínez Cándido,,Lote por evento,/foto/FOTO-7BD1D53A21,,10,SI,7bd1d53a2103b1947d76b85e482695e46e5b3900e918daae05324e4831ab468f,159110,1,Leche para el Bienestar,temixco-leche-para-el-bienestar,2026-01-07,"Poligonos Coordinados de Lenin 2026. Centro Poniente/Temixco, María del Rosario Martínez Cándido/Leche para el Bienestar/WhatsApp Image 2026-01-07 at 2.09.42 PM.jpeg"
FOTO-17E1A2923A,Recorridos con funcionarios públicos en territorio (1) 2026-01-28.jpeg,1wwX7YRblEfHfmE43q-ittVxz76ebRd3n,https://drive.google.com/file/d/1wwX7YRblEfHfmE43q-ittVxz76ebRd3n/view,MUNICIPIO,MOSTRAR_MUNICIPIO,Centro,Temixco,,Centro,Temixco,,0,Promotor,María del Rosario Martínez Cándido,,Lote por evento,/foto/FOTO-17E1A2923A,,10,SI,17e1a2923aea2d8981b33fc64bf4f5c12802da0c85eb0e06be13102187d17275,345392,1,Recorridos con funcionarios públicos en territorio,temixco-recorridos-con-funcionarios-publicos-en-territorio,2026-01-28,"Poligonos Coordinados de Lenin 2026. Centro Poniente/Temixco, María del Rosario Martínez Cándido/Recorridos con funcionarios públicos en territorio (1) 2026-01-28.jpeg"
FOTO-67A8B72994,Recorridos con funcionarios públicos en territorio 2026-01-28.jpeg,1Qv5OVClliJJ0FQgq9tcaOztOpeCccO3u,https://drive.google.com/file/d/1Qv5OVClliJJ0FQgq9tcaOztOpeCccO3u/view,MUNICIPIO,MOSTRAR_MUNICIPIO,Centro,Temixco,,Centro,Temixco,,0,Promotor,María del Rosario Martínez Cándido,,Lote por evento,/foto/FOTO-67A8B72994,,10,SI,67a8b72994770a98864149b42cdf1399ffe4f23d236bad84a8b1e688069d06b2,216541,1,Recorridos con funcionarios públicos en territorio,temixco-recorridos-con-funcionarios-publicos-en-territorio,2026-01-28,"Poligonos Coordinados de Lenin 2026. Centro Poniente/Temixco, María del Rosario Martínez Cándido/Recorridos con funcionarios públicos en territorio 2026-01-28.jpeg"
FOTO-21CBBE2F2F,"Campo el rayo, Temixco. 07032026.jpeg",1Z7jlu3aigKLOJ8z4-7icHId9eS4eEd0w,https://drive.google.com/file/d/1Z7jlu3aigKLOJ8z4-7icHId9eS4eEd0w/view,MUNICIPIO,MOSTRAR_MUNICIPIO,Centro,Temixco,,Centro,Temixco,,0,Promotor,María del Rosario Martínez Cándido,,Lote por evento,/foto/FOTO-21CBBE2F2F,,10,SI,21cbbe2f2f3fd6cba122e665203ae52a370eb7e8c4d64bc6f2073e554de4cb3d,156586,1,Reuniones de Consejo,temixco-reuniones-de-consejo,2026-03-07,"Poligonos Coordinados de Lenin 2026. Centro Poniente/Temixco, María del Rosario Martínez Cándido/Reuniones de Consejo/Campo el rayo, Temixco. 07032026.jpeg"
FOTO-B29D2504AA,"Consejo Vergel, Santa Cruz Temixco..jpeg",1msNIMJcSJz2rPDDF0bSM-VLJLpYZ1XhU,https://drive.google.com/file/d/1msNIMJcSJz2rPDDF0bSM-VLJLpYZ1XhU/view,MUNICIPIO,MOSTRAR_MUNICIPIO,Centro,Temixco,,Centro,Temixco,,0,Promotor,María del Rosario Martínez Cándido,,Lote por evento,/foto/FOTO-B29D2504AA,,10,SI,b29d2504aa0c9217f511ffcc9f3fbce2e888866a5542ef225f56e23df819b016,344956,1,Reuniones de Consejo,temixco-reuniones-de-consejo,,"Poligonos Coordinados de Lenin 2026. Centro Poniente/Temixco, María del Rosario Martínez Cándido/Reuniones de Consejo/Consejo Vergel, Santa Cruz Temixco..jpeg"
FOTO-DEFCF6B73C,"El vergel, Santa Cruz, Temixco 2. 05032026.jpeg",1RgZ1y3DVwPU58cdqbT0mGs5PTvXE5F6A,https://drive.google.com/file/d/1RgZ1y3DVwPU58cdqbT0mGs5PTvXE5F6A/view,MUNICIPIO,MOSTRAR_MUNICIPIO,Centro,Temixco,,Centro,Temixco,,0,Promotor,María del Rosario Martínez Cándido,,Lote por evento,/foto/FOTO-DEFCF6B73C,,10,SI,defcf6b73cb07edd7f5747113a328eadf3549e2d3e6dc80102303e53ae9f1152,185351,1,Reuniones de Consejo,temixco-reuniones-de-consejo,2026-03-05,"Poligonos Coordinados de Lenin 2026. Centro Poniente/Temixco, María del Rosario Martínez Cándido/Reuniones de Consejo/El vergel, Santa Cruz, Temixco 2. 05032026.jpeg"
FOTO-39F2CE14EE,"El vergel, Santa Cruz, Temixco. 05032026.jpeg",14L1mIdT9lMCwD4ccKGXwhiSrNVu9iPqx,https://drive.google.com/file/d/14L1mIdT9lMCwD4ccKGXwhiSrNVu9iPqx/view,MUNICIPIO,MOSTRAR_MUNICIPIO,Centro,Temixco,,Centro,Temixco,,0,Promotor,María del Rosario Martínez Cándido,,Lote por evento,/foto/FOTO-39F2CE14EE,,10,SI,39f2ce14ee6b502c90fc21eb2350fa5a14eb2e79cb7c205e32ee377c62584d9c,242478,1,Reuniones de Consejo,temixco-reuniones-de-consejo,2026-03-05,"Poligonos Coordinados de Lenin 2026. Centro Poniente/Temixco, María del Rosario Martínez Cándido/Reuniones de Consejo/El vergel, Santa Cruz, Temixco. 05032026.jpeg"
FOTO-2DFCA57D55,Las rosas Temixco 3.jpeg,1gvw79c1sfHVUmrEVFORQe67gibQTC7pJ,https://drive.google.com/file/d/1gvw79c1sfHVUmrEVFORQe67gibQTC7pJ/view,MUNICIPIO,MOSTRAR_MUNICIPIO,Centro,Temixco,,Centro,Temixco,,0,Promotor,María del Rosario Martínez Cándido,,Lote por evento,/foto/FOTO-2DFCA57D55,,10,SI,2dfca57d55c75b38d446a5887fec25506cd81771e9d9e47ba4f34831810d2c77,254073,1,Reuniones de Consejo,temixco-reuniones-de-consejo,,"Poligonos Coordinados de Lenin 2026. Centro Poniente/Temixco, María del Rosario Martínez Cándido/Reuniones de Consejo/Las rosas Temixco 3.jpeg"
FOTO-AF9BAA9460,Reunión de comunidad Las Rosas 1.jpeg,1r-XDk1oBx9ujyqhrFCgwgJAblBn_Umu5,https://drive.google.com/file/d/1r-XDk1oBx9ujyqhrFCgwgJAblBn_Umu5/view,MUNICIPIO,MOSTRAR_MUNICIPIO,Centro,Temixco,,Centro,Temixco,,0,Promotor,María del Rosario Martínez Cándido,,Lote por evento,/foto/FOTO-AF9BAA9460,,10,SI,af9baa9460bdfedcf8aa7041712da1a968faf04fe80ed3c742b9d24a649799bb,210860,1,Reuniones de Consejo,temixco-reuniones-de-consejo,,"Poligonos Coordinados de Lenin 2026. Centro Poniente/Temixco, María del Rosario Martínez Cándido/Reuniones de Consejo/Reunión de comunidad Las Rosas 1.jpeg"
FOTO-46A1F7C350,Reunión de comunidad Las Rosas 2.jpeg,1nl_Q8XKKdvz9AE9e0pFWr2ED4VRHgx_5,https://drive.google.com/file/d/1nl_Q8XKKdvz9AE9e0pFWr2ED4VRHgx_5/view,MUNICIPIO,MOSTRAR_MUNICIPIO,Centro,Temixco,,Centro,Temixco,,0,Promotor,María del Rosario Martínez Cándido,,Lote por evento,/foto/FOTO-46A1F7C350,,10,SI,46a1f7c350fb0a3fb37f896b99e772ffdde27a12ed2a63b0fa40b4d6fa4c5ec3,317469,1,Reuniones de Consejo,temixco-reuniones-de-consejo,,"Poligonos Coordinados de Lenin 2026. Centro Poniente/Temixco, María del Rosario Martínez Cándido/Reuniones de Consejo/Reunión de comunidad Las Rosas 2.jpeg"
FOTO-9343BA46F1,Reunión de Consejo  2026-01-07.jpeg,1NBfUGYfWqGzM2Zj7xLPhLGPqMAkJOXp_,https://drive.google.com/file/d/1NBfUGYfWqGzM2Zj7xLPhLGPqMAkJOXp_/view,MUNICIPIO,MOSTRAR_MUNICIPIO,Centro,Temixco,,Centro,Temixco,,0,Promotor,María del Rosario Martínez Cándido,,Lote por evento,/foto/FOTO-9343BA46F1,,10,SI,9343ba46f15b0bf3235e414a4b705e4176ac3f9678f51439bb0632ab97c4fc39,166056,1,Reuniones de Consejo,temixco-reuniones-de-consejo,2026-01-07,"Poligonos Coordinados de Lenin 2026. Centro Poniente/Temixco, María del Rosario Martínez Cándido/Reuniones de Consejo/Reunión de Consejo  2026-01-07.jpeg"
FOTO-8AE786307C,"Reunión de vecinos de las rosas, Temixco 2026-09-17 (1).jpeg",1EzecHllhUO7qzEwZYPiNR7__REIHmqlj,https://drive.google.com/file/d/1EzecHllhUO7qzEwZYPiNR7__REIHmqlj/view,MUNICIPIO,MOSTRAR_MUNICIPIO,Centro,Temixco,,Centro,Temixco,,0,Promotor,María del Rosario Martínez Cándido,,Lote por evento,/foto/FOTO-8AE786307C,,10,SI,8ae786307cfc30f356605e7eaba9c6d0716c18d7c6896bcd6301f07b912d2c98,1344262,1,Reuniones de Consejo,temixco-reuniones-de-consejo,2026-09-17,"Poligonos Coordinados de Lenin 2026. Centro Poniente/Temixco, María del Rosario Martínez Cándido/Reuniones de Consejo/Reunión de vecinos de las rosas, Temixco 2026-09-17 (1).jpeg"
FOTO-23908E66DE,"Reunión de vecinos de las rosas, Temixco 2026-09-17 (2).jpeg",151rI5MqUeuBnDNEUlAHAzBgCTbxgJgVq,https://drive.google.com/file/d/151rI5MqUeuBnDNEUlAHAzBgCTbxgJgVq/view,MUNICIPIO,MOSTRAR_MUNICIPIO,Centro,Temixco,,Centro,Temixco,,0,Promotor,María del Rosario Martínez Cándido,,Lote por evento,/foto/FOTO-23908E66DE,,10,SI,23908e66de606b0ccf0f1c7f422a383d70e3462f1d078e31d5eaa086cb1244e8,1090646,1,Reuniones de Consejo,temixco-reuniones-de-consejo,2026-09-17,"Poligonos Coordinados de Lenin 2026. Centro Poniente/Temixco, María del Rosario Martínez Cándido/Reuniones de Consejo/Reunión de vecinos de las rosas, Temixco 2026-09-17 (2).jpeg"
FOTO-6048C5944B,"Reunión de vecinos de las rosas, Temixco 2026-09-17 (3).jpeg",1QWBWxaFojR2ZuUhTbjmXH528-phqZeHF,https://drive.google.com/file/d/1QWBWxaFojR2ZuUhTbjmXH528-phqZeHF/view,MUNICIPIO,MOSTRAR_MUNICIPIO,Centro,Temixco,,Centro,Temixco,,0,Promotor,María del Rosario Martínez Cándido,,Lote por evento,/foto/FOTO-6048C5944B,,10,SI,6048c5944b5089376679d3496aac2e6d4dbf74b73d76c9027847d30fa5d9ba9f,1134628,1,Reuniones de Consejo,temixco-reuniones-de-consejo,2026-09-17,"Poligonos Coordinados de Lenin 2026. Centro Poniente/Temixco, María del Rosario Martínez Cándido/Reuniones de Consejo/Reunión de vecinos de las rosas, Temixco 2026-09-17 (3).jpeg"
FOTO-4DA13F90EB,"Reunión en Vergel Santa Cruz, Temixco para actualizar el Plan Comunitario 2, 26 de junio de 2026.jpeg",14AZZpKOB7mrbo7tdVyE7YwKIyCrkYTOn,https://drive.google.com/file/d/14AZZpKOB7mrbo7tdVyE7YwKIyCrkYTOn/view,MUNICIPIO,MOSTRAR_MUNICIPIO,Centro,Temixco,,Centro,Temixco,,0,Promotor,María del Rosario Martínez Cándido,,Lote por evento,/foto/FOTO-4DA13F90EB,,10,SI,4da13f90eb1bd11613a2bb1ed019c574aaca9e74e1dd63e832b7d72975497a92,268864,1,Reuniones de Consejo,temixco-reuniones-de-consejo,2026-06-26,"Poligonos Coordinados de Lenin 2026. Centro Poniente/Temixco, María del Rosario Martínez Cándido/Reuniones de Consejo/Reunión en Vergel Santa Cruz, Temixco para actualizar el Plan Comunitario 2, 26 de junio de 2026.jpeg"
FOTO-25F1CD6A73,"Reunión en Vergel Santa Cruz, Temixco para actualizar el Plan Comunitario 26 de junio de 2026.jpeg",1SK9NmSBXDzBne48U9EK_HkG0RnHEnziE,https://drive.google.com/file/d/1SK9NmSBXDzBne48U9EK_HkG0RnHEnziE/view,MUNICIPIO,MOSTRAR_MUNICIPIO,Centro,Temixco,,Centro,Temixco,,0,Promotor,María del Rosario Martínez Cándido,,Lote por evento,/foto/FOTO-25F1CD6A73,,10,SI,25f1cd6a73dbd28c981c1781bceead3d51623452983526515e3e032bd94561db,293971,1,Reuniones de Consejo,temixco-reuniones-de-consejo,2026-06-26,"Poligonos Coordinados de Lenin 2026. Centro Poniente/Temixco, María del Rosario Martínez Cándido/Reuniones de Consejo/Reunión en Vergel Santa Cruz, Temixco para actualizar el Plan Comunitario 26 de junio de 2026.jpeg"
FOTO-EFC3DE0FF4,"Reunión en Vergel Santa Cruz, Temixco para actualizar el Plan Comunitario 3, 26 de junio de 2026.jpeg",12v7WnwSA4kj9NDjCX98AN1_qWBuy4O8w,https://drive.google.com/file/d/12v7WnwSA4kj9NDjCX98AN1_qWBuy4O8w/view,MUNICIPIO,MOSTRAR_MUNICIPIO,Centro,Temixco,,Centro,Temixco,,0,Promotor,María del Rosario Martínez Cándido,,Lote por evento,/foto/FOTO-EFC3DE0FF4,,10,SI,efc3de0ff4b6cfd0c8fa962912609cffd6a35e2be3df032c76846d55eed25568,318342,1,Reuniones de Consejo,temixco-reuniones-de-consejo,2026-06-26,"Poligonos Coordinados de Lenin 2026. Centro Poniente/Temixco, María del Rosario Martínez Cándido/Reuniones de Consejo/Reunión en Vergel Santa Cruz, Temixco para actualizar el Plan Comunitario 3, 26 de junio de 2026.jpeg"
FOTO-A636966A1A,WhatsApp Image 2026-01-21 at 10.50.32 AM (3).jpeg,1vDolaQ-u-YlcSuxwsR7UaeKDa0JusYq3,https://drive.google.com/file/d/1vDolaQ-u-YlcSuxwsR7UaeKDa0JusYq3/view,MUNICIPIO,MOSTRAR_MUNICIPIO,Centro,Temixco,,Centro,Temixco,,0,Promotor,María del Rosario Martínez Cándido,,Lote por evento,/foto/FOTO-A636966A1A,,10,SI,a636966a1a109e5aea2c2c1b299a1c43f53bfc8f96967ea2a77ce337b19f26d8,135150,1,Reuniones de Consejo,temixco-reuniones-de-consejo,2026-01-21,"Poligonos Coordinados de Lenin 2026. Centro Poniente/Temixco, María del Rosario Martínez Cándido/Reuniones de Consejo/WhatsApp Image 2026-01-21 at 10.50.32 AM (3).jpeg"
FOTO-F58B5ED4D4,WhatsApp Image 2026-01-21 at 10.50.32 AM (4).jpeg,1bOeR0jkwKJcBdykVoOLNipa5JsdTereF,https://drive.google.com/file/d/1bOeR0jkwKJcBdykVoOLNipa5JsdTereF/view,MUNICIPIO,MOSTRAR_MUNICIPIO,Centro,Temixco,,Centro,Temixco,,0,Promotor,María del Rosario Martínez Cándido,,Lote por evento,/foto/FOTO-F58B5ED4D4,,10,SI,f58b5ed4d444dd6deaea6550cb3530f9493bc9610512e29c4210de057108d27e,99183,1,Reuniones de Consejo,temixco-reuniones-de-consejo,2026-01-21,"Poligonos Coordinados de Lenin 2026. Centro Poniente/Temixco, María del Rosario Martínez Cándido/Reuniones de Consejo/WhatsApp Image 2026-01-21 at 10.50.32 AM (4).jpeg"
FOTO-C7CD332EB1,"Taller de Barro, Campo Rayo Temixco 2026-09-17 (1).jpeg",1NsuT3yY7NK-Gy_wH5n5F89JVkfIhXIAJ,https://drive.google.com/file/d/1NsuT3yY7NK-Gy_wH5n5F89JVkfIhXIAJ/view,MUNICIPIO,MOSTRAR_MUNICIPIO,Centro,Temixco,,Centro,Temixco,,0,Promotor,María del Rosario Martínez Cándido,,Lote por evento,/foto/FOTO-C7CD332EB1,,10,SI,c7cd332eb1e82767abd7406e820a471dc9bd9be89b3d8f5290c9cf80c2269743,168663,1,Talleres de Cultura,temixco-talleres-de-cultura,2026-09-17,"Poligonos Coordinados de Lenin 2026. Centro Poniente/Temixco, María del Rosario Martínez Cándido/Talleres de Cultura/Taller de Barro, Campo Rayo Temixco 2026-09-17 (1).jpeg"
FOTO-B242B16E4E,"Taller de Barro, Campo Rayo Temixco 2026-09-17 (2).jpeg",1iff0FDibD7goc7I8l_YHSHime-PUbRoP,https://drive.google.com/file/d/1iff0FDibD7goc7I8l_YHSHime-PUbRoP/view,MUNICIPIO,MOSTRAR_MUNICIPIO,Centro,Temixco,,Centro,Temixco,,0,Promotor,María del Rosario Martínez Cándido,,Lote por evento,/foto/FOTO-B242B16E4E,,10,SI,b242b16e4e9d16d3dce35cdf33797512bc61085ef7f46b8b396503596a832741,134032,1,Talleres de Cultura,temixco-talleres-de-cultura,2026-09-17,"Poligonos Coordinados de Lenin 2026. Centro Poniente/Temixco, María del Rosario Martínez Cándido/Talleres de Cultura/Taller de Barro, Campo Rayo Temixco 2026-09-17 (2).jpeg"
FOTO-77A611E37B,"Taller de Barro, Campo Rayo Temixco 2026-09-17.jpeg",1qNwlw3i7D1SlQ2KsQGEjp1f8qXoiFxAG,https://drive.google.com/file/d/1qNwlw3i7D1SlQ2KsQGEjp1f8qXoiFxAG/view,MUNICIPIO,MOSTRAR_MUNICIPIO,Centro,Temixco,,Centro,Temixco,,0,Promotor,María del Rosario Martínez Cándido,,Lote por evento,/foto/FOTO-77A611E37B,,10,SI,77a611e37b596bdb2ebe2c8f23886663ba1ab62575b9b6fb52d3e5ee070b0246,176859,1,Talleres de Cultura,temixco-talleres-de-cultura,2026-09-17,"Poligonos Coordinados de Lenin 2026. Centro Poniente/Temixco, María del Rosario Martínez Cándido/Talleres de Cultura/Taller de Barro, Campo Rayo Temixco 2026-09-17.jpeg"
FOTO-A03335DB26,"Taller de barro, Campo Rayo, Temixco  2026-09-03.jpeg",1s2YnwSpo98fEs-R8oWNqu6HZ4PLWRnHe,https://drive.google.com/file/d/1s2YnwSpo98fEs-R8oWNqu6HZ4PLWRnHe/view,MUNICIPIO,MOSTRAR_MUNICIPIO,Centro,Temixco,,Centro,Temixco,,0,Promotor,María del Rosario Martínez Cándido,,Lote por evento,/foto/FOTO-A03335DB26,,10,SI,a03335db26ec5a8c46ada157dc1d910f1fdfd5b7a1b86c648ce284e5cd1e23d9,191272,1,Talleres de Cultura,temixco-talleres-de-cultura,2026-09-03,"Poligonos Coordinados de Lenin 2026. Centro Poniente/Temixco, María del Rosario Martínez Cándido/Talleres de Cultura/Taller de barro, Campo Rayo, Temixco  2026-09-03.jpeg"
FOTO-6DA8898C95,"Taller de barro, campo rayo, Temixco 1 2026-09-08.jpeg",15yjU4KmQf_wXqGk7gbDAIVNjNWPxYQXx,https://drive.google.com/file/d/15yjU4KmQf_wXqGk7gbDAIVNjNWPxYQXx/view,MUNICIPIO,MOSTRAR_MUNICIPIO,Centro,Temixco,,Centro,Temixco,,0,Promotor,María del Rosario Martínez Cándido,,Lote por evento,/foto/FOTO-6DA8898C95,,10,SI,6da8898c959b1adaa52c1dfa4cefabac16fe06f201cdc7a0dbe175063b9806f9,165439,1,Talleres de Cultura,temixco-talleres-de-cultura,2026-09-08,"Poligonos Coordinados de Lenin 2026. Centro Poniente/Temixco, María del Rosario Martínez Cándido/Talleres de Cultura/Taller de barro, campo rayo, Temixco 1 2026-09-08.jpeg"
FOTO-59E3D92E03,"Taller de barro, campo rayo, Temixco 1 2026-09-10.jpeg",1meLri8XSGcw7rOhetRPMxMuxgiL4iYCz,https://drive.google.com/file/d/1meLri8XSGcw7rOhetRPMxMuxgiL4iYCz/view,MUNICIPIO,MOSTRAR_MUNICIPIO,Centro,Temixco,,Centro,Temixco,,0,Promotor,María del Rosario Martínez Cándido,,Lote por evento,/foto/FOTO-59E3D92E03,,10,SI,59e3d92e0300c737aeef81c16f2f1350ace8c871ebfd6169423e5dea03e7590e,160747,1,Talleres de Cultura,temixco-talleres-de-cultura,2026-09-10,"Poligonos Coordinados de Lenin 2026. Centro Poniente/Temixco, María del Rosario Martínez Cándido/Talleres de Cultura/Taller de barro, campo rayo, Temixco 1 2026-09-10.jpeg"
FOTO-61DB764B56,"Taller de barro, campo rayo, Temixco 2 2026-09-08.jpeg",1onoDv-eFgH6DYWOKbfgJUdA25MPXApH2,https://drive.google.com/file/d/1onoDv-eFgH6DYWOKbfgJUdA25MPXApH2/view,MUNICIPIO,MOSTRAR_MUNICIPIO,Centro,Temixco,,Centro,Temixco,,0,Promotor,María del Rosario Martínez Cándido,,Lote por evento,/foto/FOTO-61DB764B56,,10,SI,61db764b563df7ab7347e3ba5dbc2bd3444f277b0c701c16231b58f9dae2d0c6,121791,1,Talleres de Cultura,temixco-talleres-de-cultura,2026-09-08,"Poligonos Coordinados de Lenin 2026. Centro Poniente/Temixco, María del Rosario Martínez Cándido/Talleres de Cultura/Taller de barro, campo rayo, Temixco 2 2026-09-08.jpeg"
FOTO-1E3A150097,"Taller de barro, campo rayo, Temixco 2 2026-09-10.jpeg",1VdfbM9t5KLj30n5Yn5MjJXN1NCgXfF5Y,https://drive.google.com/file/d/1VdfbM9t5KLj30n5Yn5MjJXN1NCgXfF5Y/view,MUNICIPIO,MOSTRAR_MUNICIPIO,Centro,Temixco,,Centro,Temixco,,0,Promotor,María del Rosario Martínez Cándido,,Lote por evento,/foto/FOTO-1E3A150097,,10,SI,1e3a150097e20c8391468a78d107d62ec924d3e599e52ad77e302d8f6a98949e,192158,1,Talleres de Cultura,temixco-talleres-de-cultura,2026-09-10,"Poligonos Coordinados de Lenin 2026. Centro Poniente/Temixco, María del Rosario Martínez Cándido/Talleres de Cultura/Taller de barro, campo rayo, Temixco 2 2026-09-10.jpeg"
FOTO-71BD37C8BE,"Taller de barro, campo rayo, Temixco 3 2026-09-08.jpeg",1ykzNFgCkO0SXGUjT_0041HF0cSpICEah,https://drive.google.com/file/d/1ykzNFgCkO0SXGUjT_0041HF0cSpICEah/view,MUNICIPIO,MOSTRAR_MUNICIPIO,Centro,Temixco,,Centro,Temixco,,0,Promotor,María del Rosario Martínez Cándido,,Lote por evento,/foto/FOTO-71BD37C8BE,,10,SI,71bd37c8beb0dca3cb65b2e8606f7560dac783ef09eec776f1d28bb1015a9bee,133191,1,Talleres de Cultura,temixco-talleres-de-cultura,2026-09-08,"Poligonos Coordinados de Lenin 2026. Centro Poniente/Temixco, María del Rosario Martínez Cándido/Talleres de Cultura/Taller de barro, campo rayo, Temixco 3 2026-09-08.jpeg"
FOTO-816438A5C8,"Taller de barro, campo rayo, Temixco 3 2026-09-10.jpeg",12Sn8ViNkTsngrAceEZ-8w0T73todukFL,https://drive.google.com/file/d/12Sn8ViNkTsngrAceEZ-8w0T73todukFL/view,MUNICIPIO,MOSTRAR_MUNICIPIO,Centro,Temixco,,Centro,Temixco,,0,Promotor,María del Rosario Martínez Cándido,,Lote por evento,/foto/FOTO-816438A5C8,,10,SI,816438a5c88f3aa984dd9238307d768b6c2ff43136ba00308e65a91d52425924,202813,1,Talleres de Cultura,temixco-talleres-de-cultura,2026-09-10,"Poligonos Coordinados de Lenin 2026. Centro Poniente/Temixco, María del Rosario Martínez Cándido/Talleres de Cultura/Taller de barro, campo rayo, Temixco 3 2026-09-10.jpeg"
FOTO-D9CD102866,"Taller de barro, campo rayo, Temixco 4 2026-09-08.jpeg",1MEgGJjtI9k_PusAU3OzWBzEsT4aG6aum,https://drive.google.com/file/d/1MEgGJjtI9k_PusAU3OzWBzEsT4aG6aum/view,MUNICIPIO,MOSTRAR_MUNICIPIO,Centro,Temixco,,Centro,Temixco,,0,Promotor,María del Rosario Martínez Cándido,,Lote por evento,/foto/FOTO-D9CD102866,,10,SI,d9cd102866a0f4fda961e54b1a628d8c235abf12e34320974f92a8acde15c8f4,127017,1,Talleres de Cultura,temixco-talleres-de-cultura,2026-09-08,"Poligonos Coordinados de Lenin 2026. Centro Poniente/Temixco, María del Rosario Martínez Cándido/Talleres de Cultura/Taller de barro, campo rayo, Temixco 4 2026-09-08.jpeg"
FOTO-1AAB96D033,"Taller de barro, campo rayo, Temixco 4 2026-09-10.jpeg",1Qux4xh9ahDQbzrwqYnYH2i89C1KSLkdp,https://drive.google.com/file/d/1Qux4xh9ahDQbzrwqYnYH2i89C1KSLkdp/view,MUNICIPIO,MOSTRAR_MUNICIPIO,Centro,Temixco,,Centro,Temixco,,0,Promotor,María del Rosario Martínez Cándido,,Lote por evento,/foto/FOTO-1AAB96D033,,10,SI,1aab96d033e7fb0812d84dc80b4acdf610fa2b2ff23b23003654a5313e947b5b,330127,1,Talleres de Cultura,temixco-talleres-de-cultura,2026-09-10,"Poligonos Coordinados de Lenin 2026. Centro Poniente/Temixco, María del Rosario Martínez Cándido/Talleres de Cultura/Taller de barro, campo rayo, Temixco 4 2026-09-10.jpeg"
FOTO-E4C48E5629,"Taller de barro, campo rayo, Temixco 5 2026-09-10.jpeg",1rgUzS5iv-QrGDKLqhqiVxATxMu13Md0E,https://drive.google.com/file/d/1rgUzS5iv-QrGDKLqhqiVxATxMu13Md0E/view,MUNICIPIO,MOSTRAR_MUNICIPIO,Centro,Temixco,,Centro,Temixco,,0,Promotor,María del Rosario Martínez Cándido,,Lote por evento,/foto/FOTO-E4C48E5629,,10,SI,e4c48e56290451ce0e7e8881a6cb4c9df74e565cd405ec1ecff8243c82d200ae,122420,1,Talleres de Cultura,temixco-talleres-de-cultura,2026-09-10,"Poligonos Coordinados de Lenin 2026. Centro Poniente/Temixco, María del Rosario Martínez Cándido/Talleres de Cultura/Taller de barro, campo rayo, Temixco 5 2026-09-10.jpeg"
FOTO-F269A05F71,Taller de pintura en Campo Sotelo 1  2026-09-12.jpeg,1jkZR0RsmCihKJUOAXoYFM1-JqCMUzo3c,https://drive.google.com/file/d/1jkZR0RsmCihKJUOAXoYFM1-JqCMUzo3c/view,MUNICIPIO,MOSTRAR_MUNICIPIO,Centro,Temixco,,Centro,Temixco,,0,Promotor,María del Rosario Martínez Cándido,,Lote por evento,/foto/FOTO-F269A05F71,,10,SI,f269a05f7159c368847e3247a22d4c2f112456dd2f27fbb18d8c6941c603c706,185298,1,Talleres de Cultura,temixco-talleres-de-cultura,2026-09-12,"Poligonos Coordinados de Lenin 2026. Centro Poniente/Temixco, María del Rosario Martínez Cándido/Talleres de Cultura/Taller de pintura en Campo Sotelo 1  2026-09-12.jpeg"
FOTO-AD9AC63CC2,Taller de pintura en Campo Sotelo 1 2026-09-11.jpeg,1pxTRerhgwR2T3amLsWgUdrPjrB-z3cig,https://drive.google.com/file/d/1pxTRerhgwR2T3amLsWgUdrPjrB-z3cig/view,MUNICIPIO,MOSTRAR_MUNICIPIO,Centro,Temixco,,Centro,Temixco,,0,Promotor,María del Rosario Martínez Cándido,,Lote por evento,/foto/FOTO-AD9AC63CC2,,10,SI,ad9ac63cc2e27addd20b32e8849409ffa856c9ff6c506cc01e4633c3ea677931,315661,1,Talleres de Cultura,temixco-talleres-de-cultura,2026-09-11,"Poligonos Coordinados de Lenin 2026. Centro Poniente/Temixco, María del Rosario Martínez Cándido/Talleres de Cultura/Taller de pintura en Campo Sotelo 1 2026-09-11.jpeg"
FOTO-8E4060B8DB,Taller de pintura en Campo Sotelo 2  2026-09-12.jpeg,1bv0lyLhmnKT1WEAFs0kyhrqz56ooaxi9,https://drive.google.com/file/d/1bv0lyLhmnKT1WEAFs0kyhrqz56ooaxi9/view,MUNICIPIO,MOSTRAR_MUNICIPIO,Centro,Temixco,,Centro,Temixco,,0,Promotor,María del Rosario Martínez Cándido,,Lote por evento,/foto/FOTO-8E4060B8DB,,10,SI,8e4060b8db9ebb3a176a56c8bc6b126c41bd6c4bda9ea0c14c08845357e8dcbe,108264,1,Talleres de Cultura,temixco-talleres-de-cultura,2026-09-12,"Poligonos Coordinados de Lenin 2026. Centro Poniente/Temixco, María del Rosario Martínez Cándido/Talleres de Cultura/Taller de pintura en Campo Sotelo 2  2026-09-12.jpeg"
FOTO-63EA643F1C,Taller de pintura en Campo Sotelo 2 2026-09-11.jpeg,1L_gXKKRpmxIrHq7OF55dEJe-57LIJj72,https://drive.google.com/file/d/1L_gXKKRpmxIrHq7OF55dEJe-57LIJj72/view,MUNICIPIO,MOSTRAR_MUNICIPIO,Centro,Temixco,,Centro,Temixco,,0,Promotor,María del Rosario Martínez Cándido,,Lote por evento,/foto/FOTO-63EA643F1C,,10,SI,63ea643f1c6f4ea2d949c05ea0133dc9607a16bc7505b3f51ae456091c5551b6,303774,1,Talleres de Cultura,temixco-talleres-de-cultura,2026-09-11,"Poligonos Coordinados de Lenin 2026. Centro Poniente/Temixco, María del Rosario Martínez Cándido/Talleres de Cultura/Taller de pintura en Campo Sotelo 2 2026-09-11.jpeg"
FOTO-D134900755,"Taller de Pintura en Campo Sotelo, Temixco  2026-08-28.jpeg",15Ng64KEvDC_P380yqzcJGI8WAwNxMfSl,https://drive.google.com/file/d/15Ng64KEvDC_P380yqzcJGI8WAwNxMfSl/view,MUNICIPIO,MOSTRAR_MUNICIPIO,Centro,Temixco,,Centro,Temixco,,0,Promotor,María del Rosario Martínez Cándido,,Lote por evento,/foto/FOTO-D134900755,,10,SI,d134900755edbcf84f44411de8d5dc291ba79ef20f7012adfa6371f03089072c,264428,1,Talleres de Cultura,temixco-talleres-de-cultura,2026-08-28,"Poligonos Coordinados de Lenin 2026. Centro Poniente/Temixco, María del Rosario Martínez Cándido/Talleres de Cultura/Taller de Pintura en Campo Sotelo, Temixco  2026-08-28.jpeg"
FOTO-C945F86347,"Taller de Tejido en el Vergel, Salta Cruz, Temixco 2026-09-03.jpeg",1ru2byfQXtF-IiK5ngJI6-HbLac9V3NgN,https://drive.google.com/file/d/1ru2byfQXtF-IiK5ngJI6-HbLac9V3NgN/view,MUNICIPIO,MOSTRAR_MUNICIPIO,Centro,Temixco,,Centro,Temixco,,0,Promotor,María del Rosario Martínez Cándido,,Lote por evento,/foto/FOTO-C945F86347,,10,SI,c945f86347a63b10d8627c2d56655d7bcc4ec921d50a261b7d80c621de21c4d8,242486,1,Talleres de Cultura,temixco-talleres-de-cultura,2026-09-03,"Poligonos Coordinados de Lenin 2026. Centro Poniente/Temixco, María del Rosario Martínez Cándido/Talleres de Cultura/Taller de Tejido en el Vergel, Salta Cruz, Temixco 2026-09-03.jpeg"
FOTO-FB0535594E,"Taller de Tejido en el Vergel, Santa Cruz, Temixco 2 2026-09-03.jpeg",1JPA-jUaQSy4KpjofBb7mybBwfJsGZxFd,https://drive.google.com/file/d/1JPA-jUaQSy4KpjofBb7mybBwfJsGZxFd/view,MUNICIPIO,MOSTRAR_MUNICIPIO,Centro,Temixco,,Centro,Temixco,,0,Promotor,María del Rosario Martínez Cándido,,Lote por evento,/foto/FOTO-FB0535594E,,10,SI,fb0535594e405ec01dec25496da9dbc8021336ce3424e54ce97075569b4a39d8,325001,1,Talleres de Cultura,temixco-talleres-de-cultura,2026-09-03,"Poligonos Coordinados de Lenin 2026. Centro Poniente/Temixco, María del Rosario Martínez Cándido/Talleres de Cultura/Taller de Tejido en el Vergel, Santa Cruz, Temixco 2 2026-09-03.jpeg"
FOTO-52413600AE,"Taller de Tejido en el Vergel, Santa Cruz, Temixco 3 2026-09-03.jpeg",1tyoOgt5F8QejS8xVz2DHw5ByGrj6bRCf,https://drive.google.com/file/d/1tyoOgt5F8QejS8xVz2DHw5ByGrj6bRCf/view,MUNICIPIO,MOSTRAR_MUNICIPIO,Centro,Temixco,,Centro,Temixco,,0,Promotor,María del Rosario Martínez Cándido,,Lote por evento,/foto/FOTO-52413600AE,,10,SI,52413600ae0f5021b598eba5458157b90afd1aa8620d4d71a56914df73eb7892,214942,1,Talleres de Cultura,temixco-talleres-de-cultura,2026-09-03,"Poligonos Coordinados de Lenin 2026. Centro Poniente/Temixco, María del Rosario Martínez Cándido/Talleres de Cultura/Taller de Tejido en el Vergel, Santa Cruz, Temixco 3 2026-09-03.jpeg"
FOTO-AD5A68788C,"Taller de tejido Vergel Santa Cruz, Temixco 1 2026-08-31.jpeg",1paJDXF8HDDLgpTwIL1hhKociZWLWIpX5,https://drive.google.com/file/d/1paJDXF8HDDLgpTwIL1hhKociZWLWIpX5/view,MUNICIPIO,MOSTRAR_MUNICIPIO,Centro,Temixco,,Centro,Temixco,,0,Promotor,María del Rosario Martínez Cándido,,Lote por evento,/foto/FOTO-AD5A68788C,,10,SI,ad5a68788c40d2432be94c00921853b20758fc6db0a4bf9e4d271d30a9a00629,174467,1,Talleres de Cultura,temixco-talleres-de-cultura,2026-08-31,"Poligonos Coordinados de Lenin 2026. Centro Poniente/Temixco, María del Rosario Martínez Cándido/Talleres de Cultura/Taller de tejido Vergel Santa Cruz, Temixco 1 2026-08-31.jpeg"
FOTO-EB7D3B1C0F,"Taller de tejido vergel Santa Cruz, Temixco 1 2026-09-10.jpeg",1xaoXjY4Xy9rl_cWPG5PP-vppuIt9e97V,https://drive.google.com/file/d/1xaoXjY4Xy9rl_cWPG5PP-vppuIt9e97V/view,MUNICIPIO,MOSTRAR_MUNICIPIO,Centro,Temixco,,Centro,Temixco,,0,Promotor,María del Rosario Martínez Cándido,,Lote por evento,/foto/FOTO-EB7D3B1C0F,,10,SI,eb7d3b1c0f08468388aa1a53251e7da33fb746b6727680d1d77fefcba722cf7c,239928,1,Talleres de Cultura,temixco-talleres-de-cultura,2026-09-10,"Poligonos Coordinados de Lenin 2026. Centro Poniente/Temixco, María del Rosario Martínez Cándido/Talleres de Cultura/Taller de tejido vergel Santa Cruz, Temixco 1 2026-09-10.jpeg"
FOTO-748E478F45,"Taller de tejido Vergel Santa Cruz, Temixco 2 2026-08-31.jpeg",1gji5HbQdM3jtfQGvkauKkt5oczwJcwVS,https://drive.google.com/file/d/1gji5HbQdM3jtfQGvkauKkt5oczwJcwVS/view,MUNICIPIO,MOSTRAR_MUNICIPIO,Centro,Temixco,,Centro,Temixco,,0,Promotor,María del Rosario Martínez Cándido,,Lote por evento,/foto/FOTO-748E478F45,,10,SI,748e478f4501a2d2a2d4cc2f3addaaf59fc400d300632a6f37ed9253c80a4278,170940,1,Talleres de Cultura,temixco-talleres-de-cultura,2026-08-31,"Poligonos Coordinados de Lenin 2026. Centro Poniente/Temixco, María del Rosario Martínez Cándido/Talleres de Cultura/Taller de tejido Vergel Santa Cruz, Temixco 2 2026-08-31.jpeg"
FOTO-29B2C167F2,"Taller de tejido vergel Santa Cruz, Temixco 2 2026-09-10.jpeg",1BJL6OY0hpB9u_DDoIT5VkeUaDhneKRVE,https://drive.google.com/file/d/1BJL6OY0hpB9u_DDoIT5VkeUaDhneKRVE/view,MUNICIPIO,MOSTRAR_MUNICIPIO,Centro,Temixco,,Centro,Temixco,,0,Promotor,María del Rosario Martínez Cándido,,Lote por evento,/foto/FOTO-29B2C167F2,,10,SI,29b2c167f28acdd45de7b05b643b3a24800771a325090c8df6377a1b7a4ba7b0,237786,1,Talleres de Cultura,temixco-talleres-de-cultura,2026-09-10,"Poligonos Coordinados de Lenin 2026. Centro Poniente/Temixco, María del Rosario Martínez Cándido/Talleres de Cultura/Taller de tejido vergel Santa Cruz, Temixco 2 2026-09-10.jpeg"
FOTO-B5D8609E59,"Taller de tejido vergel Santa Cruz, Temixco 2026-09-17  (1).jpeg",1SxT8AtoNYE3u0pDw7o4FY7sRfYz74_as,https://drive.google.com/file/d/1SxT8AtoNYE3u0pDw7o4FY7sRfYz74_as/view,MUNICIPIO,MOSTRAR_MUNICIPIO,Centro,Temixco,,Centro,Temixco,,0,Promotor,María del Rosario Martínez Cándido,,Lote por evento,/foto/FOTO-B5D8609E59,,10,SI,b5d8609e59788ad30c67ee73557086beef2f91e53fa68a57ac967e15c8c6f8e2,369859,1,Talleres de Cultura,temixco-talleres-de-cultura,2026-09-17,"Poligonos Coordinados de Lenin 2026. Centro Poniente/Temixco, María del Rosario Martínez Cándido/Talleres de Cultura/Taller de tejido vergel Santa Cruz, Temixco 2026-09-17  (1).jpeg"
FOTO-54451284D6,"Taller de tejido vergel Santa Cruz, Temixco 2026-09-17  (2).jpeg",1iRdt7czOQ6rcXRPv0DNSNezsRqmO36xQ,https://drive.google.com/file/d/1iRdt7czOQ6rcXRPv0DNSNezsRqmO36xQ/view,MUNICIPIO,MOSTRAR_MUNICIPIO,Centro,Temixco,,Centro,Temixco,,0,Promotor,María del Rosario Martínez Cándido,,Lote por evento,/foto/FOTO-54451284D6,,10,SI,54451284d6cb979ad3c7a58872acd5831291259b7c70a04956636af09c86745b,211857,1,Talleres de Cultura,temixco-talleres-de-cultura,2026-09-17,"Poligonos Coordinados de Lenin 2026. Centro Poniente/Temixco, María del Rosario Martínez Cándido/Talleres de Cultura/Taller de tejido vergel Santa Cruz, Temixco 2026-09-17  (2).jpeg"
FOTO-322A1EE5EE,"Taller de tejido vergel Santa Cruz, Temixco 2026-09-17  (3).jpeg",1zCnwEPO4sh9QahCu3MkQpc7KUnQl2ZH6,https://drive.google.com/file/d/1zCnwEPO4sh9QahCu3MkQpc7KUnQl2ZH6/view,MUNICIPIO,MOSTRAR_MUNICIPIO,Centro,Temixco,,Centro,Temixco,,0,Promotor,María del Rosario Martínez Cándido,,Lote por evento,/foto/FOTO-322A1EE5EE,,10,SI,322a1ee5eed9f72d33eb345a02ad9281f9d7b4e6523d0be07cb32add782a1fb6,250180,1,Talleres de Cultura,temixco-talleres-de-cultura,2026-09-17,"Poligonos Coordinados de Lenin 2026. Centro Poniente/Temixco, María del Rosario Martínez Cándido/Talleres de Cultura/Taller de tejido vergel Santa Cruz, Temixco 2026-09-17  (3).jpeg"
FOTO-353668627B,"Taller de tejido, Vergel Santa Cruz, 26062026.jpeg",14loyY-eMCuWBuLuzWXr1a2SUtg4HH4xJ,https://drive.google.com/file/d/14loyY-eMCuWBuLuzWXr1a2SUtg4HH4xJ/view,MUNICIPIO,MOSTRAR_MUNICIPIO,Centro,Temixco,,Centro,Temixco,,0,Promotor,María del Rosario Martínez Cándido,,Lote por evento,/foto/FOTO-353668627B,,10,SI,353668627bd4e57534b85fbd2129a1ecf4040f8b7e48a314c6088e5da505aa55,222499,1,Talleres de Cultura,temixco-talleres-de-cultura,2026-06-26,"Poligonos Coordinados de Lenin 2026. Centro Poniente/Temixco, María del Rosario Martínez Cándido/Talleres de Cultura/Taller de tejido, Vergel Santa Cruz, 26062026.jpeg"
FOTO-7725A4CFD9,Asamblea en el Tepehuaje 1 2026-09-21.jpeg,1XSw4VsgoRFFaLX5zQXlKq4CR_XjGt_K_,https://drive.google.com/file/d/1XSw4VsgoRFFaLX5zQXlKq4CR_XjGt_K_/view,MUNICIPIO,MOSTRAR_MUNICIPIO,Centro,Xochitepec,,Centro,Xochitepec,,0,Promotor,Rosa Leticia Arredondo Barrera,,Lote por evento,/foto/FOTO-7725A4CFD9,,10,SI,7725a4cfd9a17c439c19265c6bfb5ee299368a7101432d4751f3473150876626,131991,1,Consejo Comunitario,xochitepec-consejo-comunitario,2026-09-21,"Poligonos Coordinados de Lenin 2026. Centro Poniente/Xochitepec, Rosa Leticia Arredondo Barrera/Consejo Comunitario/Asamblea en el Tepehuaje 1 2026-09-21.jpeg"
FOTO-D71F21B017,Asamblea en el Tepehuaje 2 2026-09-21.jpeg,1Cif0vIKAW5twKDuxSVG0V54ScXpsI_NW,https://drive.google.com/file/d/1Cif0vIKAW5twKDuxSVG0V54ScXpsI_NW/view,MUNICIPIO,MOSTRAR_MUNICIPIO,Centro,Xochitepec,,Centro,Xochitepec,,0,Promotor,Rosa Leticia Arredondo Barrera,,Lote por evento,/foto/FOTO-D71F21B017,,10,SI,d71f21b017678be6ea9e771f9f9a9ebf3ca62a66338ffc85a2d4cde3036a3cb0,142744,1,Consejo Comunitario,xochitepec-consejo-comunitario,2026-09-21,"Poligonos Coordinados de Lenin 2026. Centro Poniente/Xochitepec, Rosa Leticia Arredondo Barrera/Consejo Comunitario/Asamblea en el Tepehuaje 2 2026-09-21.jpeg"
FOTO-43E9D1EE4E,Asamblea en el Tepehuaje 3 2026-09-21.jpeg,1Y9jBgfzspPExoWlaNuiTrNK1AAlafemG,https://drive.google.com/file/d/1Y9jBgfzspPExoWlaNuiTrNK1AAlafemG/view,MUNICIPIO,MOSTRAR_MUNICIPIO,Centro,Xochitepec,,Centro,Xochitepec,,0,Promotor,Rosa Leticia Arredondo Barrera,,Lote por evento,/foto/FOTO-43E9D1EE4E,,10,SI,43e9d1ee4ee6dac5f6e9f3f516d4a877a0982a4b32541e0c0c406724f4bfe4c5,149134,1,Consejo Comunitario,xochitepec-consejo-comunitario,2026-09-21,"Poligonos Coordinados de Lenin 2026. Centro Poniente/Xochitepec, Rosa Leticia Arredondo Barrera/Consejo Comunitario/Asamblea en el Tepehuaje 3 2026-09-21.jpeg"
FOTO-BD6E92CAB4,Asamblea en el Tepehuaje 4 2026-09-21.jpeg,1sZ-C3sBBoVS0kgV7OyYoQ89nbyYpmCv_,https://drive.google.com/file/d/1sZ-C3sBBoVS0kgV7OyYoQ89nbyYpmCv_/view,MUNICIPIO,MOSTRAR_MUNICIPIO,Centro,Xochitepec,,Centro,Xochitepec,,0,Promotor,Rosa Leticia Arredondo Barrera,,Lote por evento,/foto/FOTO-BD6E92CAB4,,10,SI,bd6e92cab40d150e8ab9ebcb1c99e240f5e719e697ead2e6a3c1a65454b8ba9b,152639,1,Consejo Comunitario,xochitepec-consejo-comunitario,2026-09-21,"Poligonos Coordinados de Lenin 2026. Centro Poniente/Xochitepec, Rosa Leticia Arredondo Barrera/Consejo Comunitario/Asamblea en el Tepehuaje 4 2026-09-21.jpeg"
FOTO-1BCE8D84C1,Asamblea en el Tepehuaje 5 2026-09-21.jpeg,1cYAzty7BH8oLsY5j7jq0VXWTyQLrbHX9,https://drive.google.com/file/d/1cYAzty7BH8oLsY5j7jq0VXWTyQLrbHX9/view,MUNICIPIO,MOSTRAR_MUNICIPIO,Centro,Xochitepec,,Centro,Xochitepec,,0,Promotor,Rosa Leticia Arredondo Barrera,,Lote por evento,/foto/FOTO-1BCE8D84C1,,10,SI,1bce8d84c13d5ce36bd9de2a98fd4f5c92d6ff942b8a631dd051b7b2aa3ae1dd,151824,1,Consejo Comunitario,xochitepec-consejo-comunitario,2026-09-21,"Poligonos Coordinados de Lenin 2026. Centro Poniente/Xochitepec, Rosa Leticia Arredondo Barrera/Consejo Comunitario/Asamblea en el Tepehuaje 5 2026-09-21.jpeg"
FOTO-2A01B451DE,Asamblea en el Tepehuaje 6 2026-09-21.jpeg,15jsvMKIomnBxFUAjj4cu0_wrL42x-u5N,https://drive.google.com/file/d/15jsvMKIomnBxFUAjj4cu0_wrL42x-u5N/view,MUNICIPIO,MOSTRAR_MUNICIPIO,Centro,Xochitepec,,Centro,Xochitepec,,0,Promotor,Rosa Leticia Arredondo Barrera,,Lote por evento,/foto/FOTO-2A01B451DE,,10,SI,2a01b451deafc16ffd9fd6c3b9a8d8ba44ac4edf03e2ef338a6696ca81f33131,174496,1,Consejo Comunitario,xochitepec-consejo-comunitario,2026-09-21,"Poligonos Coordinados de Lenin 2026. Centro Poniente/Xochitepec, Rosa Leticia Arredondo Barrera/Consejo Comunitario/Asamblea en el Tepehuaje 6 2026-09-21.jpeg"
FOTO-79998D45FE,Asamblea en el Tepehuaje 7 2026-09-21.jpeg,1SPW7X6VoFU8HUiV_NgtHhgGPMV_X91jo,https://drive.google.com/file/d/1SPW7X6VoFU8HUiV_NgtHhgGPMV_X91jo/view,MUNICIPIO,MOSTRAR_MUNICIPIO,Centro,Xochitepec,,Centro,Xochitepec,,0,Promotor,Rosa Leticia Arredondo Barrera,,Lote por evento,/foto/FOTO-79998D45FE,,10,SI,79998d45fe009cc9c2498e259df66e8f8b0854a8afe09e26ccc56b3feabbdbfc,173992,1,Consejo Comunitario,xochitepec-consejo-comunitario,2026-09-21,"Poligonos Coordinados de Lenin 2026. Centro Poniente/Xochitepec, Rosa Leticia Arredondo Barrera/Consejo Comunitario/Asamblea en el Tepehuaje 7 2026-09-21.jpeg"
FOTO-FAB1872DAB,Asamblea en el Tepehuaje 82026-09-21.jpeg,1opipgup5WGiNUuFQUVWDF1BdquaFjEiM,https://drive.google.com/file/d/1opipgup5WGiNUuFQUVWDF1BdquaFjEiM/view,MUNICIPIO,MOSTRAR_MUNICIPIO,Centro,Xochitepec,,Centro,Xochitepec,,0,Promotor,Rosa Leticia Arredondo Barrera,,Lote por evento,/foto/FOTO-FAB1872DAB,,10,SI,fab1872dab2fb6e54d06d03d938dbdf52cf2bb7871efa1451747014581528e01,140709,1,Consejo Comunitario,xochitepec-consejo-comunitario,2026-09-21,"Poligonos Coordinados de Lenin 2026. Centro Poniente/Xochitepec, Rosa Leticia Arredondo Barrera/Consejo Comunitario/Asamblea en el Tepehuaje 82026-09-21.jpeg"
FOTO-BE7ECF8A54,Reunión de región con el coordinador (1) 2026-09-21.jpeg,1Xf0wy6oUD5XkX_2H3cA4oIEJl-RufHLz,https://drive.google.com/file/d/1Xf0wy6oUD5XkX_2H3cA4oIEJl-RufHLz/view,MUNICIPIO,MOSTRAR_MUNICIPIO,Centro,Xochitepec,,Centro,Xochitepec,,0,Promotor,Rosa Leticia Arredondo Barrera,,Lote por evento,/foto/FOTO-BE7ECF8A54,,10,SI,be7ecf8a547e5adfb93fa0729dcd8cb07549dc27a378e75c88ae171a7d62d09f,104094,1,Consejo Comunitario,xochitepec-consejo-comunitario,2026-09-21,"Poligonos Coordinados de Lenin 2026. Centro Poniente/Xochitepec, Rosa Leticia Arredondo Barrera/Consejo Comunitario/Reunión de región con el coordinador (1) 2026-09-21.jpeg"
FOTO-DA4D7E8959,Reunión de Tepehuaje 2026-09-21.jpeg,1LAmivpoN9t2DXjlbvVK0KiTZylMrMelp,https://drive.google.com/file/d/1LAmivpoN9t2DXjlbvVK0KiTZylMrMelp/view,MUNICIPIO,MOSTRAR_MUNICIPIO,Centro,Xochitepec,,Centro,Xochitepec,,0,Promotor,Rosa Leticia Arredondo Barrera,,Lote por evento,/foto/FOTO-DA4D7E8959,,10,SI,da4d7e8959e1f1ddb410a789be9ba5ef71e6431ab9ee643397939b2405c2acf2,245350,1,Consejo Comunitario,xochitepec-consejo-comunitario,2026-09-21,"Poligonos Coordinados de Lenin 2026. Centro Poniente/Xochitepec, Rosa Leticia Arredondo Barrera/Consejo Comunitario/Reunión de Tepehuaje 2026-09-21.jpeg"
FOTO-83CAE0CF6C,Reunión en Ampliación Miguel Hidalgo 2026-09-21.jpeg,10U4RVoCKQh6G-ioH1C-PGnF-S6d1gAdV,https://drive.google.com/file/d/10U4RVoCKQh6G-ioH1C-PGnF-S6d1gAdV/view,MUNICIPIO,MOSTRAR_MUNICIPIO,Centro,Xochitepec,,Centro,Xochitepec,,0,Promotor,Rosa Leticia Arredondo Barrera,,Lote por evento,/foto/FOTO-83CAE0CF6C,,10,SI,83cae0cf6c601f90f3d807ff29f5f4c830fabf73b31dd46b8142565a3afce683,226301,1,Consejo Comunitario,xochitepec-consejo-comunitario,2026-09-21,"Poligonos Coordinados de Lenin 2026. Centro Poniente/Xochitepec, Rosa Leticia Arredondo Barrera/Consejo Comunitario/Reunión en Ampliación Miguel Hidalgo 2026-09-21.jpeg"
FOTO-D27C602D78,Reunión en Tlazala  2026-09-21.jpeg,15p6_3ECdY19oSXENiW-PHV7XSrVkZA65,https://drive.google.com/file/d/15p6_3ECdY19oSXENiW-PHV7XSrVkZA65/view,MUNICIPIO,MOSTRAR_MUNICIPIO,Centro,Xochitepec,,Centro,Xochitepec,,0,Promotor,Rosa Leticia Arredondo Barrera,,Lote por evento,/foto/FOTO-D27C602D78,,10,SI,d27c602d788af2c02e294f3800071022b8a8f0a04f0b4cd4ebff2dc5f9662fc1,130699,1,Consejo Comunitario,xochitepec-consejo-comunitario,2026-09-21,"Poligonos Coordinados de Lenin 2026. Centro Poniente/Xochitepec, Rosa Leticia Arredondo Barrera/Consejo Comunitario/Reunión en Tlazala  2026-09-21.jpeg"
FOTO-5C69F5C507,Ameniza Luis Codice 2026-09-21.jpeg,1hR_gfU7_1Q9bc09BkDXEBdoS1QmUjj2G,https://drive.google.com/file/d/1hR_gfU7_1Q9bc09BkDXEBdoS1QmUjj2G/view,MUNICIPIO,MOSTRAR_MUNICIPIO,Centro,Xochitepec,,Centro,Xochitepec,,0,Promotor,Rosa Leticia Arredondo Barrera,,Lote por evento,/foto/FOTO-5C69F5C507,,10,SI,5c69f5c50764c72aba569441277e028ebcde58f4a098f5d3815dfe92d2bff461,146951,1,Entrega de Frutas y verduras,xochitepec-entrega-de-frutas-y-verduras,2026-09-21,"Poligonos Coordinados de Lenin 2026. Centro Poniente/Xochitepec, Rosa Leticia Arredondo Barrera/Entrega de Frutas y verduras/Ameniza Luis Codice 2026-09-21.jpeg"
FOTO-3B3BCF89F0,Entrega de Pepinos en Tezala y las Flores (1) 2026-09-21.jpeg,1vQUO3-AWpq61FPVfZ-qK-qvB-JbRGLel,https://drive.google.com/file/d/1vQUO3-AWpq61FPVfZ-qK-qvB-JbRGLel/view,MUNICIPIO,MOSTRAR_MUNICIPIO,Centro,Xochitepec,,Centro,Xochitepec,,0,Promotor,Rosa Leticia Arredondo Barrera,,Lote por evento,/foto/FOTO-3B3BCF89F0,,10,SI,3b3bcf89f0920efc8a0edf90fabd797815a6c639728f7305d2cd5d7bf695bcff,140867,1,Entrega de Frutas y verduras,xochitepec-entrega-de-frutas-y-verduras,2026-09-21,"Poligonos Coordinados de Lenin 2026. Centro Poniente/Xochitepec, Rosa Leticia Arredondo Barrera/Entrega de Frutas y verduras/Entrega de Pepinos en Tezala y las Flores (1) 2026-09-21.jpeg"
FOTO-BCA2CF17C6,Entrega de Pepinos en Tezala y las Flores (10) 2026-09-21.jpeg,1-YBM0UnnG6tkraD4Ld3D4x5CbATqt0T9,https://drive.google.com/file/d/1-YBM0UnnG6tkraD4Ld3D4x5CbATqt0T9/view,MUNICIPIO,MOSTRAR_MUNICIPIO,Centro,Xochitepec,,Centro,Xochitepec,,0,Promotor,Rosa Leticia Arredondo Barrera,,Lote por evento,/foto/FOTO-BCA2CF17C6,,10,SI,bca2cf17c69618de70a99fa7747ee6cd300e97ef9f5c98ae2f3eca0f69776997,83480,1,Entrega de Frutas y verduras,xochitepec-entrega-de-frutas-y-verduras,2026-09-21,"Poligonos Coordinados de Lenin 2026. Centro Poniente/Xochitepec, Rosa Leticia Arredondo Barrera/Entrega de Frutas y verduras/Entrega de Pepinos en Tezala y las Flores (10) 2026-09-21.jpeg"
FOTO-192308826C,Entrega de Pepinos en Tezala y las Flores (11) 2026-09-21.jpeg,1zqT1Hjv0XvtE9C1Np0bDEMcgTmjYvgsv,https://drive.google.com/file/d/1zqT1Hjv0XvtE9C1Np0bDEMcgTmjYvgsv/view,MUNICIPIO,MOSTRAR_MUNICIPIO,Centro,Xochitepec,,Centro,Xochitepec,,0,Promotor,Rosa Leticia Arredondo Barrera,,Lote por evento,/foto/FOTO-192308826C,,10,SI,192308826cccdd25f2afc3498339247cb2999c7d3818063b3340149e2613eb8b,85124,1,Entrega de Frutas y verduras,xochitepec-entrega-de-frutas-y-verduras,2026-09-21,"Poligonos Coordinados de Lenin 2026. Centro Poniente/Xochitepec, Rosa Leticia Arredondo Barrera/Entrega de Frutas y verduras/Entrega de Pepinos en Tezala y las Flores (11) 2026-09-21.jpeg"
FOTO-A03ED4C347,Entrega de Pepinos en Tezala y las Flores (12) 2026-09-21.jpeg,1sq9OTaKxXMHHx3C5VJvdOtql0ottUomY,https://drive.google.com/file/d/1sq9OTaKxXMHHx3C5VJvdOtql0ottUomY/view,MUNICIPIO,MOSTRAR_MUNICIPIO,Centro,Xochitepec,,Centro,Xochitepec,,0,Promotor,Rosa Leticia Arredondo Barrera,,Lote por evento,/foto/FOTO-A03ED4C347,,10,SI,a03ed4c3479b760a0fb15406afeb037774c0982a66837e1a4246d09b9899281d,165372,1,Entrega de Frutas y verduras,xochitepec-entrega-de-frutas-y-verduras,2026-09-21,"Poligonos Coordinados de Lenin 2026. Centro Poniente/Xochitepec, Rosa Leticia Arredondo Barrera/Entrega de Frutas y verduras/Entrega de Pepinos en Tezala y las Flores (12) 2026-09-21.jpeg"
FOTO-5E83A9E6EF,Entrega de Pepinos en Tezala y las Flores (2) 2026-09-21.jpeg,1_9fC5QxySpwYrI2kUS_YLYwLaqFBvx9F,https://drive.google.com/file/d/1_9fC5QxySpwYrI2kUS_YLYwLaqFBvx9F/view,MUNICIPIO,MOSTRAR_MUNICIPIO,Centro,Xochitepec,,Centro,Xochitepec,,0,Promotor,Rosa Leticia Arredondo Barrera,,Lote por evento,/foto/FOTO-5E83A9E6EF,,10,SI,5e83a9e6ef6fd6ef7d1eaacd2ccb6d4b58a45950d8d7dc5bba838edc742b97e2,135407,1,Entrega de Frutas y verduras,xochitepec-entrega-de-frutas-y-verduras,2026-09-21,"Poligonos Coordinados de Lenin 2026. Centro Poniente/Xochitepec, Rosa Leticia Arredondo Barrera/Entrega de Frutas y verduras/Entrega de Pepinos en Tezala y las Flores (2) 2026-09-21.jpeg"
FOTO-2B70C9FC76,Entrega de Pepinos en Tezala y las Flores (3) 2026-09-21.jpeg,1hPPSS0nRd6asVBWRMf6YfUSvjVEorMyn,https://drive.google.com/file/d/1hPPSS0nRd6asVBWRMf6YfUSvjVEorMyn/view,MUNICIPIO,MOSTRAR_MUNICIPIO,Centro,Xochitepec,,Centro,Xochitepec,,0,Promotor,Rosa Leticia Arredondo Barrera,,Lote por evento,/foto/FOTO-2B70C9FC76,,10,SI,2b70c9fc76072fc6f56d6eb49c9ea8fa7c926aaf0745add281b3643e3b9b4632,162752,1,Entrega de Frutas y verduras,xochitepec-entrega-de-frutas-y-verduras,2026-09-21,"Poligonos Coordinados de Lenin 2026. Centro Poniente/Xochitepec, Rosa Leticia Arredondo Barrera/Entrega de Frutas y verduras/Entrega de Pepinos en Tezala y las Flores (3) 2026-09-21.jpeg"
FOTO-C86402284C,Entrega de Pepinos en Tezala y las Flores (4) 2026-09-21.jpeg,1yvREY-lInGhcU8v8lotFsqH1QIQEMyIQ,https://drive.google.com/file/d/1yvREY-lInGhcU8v8lotFsqH1QIQEMyIQ/view,MUNICIPIO,MOSTRAR_MUNICIPIO,Centro,Xochitepec,,Centro,Xochitepec,,0,Promotor,Rosa Leticia Arredondo Barrera,,Lote por evento,/foto/FOTO-C86402284C,,10,SI,c86402284cc5ffef76b2ac06c63ed4fa0c722f5bceedb5a61bff4652bf5fcbb4,166820,1,Entrega de Frutas y verduras,xochitepec-entrega-de-frutas-y-verduras,2026-09-21,"Poligonos Coordinados de Lenin 2026. Centro Poniente/Xochitepec, Rosa Leticia Arredondo Barrera/Entrega de Frutas y verduras/Entrega de Pepinos en Tezala y las Flores (4) 2026-09-21.jpeg"
FOTO-33ECFF8C62,Entrega de Pepinos en Tezala y las Flores (5) 2026-09-21.jpeg,1IsZjSLh8Ks3LQIj8sIP7_1UrlFoi9jjr,https://drive.google.com/file/d/1IsZjSLh8Ks3LQIj8sIP7_1UrlFoi9jjr/view,MUNICIPIO,MOSTRAR_MUNICIPIO,Centro,Xochitepec,,Centro,Xochitepec,,0,Promotor,Rosa Leticia Arredondo Barrera,,Lote por evento,/foto/FOTO-33ECFF8C62,,10,SI,33ecff8c62495e2a1e1022b2ff1f01bfe07dbb95df3948501f4d6ee89899980b,83402,1,Entrega de Frutas y verduras,xochitepec-entrega-de-frutas-y-verduras,2026-09-21,"Poligonos Coordinados de Lenin 2026. Centro Poniente/Xochitepec, Rosa Leticia Arredondo Barrera/Entrega de Frutas y verduras/Entrega de Pepinos en Tezala y las Flores (5) 2026-09-21.jpeg"
FOTO-993C336ED0,Entrega de Pepinos en Tezala y las Flores (6) 2026-09-21.jpeg,16q7rXlmgKOmpHamb1XZYXV7z97OVPrns,https://drive.google.com/file/d/16q7rXlmgKOmpHamb1XZYXV7z97OVPrns/view,MUNICIPIO,MOSTRAR_MUNICIPIO,Centro,Xochitepec,,Centro,Xochitepec,,0,Promotor,Rosa Leticia Arredondo Barrera,,Lote por evento,/foto/FOTO-993C336ED0,,10,SI,993c336ed0884faa2d0c950a12c0fc48332ab4f0e4f88851e4042bd93c4927aa,87551,1,Entrega de Frutas y verduras,xochitepec-entrega-de-frutas-y-verduras,2026-09-21,"Poligonos Coordinados de Lenin 2026. Centro Poniente/Xochitepec, Rosa Leticia Arredondo Barrera/Entrega de Frutas y verduras/Entrega de Pepinos en Tezala y las Flores (6) 2026-09-21.jpeg"
FOTO-CCD5994D4D,Entrega de Pepinos en Tezala y las Flores (7) 2026-09-21.jpeg,1csjSLrynFTHXxIDDag0Cb-Mn-GMUiUEP,https://drive.google.com/file/d/1csjSLrynFTHXxIDDag0Cb-Mn-GMUiUEP/view,MUNICIPIO,MOSTRAR_MUNICIPIO,Centro,Xochitepec,,Centro,Xochitepec,,0,Promotor,Rosa Leticia Arredondo Barrera,,Lote por evento,/foto/FOTO-CCD5994D4D,,10,SI,ccd5994d4dda3a0e7e5eeaaf91f4f50a386e6b1442e4a124092b7f027271bbf5,91508,1,Entrega de Frutas y verduras,xochitepec-entrega-de-frutas-y-verduras,2026-09-21,"Poligonos Coordinados de Lenin 2026. Centro Poniente/Xochitepec, Rosa Leticia Arredondo Barrera/Entrega de Frutas y verduras/Entrega de Pepinos en Tezala y las Flores (7) 2026-09-21.jpeg"
FOTO-E973C993CA,Entrega de Pepinos en Tezala y las Flores (8) 2026-09-21.jpeg,1xteS8gSx5BMlcZujESgFPJTw1HBqYTRP,https://drive.google.com/file/d/1xteS8gSx5BMlcZujESgFPJTw1HBqYTRP/view,MUNICIPIO,MOSTRAR_MUNICIPIO,Centro,Xochitepec,,Centro,Xochitepec,,0,Promotor,Rosa Leticia Arredondo Barrera,,Lote por evento,/foto/FOTO-E973C993CA,,10,SI,e973c993ca58c4cd2465287926cd95a014db3022eb52e6ad5f48a25e2272988e,106382,1,Entrega de Frutas y verduras,xochitepec-entrega-de-frutas-y-verduras,2026-09-21,"Poligonos Coordinados de Lenin 2026. Centro Poniente/Xochitepec, Rosa Leticia Arredondo Barrera/Entrega de Frutas y verduras/Entrega de Pepinos en Tezala y las Flores (8) 2026-09-21.jpeg"
FOTO-02F7FF2F26,Entrega de Pepinos en Tezala y las Flores (9) 2026-09-21.jpeg,1W2piZ2fqOJGyAHda8xnnBJu5Iu3_RBaV,https://drive.google.com/file/d/1W2piZ2fqOJGyAHda8xnnBJu5Iu3_RBaV/view,MUNICIPIO,MOSTRAR_MUNICIPIO,Centro,Xochitepec,,Centro,Xochitepec,,0,Promotor,Rosa Leticia Arredondo Barrera,,Lote por evento,/foto/FOTO-02F7FF2F26,,10,SI,02f7ff2f2625f4fa26943de24c75e44f8e48220fb6deede2d2b1a8c81507e086,90000,1,Entrega de Frutas y verduras,xochitepec-entrega-de-frutas-y-verduras,2026-09-21,"Poligonos Coordinados de Lenin 2026. Centro Poniente/Xochitepec, Rosa Leticia Arredondo Barrera/Entrega de Frutas y verduras/Entrega de Pepinos en Tezala y las Flores (9) 2026-09-21.jpeg"
FOTO-6FE722EF76,Entrega de laminas del DIF (1) 2026-09-21.jpeg,1NPDz39sd5aiKnMwbus99OKm6FuOC3spH,https://drive.google.com/file/d/1NPDz39sd5aiKnMwbus99OKm6FuOC3spH/view,MUNICIPIO,MOSTRAR_MUNICIPIO,Centro,Xochitepec,,Centro,Xochitepec,,0,Promotor,Rosa Leticia Arredondo Barrera,,Lote por evento,/foto/FOTO-6FE722EF76,,10,SI,6fe722ef76398e38f23947d1d6211f2a8ece76bcfabfc09678c4406bd07399cd,246272,1,Entrega de laminas del DIF,xochitepec-entrega-de-laminas-del-dif,2026-09-21,"Poligonos Coordinados de Lenin 2026. Centro Poniente/Xochitepec, Rosa Leticia Arredondo Barrera/Entrega de laminas del DIF (1) 2026-09-21.jpeg"
FOTO-0C8792E3E3,Entrega de laminas del DIF 2026-09-21.jpeg,1cCjjgjlwi9ecNI0NvXSelqclPMCrLqnk,https://drive.google.com/file/d/1cCjjgjlwi9ecNI0NvXSelqclPMCrLqnk/view,MUNICIPIO,MOSTRAR_MUNICIPIO,Centro,Xochitepec,,Centro,Xochitepec,,0,Promotor,Rosa Leticia Arredondo Barrera,,Lote por evento,/foto/FOTO-0C8792E3E3,,10,SI,0c8792e3e32ad5b2761426f94779315150b5db155d14f8ca345d66c4244d370d,138003,1,Entrega de laminas del DIF,xochitepec-entrega-de-laminas-del-dif,2026-09-21,"Poligonos Coordinados de Lenin 2026. Centro Poniente/Xochitepec, Rosa Leticia Arredondo Barrera/Entrega de laminas del DIF 2026-09-21.jpeg"
FOTO-12A3205012,WhatsApp Image 2026-09-21 at 12.08.15 PM.jpeg,1VcYSCyD54HmqXi3CPO6iM7cwsOE76sWB,https://drive.google.com/file/d/1VcYSCyD54HmqXi3CPO6iM7cwsOE76sWB/view,MUNICIPIO,MOSTRAR_MUNICIPIO,Centro,Xochitepec,,Centro,Xochitepec,,0,Promotor,Rosa Leticia Arredondo Barrera,,Lote por evento,/foto/FOTO-12A3205012,,10,SI,12a320501241dad9a829a62e79f9e3ffa61609b5bc59a84a5114971055713880,184562,1,Entrega de árboles para reforestación,xochitepec-entrega-de-arboles-para-reforestacion,2026-09-21,"Poligonos Coordinados de Lenin 2026. Centro Poniente/Xochitepec, Rosa Leticia Arredondo Barrera/Entrega de árboles para reforestación/WhatsApp Image 2026-09-21 at 12.08.15 PM.jpeg"
FOTO-F3CE31FA80,WhatsApp Image 2026-09-21 at 12.15.06 PM (1).jpeg,1wD_8zgUo2iyh0qhgAFdNOexv0fl1nzsj,https://drive.google.com/file/d/1wD_8zgUo2iyh0qhgAFdNOexv0fl1nzsj/view,MUNICIPIO,MOSTRAR_MUNICIPIO,Centro,Xochitepec,,Centro,Xochitepec,,0,Promotor,Rosa Leticia Arredondo Barrera,,Lote por evento,/foto/FOTO-F3CE31FA80,,10,SI,f3ce31fa80ec1b27106212b51dd748dcf4fd4d2e129c9b93e44ef67ebbc98977,157992,1,Entrega de árboles para reforestación,xochitepec-entrega-de-arboles-para-reforestacion,2026-09-21,"Poligonos Coordinados de Lenin 2026. Centro Poniente/Xochitepec, Rosa Leticia Arredondo Barrera/Entrega de árboles para reforestación/WhatsApp Image 2026-09-21 at 12.15.06 PM (1).jpeg"
FOTO-54730C8C9C,WhatsApp Image 2026-09-21 at 12.15.06 PM (2).jpeg,1v5O9cT9oTDuLPb85OlEf507Hc5tagwQt,https://drive.google.com/file/d/1v5O9cT9oTDuLPb85OlEf507Hc5tagwQt/view,MUNICIPIO,MOSTRAR_MUNICIPIO,Centro,Xochitepec,,Centro,Xochitepec,,0,Promotor,Rosa Leticia Arredondo Barrera,,Lote por evento,/foto/FOTO-54730C8C9C,,10,SI,54730c8c9cff447a36e9c2f58ba6a6bf59de0d769c16204491578d4fb90e58a2,133564,1,Entrega de árboles para reforestación,xochitepec-entrega-de-arboles-para-reforestacion,2026-09-21,"Poligonos Coordinados de Lenin 2026. Centro Poniente/Xochitepec, Rosa Leticia Arredondo Barrera/Entrega de árboles para reforestación/WhatsApp Image 2026-09-21 at 12.15.06 PM (2).jpeg"
FOTO-06F730300E,WhatsApp Image 2026-09-21 at 12.15.06 PM.jpeg,1_5TGCSu5ec2_6hhLYI5XGroJGycbUk_9,https://drive.google.com/file/d/1_5TGCSu5ec2_6hhLYI5XGroJGycbUk_9/view,MUNICIPIO,MOSTRAR_MUNICIPIO,Centro,Xochitepec,,Centro,Xochitepec,,0,Promotor,Rosa Leticia Arredondo Barrera,,Lote por evento,/foto/FOTO-06F730300E,,10,SI,06f730300e548b1a20196f8e9ebdecd68a5c5db2a2fad24a4c79e7b0ecc9f2c4,147637,1,Entrega de árboles para reforestación,xochitepec-entrega-de-arboles-para-reforestacion,2026-09-21,"Poligonos Coordinados de Lenin 2026. Centro Poniente/Xochitepec, Rosa Leticia Arredondo Barrera/Entrega de árboles para reforestación/WhatsApp Image 2026-09-21 at 12.15.06 PM.jpeg"
FOTO-B77EE69D75,Capacitación a personas sobre proyecto Petate de Colores 2026-09-21.jpeg,1x_4BsR1NmLIBdy0p4ER_xXWd2LgM1aTe,https://drive.google.com/file/d/1x_4BsR1NmLIBdy0p4ER_xXWd2LgM1aTe/view,MUNICIPIO,MOSTRAR_MUNICIPIO,Centro,Xochitepec,,Centro,Xochitepec,,0,Promotor,Rosa Leticia Arredondo Barrera,,Lote por evento,/foto/FOTO-B77EE69D75,,10,SI,b77ee69d7516e3b2048cdfb7b123b28fc90246750b72e41de041043a0ef5881c,157882,1,Petate de Colores,xochitepec-petate-de-colores,2026-09-21,"Poligonos Coordinados de Lenin 2026. Centro Poniente/Xochitepec, Rosa Leticia Arredondo Barrera/Petate de Colores/Capacitación a personas sobre proyecto Petate de Colores 2026-09-21.jpeg"
FOTO-D5A4114265,Proyecto Petate de Colores (1) 2026-09-21.jpeg,1NeM2iAptWWV4qNMB6-9uikw4So0kIloA,https://drive.google.com/file/d/1NeM2iAptWWV4qNMB6-9uikw4So0kIloA/view,MUNICIPIO,MOSTRAR_MUNICIPIO,Centro,Xochitepec,,Centro,Xochitepec,,0,Promotor,Rosa Leticia Arredondo Barrera,,Lote por evento,/foto/FOTO-D5A4114265,,10,SI,d5a41142657129c8820b71bb77cc8702c3d43bb395d0f35a29ce507c0cdae123,168655,1,Petate de Colores,xochitepec-petate-de-colores,2026-09-21,"Poligonos Coordinados de Lenin 2026. Centro Poniente/Xochitepec, Rosa Leticia Arredondo Barrera/Petate de Colores/Proyecto Petate de Colores (1) 2026-09-21.jpeg"
FOTO-D91F2526F0,Proyecto Petate de Colores (2) 2026-09-21.jpeg,1mqUWjYqWSxAJtwrEu0mF0YaX2bBZZNgd,https://drive.google.com/file/d/1mqUWjYqWSxAJtwrEu0mF0YaX2bBZZNgd/view,MUNICIPIO,MOSTRAR_MUNICIPIO,Centro,Xochitepec,,Centro,Xochitepec,,0,Promotor,Rosa Leticia Arredondo Barrera,,Lote por evento,/foto/FOTO-D91F2526F0,,10,SI,d91f2526f08097389b413a0c9821c7ea4e01c7ba3e38753a9028cda256014a7b,168888,1,Petate de Colores,xochitepec-petate-de-colores,2026-09-21,"Poligonos Coordinados de Lenin 2026. Centro Poniente/Xochitepec, Rosa Leticia Arredondo Barrera/Petate de Colores/Proyecto Petate de Colores (2) 2026-09-21.jpeg"
FOTO-32B29FE383,Proyecto Petate de Colores (3) 2026-09-21.jpeg,1_n2Ovu8iHRsTJwJSU6ggRnVA_tUKV3RR,https://drive.google.com/file/d/1_n2Ovu8iHRsTJwJSU6ggRnVA_tUKV3RR/view,MUNICIPIO,MOSTRAR_MUNICIPIO,Centro,Xochitepec,,Centro,Xochitepec,,0,Promotor,Rosa Leticia Arredondo Barrera,,Lote por evento,/foto/FOTO-32B29FE383,,10,SI,32b29fe3832a55d206afdb345af6d49424da410876e1ecefc32b2d0b2d3000da,153184,1,Petate de Colores,xochitepec-petate-de-colores,2026-09-21,"Poligonos Coordinados de Lenin 2026. Centro Poniente/Xochitepec, Rosa Leticia Arredondo Barrera/Petate de Colores/Proyecto Petate de Colores (3) 2026-09-21.jpeg"
FOTO-B4B16B112B,Reunión de región con el coordinador (2) 2026-09-21.jpeg,1BPwlYesbqQ8FvnsqOWL_iXVXek1jagCh,https://drive.google.com/file/d/1BPwlYesbqQ8FvnsqOWL_iXVXek1jagCh/view,MUNICIPIO,MOSTRAR_MUNICIPIO,Centro,Xochitepec,,Centro,Xochitepec,,0,Promotor,Rosa Leticia Arredondo Barrera,,Lote por evento,/foto/FOTO-B4B16B112B,,10,SI,b4b16b112baa9b0e7c7889123cf8546e2ac975d285f8f19e90619ed2eb5fdbff,181755,1,Petate de Colores,xochitepec-petate-de-colores,2026-09-21,"Poligonos Coordinados de Lenin 2026. Centro Poniente/Xochitepec, Rosa Leticia Arredondo Barrera/Petate de Colores/Reunión de región con el coordinador (2) 2026-09-21.jpeg"
FOTO-9E5B07770E,Recolección de firmas para piso firme 21-09-2026 (1)}.jpeg,1xId2k4c5L_9DkQcPQXto_DSpfMSDzhBr,https://drive.google.com/file/d/1xId2k4c5L_9DkQcPQXto_DSpfMSDzhBr/view,MUNICIPIO,MOSTRAR_MUNICIPIO,Centro,Xochitepec,,Centro,Xochitepec,,0,Promotor,Rosa Leticia Arredondo Barrera,,Lote por evento,/foto/FOTO-9E5B07770E,,10,SI,9e5b07770ef55d5904970cb58c8a6a6eb3f5e98a523e5f7f18ed1837f3cd3716,163521,1,Piso Firme,xochitepec-piso-firme,2026-09-21,"Poligonos Coordinados de Lenin 2026. Centro Poniente/Xochitepec, Rosa Leticia Arredondo Barrera/Piso Firme/Recolección de firmas para piso firme 21-09-2026 (1)}.jpeg"
FOTO-7E404703A1,Recolección de firmas para piso firme 21-09-2026.jpeg,1zR9DNtC1XCkbrK5kvmEYKQ1LV1e3PPNN,https://drive.google.com/file/d/1zR9DNtC1XCkbrK5kvmEYKQ1LV1e3PPNN/view,MUNICIPIO,MOSTRAR_MUNICIPIO,Centro,Xochitepec,,Centro,Xochitepec,,0,Promotor,Rosa Leticia Arredondo Barrera,,Lote por evento,/foto/FOTO-7E404703A1,,10,SI,7e404703a157bc9f270ecd81a52862d8179c24ec4e211f563e54f415f137b120,237838,1,Piso Firme,xochitepec-piso-firme,2026-09-21,"Poligonos Coordinados de Lenin 2026. Centro Poniente/Xochitepec, Rosa Leticia Arredondo Barrera/Piso Firme/Recolección de firmas para piso firme 21-09-2026.jpeg"
FOTO-210BD45EF8,Recolección de Firmas Piso Firme en Ampliación Miguel Hidalgo 2026-09-21.jpeg,1_NINkDY_ljbqTOxWVm3OUMDrhMSRjaf4,https://drive.google.com/file/d/1_NINkDY_ljbqTOxWVm3OUMDrhMSRjaf4/view,MUNICIPIO,MOSTRAR_MUNICIPIO,Centro,Xochitepec,,Centro,Xochitepec,,0,Promotor,Rosa Leticia Arredondo Barrera,,Lote por evento,/foto/FOTO-210BD45EF8,,10,SI,210bd45ef85de79fb85dea0e3185135d79671bf679988ca504667312f04b5be2,239364,1,Piso Firme,xochitepec-piso-firme,2026-09-21,"Poligonos Coordinados de Lenin 2026. Centro Poniente/Xochitepec, Rosa Leticia Arredondo Barrera/Piso Firme/Recolección de Firmas Piso Firme en Ampliación Miguel Hidalgo 2026-09-21.jpeg"
FOTO-989865D7CE,Recorrido en Territorio para piso firme 2026-09-21.jpeg,1IQ1hPunpRd9x4fARcC2gL1x_GUeDvOuU,https://drive.google.com/file/d/1IQ1hPunpRd9x4fARcC2gL1x_GUeDvOuU/view,MUNICIPIO,MOSTRAR_MUNICIPIO,Centro,Xochitepec,,Centro,Xochitepec,,0,Promotor,Rosa Leticia Arredondo Barrera,,Lote por evento,/foto/FOTO-989865D7CE,,10,SI,989865d7ce17cfacd1206a144f42ba9815794f0624c136a42f4d3635bd4f7e36,155558,1,Piso Firme,xochitepec-piso-firme,2026-09-21,"Poligonos Coordinados de Lenin 2026. Centro Poniente/Xochitepec, Rosa Leticia Arredondo Barrera/Piso Firme/Recorrido en Territorio para piso firme 2026-09-21.jpeg"
FOTO-F7A28BD1AF,Registro a piso firme (1) 2026-09-21.jpeg,1dBUDWgQix1SfE8bherYt1eaxQJDQcRL-,https://drive.google.com/file/d/1dBUDWgQix1SfE8bherYt1eaxQJDQcRL-/view,MUNICIPIO,MOSTRAR_MUNICIPIO,Centro,Xochitepec,,Centro,Xochitepec,,0,Promotor,Rosa Leticia Arredondo Barrera,,Lote por evento,/foto/FOTO-F7A28BD1AF,,10,SI,f7a28bd1afb145a73303e1a910590bf14227d19e888468c95851e7baef623d20,94461,1,Piso Firme,xochitepec-piso-firme,2026-09-21,"Poligonos Coordinados de Lenin 2026. Centro Poniente/Xochitepec, Rosa Leticia Arredondo Barrera/Piso Firme/Registro a piso firme (1) 2026-09-21.jpeg"
FOTO-8C6CB9FB3A,Registro a piso firme 2026-09-21.jpeg,1jMSXniYp6PS3EaV03Ab5A24moIrTiB9w,https://drive.google.com/file/d/1jMSXniYp6PS3EaV03Ab5A24moIrTiB9w/view,MUNICIPIO,MOSTRAR_MUNICIPIO,Centro,Xochitepec,,Centro,Xochitepec,,0,Promotor,Rosa Leticia Arredondo Barrera,,Lote por evento,/foto/FOTO-8C6CB9FB3A,,10,SI,8c6cb9fb3a0da4b5b1288c75efeb977495f2cb23ba74796b535a64a3269e19a5,73912,1,Piso Firme,xochitepec-piso-firme,2026-09-21,"Poligonos Coordinados de Lenin 2026. Centro Poniente/Xochitepec, Rosa Leticia Arredondo Barrera/Piso Firme/Registro a piso firme 2026-09-21.jpeg"
FOTO-808AC62660,Registro para piso firme 1  2026-09-21.jpeg,1TB7wP6KCINbh4I1lpm4B7zVJ7KvSubD8,https://drive.google.com/file/d/1TB7wP6KCINbh4I1lpm4B7zVJ7KvSubD8/view,MUNICIPIO,MOSTRAR_MUNICIPIO,Centro,Xochitepec,,Centro,Xochitepec,,0,Promotor,Rosa Leticia Arredondo Barrera,,Lote por evento,/foto/FOTO-808AC62660,,10,SI,808ac62660d311d854ecb7d021833adfee245ba9a3d29f05be0342fd9846f366,84873,1,Piso Firme,xochitepec-piso-firme,2026-09-21,"Poligonos Coordinados de Lenin 2026. Centro Poniente/Xochitepec, Rosa Leticia Arredondo Barrera/Piso Firme/Registro para piso firme 1  2026-09-21.jpeg"
FOTO-BAF67B2001,Registros para piso firme  2026-09-21.jpeg,1YyaW0uKAC_fTALd-PCwBr2dRs4_G-ter,https://drive.google.com/file/d/1YyaW0uKAC_fTALd-PCwBr2dRs4_G-ter/view,MUNICIPIO,MOSTRAR_MUNICIPIO,Centro,Xochitepec,,Centro,Xochitepec,,0,Promotor,Rosa Leticia Arredondo Barrera,,Lote por evento,/foto/FOTO-BAF67B2001,,10,SI,baf67b2001270ee80039782b3887310258de5cec2ff27656f41db8eede6016ef,90761,1,Piso Firme,xochitepec-piso-firme,2026-09-21,"Poligonos Coordinados de Lenin 2026. Centro Poniente/Xochitepec, Rosa Leticia Arredondo Barrera/Piso Firme/Registros para piso firme  2026-09-21.jpeg"
FOTO-A2F4B4856B,Recorrido en Teritorio para programa de Economía 2026-09-21.jpeg,1hvaXtRW3p4yvM6jNbkXQJ8yI36eck5al,https://drive.google.com/file/d/1hvaXtRW3p4yvM6jNbkXQJ8yI36eck5al/view,MUNICIPIO,MOSTRAR_MUNICIPIO,Centro,Xochitepec,,Centro,Xochitepec,,0,Promotor,Rosa Leticia Arredondo Barrera,,Lote por evento,/foto/FOTO-A2F4B4856B,,10,SI,a2f4b4856b555f0121e34626226a2e250e7b6d6682bb57c80084d5f02b144f02,183394,1,Recorrido en Teritorio para programa de Economía,xochitepec-recorrido-en-teritorio-para-programa-de-economia,2026-09-21,"Poligonos Coordinados de Lenin 2026. Centro Poniente/Xochitepec, Rosa Leticia Arredondo Barrera/Recorrido en Teritorio para programa de Economía 2026-09-21.jpeg"
FOTO-09A91D78C9,Región Noroeste con Coordinador Operativo 2026-09-21.jpeg,13dQS0yKjhcqWlVve86JAwaENcSgFKjDM,https://drive.google.com/file/d/13dQS0yKjhcqWlVve86JAwaENcSgFKjDM/view,MUNICIPIO,MOSTRAR_MUNICIPIO,Centro,Xochitepec,,Centro,Xochitepec,,0,Promotor,Rosa Leticia Arredondo Barrera,,Lote por evento,/foto/FOTO-09A91D78C9,,10,SI,09a91d78c9d155166617ae5856fa1bb7116ca3cfd28776fe19dd8b39baaba3e1,108250,1,Reunión de promotores,xochitepec-reunion-de-promotores,2026-09-21,"Poligonos Coordinados de Lenin 2026. Centro Poniente/Xochitepec, Rosa Leticia Arredondo Barrera/Reunión de promotores/Región Noroeste con Coordinador Operativo 2026-09-21.jpeg"
FOTO-00EADC2435,Reunión con dependencias  2026-09-21.jpeg,1E2AsO-OOMbE0ARMWk4oGilUORmheos5P,https://drive.google.com/file/d/1E2AsO-OOMbE0ARMWk4oGilUORmheos5P/view,MUNICIPIO,MOSTRAR_MUNICIPIO,Centro,Xochitepec,,Centro,Xochitepec,,0,Promotor,Rosa Leticia Arredondo Barrera,,Lote por evento,/foto/FOTO-00EADC2435,,10,SI,00eadc2435fdca9e3050da2bfab65dcf24d8bcc1105755ffea60ee89397ff733,134115,1,Reunión de promotores,xochitepec-reunion-de-promotores,2026-09-21,"Poligonos Coordinados de Lenin 2026. Centro Poniente/Xochitepec, Rosa Leticia Arredondo Barrera/Reunión de promotores/Reunión con dependencias  2026-09-21.jpeg"
FOTO-05951E08A6,Reunión de promotores en CCAP 2026-09-21.jpeg,1CrLC_MuGVFjCawByo2-8PjEB9UNe98qg,https://drive.google.com/file/d/1CrLC_MuGVFjCawByo2-8PjEB9UNe98qg/view,MUNICIPIO,MOSTRAR_MUNICIPIO,Centro,Xochitepec,,Centro,Xochitepec,,0,Promotor,Rosa Leticia Arredondo Barrera,,Lote por evento,/foto/FOTO-05951E08A6,,10,SI,05951e08a6d111194a41345f0ad908f698848a59b257b995672c4bf1bca250c5,96031,1,Reunión de promotores,xochitepec-reunion-de-promotores,2026-09-21,"Poligonos Coordinados de Lenin 2026. Centro Poniente/Xochitepec, Rosa Leticia Arredondo Barrera/Reunión de promotores/Reunión de promotores en CCAP 2026-09-21.jpeg"
FOTO-96E0F850DC,Reunión de región con el coordinador (2) 2026-09-21.jpeg,1i5UsgJ8ecceUOS-CUtNNOvxg-yjgka9A,https://drive.google.com/file/d/1i5UsgJ8ecceUOS-CUtNNOvxg-yjgka9A/view,MUNICIPIO,MOSTRAR_MUNICIPIO,Centro,Xochitepec,,Centro,Xochitepec,,0,Promotor,Rosa Leticia Arredondo Barrera,,Lote por evento,/foto/FOTO-96E0F850DC,,10,SI,96e0f850dc65e1239bae7feb1fd7ff80c5ab32937a01326e8610ac98d3418a67,106613,1,Reunión de promotores,xochitepec-reunion-de-promotores,2026-09-21,"Poligonos Coordinados de Lenin 2026. Centro Poniente/Xochitepec, Rosa Leticia Arredondo Barrera/Reunión de promotores/Reunión de región con el coordinador (2) 2026-09-21.jpeg"
FOTO-CBF93EA124,Reunión de región con el coordinador (3) 2026-09-21.jpeg,10sxMV3qbakhvmm-HXBDB9HzK2mmSQ8fy,https://drive.google.com/file/d/10sxMV3qbakhvmm-HXBDB9HzK2mmSQ8fy/view,MUNICIPIO,MOSTRAR_MUNICIPIO,Centro,Xochitepec,,Centro,Xochitepec,,0,Promotor,Rosa Leticia Arredondo Barrera,,Lote por evento,/foto/FOTO-CBF93EA124,,10,SI,cbf93ea124a85658c08435f7310b18391d19e17f2aee208465992208b74aa7be,103057,1,Reunión de promotores,xochitepec-reunion-de-promotores,2026-09-21,"Poligonos Coordinados de Lenin 2026. Centro Poniente/Xochitepec, Rosa Leticia Arredondo Barrera/Reunión de promotores/Reunión de región con el coordinador (3) 2026-09-21.jpeg"
FOTO-9909055E5E,Reunión de región con el coordinador (4) 2026-09-21.jpeg,18-EIYla4QICDfdGdlGNIGcXUCJ4Cx4f_,https://drive.google.com/file/d/18-EIYla4QICDfdGdlGNIGcXUCJ4Cx4f_/view,MUNICIPIO,MOSTRAR_MUNICIPIO,Centro,Xochitepec,,Centro,Xochitepec,,0,Promotor,Rosa Leticia Arredondo Barrera,,Lote por evento,/foto/FOTO-9909055E5E,,10,SI,9909055e5ec44af8837b2d45bf141e320bd8cb7b382adb2a16052aa974517aa4,106889,1,Reunión de promotores,xochitepec-reunion-de-promotores,2026-09-21,"Poligonos Coordinados de Lenin 2026. Centro Poniente/Xochitepec, Rosa Leticia Arredondo Barrera/Reunión de promotores/Reunión de región con el coordinador (4) 2026-09-21.jpeg"
FOTO-4AE739102C,WhatsApp Image 2026-09-21 at 12.22.38 PM (2).jpeg,1z-Q5DBAnw47j2l18VCEfacwCWfHkMVb5,https://drive.google.com/file/d/1z-Q5DBAnw47j2l18VCEfacwCWfHkMVb5/view,MUNICIPIO,MOSTRAR_MUNICIPIO,Centro,Xochitepec,,Centro,Xochitepec,,0,Promotor,Rosa Leticia Arredondo Barrera,,Lote por evento,/foto/FOTO-4AE739102C,,10,SI,4ae739102c1edd9eb5b27301dbed4d235f09d686af83fbd460a5d7208aade94c,106473,1,Reunión de promotores,xochitepec-reunion-de-promotores,2026-09-21,"Poligonos Coordinados de Lenin 2026. Centro Poniente/Xochitepec, Rosa Leticia Arredondo Barrera/Reunión de promotores/WhatsApp Image 2026-09-21 at 12.22.38 PM (2).jpeg"
FOTO-6705E2289B,WhatsApp Image 2026-09-21 at 12.22.38 PM.jpeg,1sNnd1n-x0yKFcOMILsc9_Btw8t3bN3HD,https://drive.google.com/file/d/1sNnd1n-x0yKFcOMILsc9_Btw8t3bN3HD/view,MUNICIPIO,MOSTRAR_MUNICIPIO,Centro,Xochitepec,,Centro,Xochitepec,,0,Promotor,Rosa Leticia Arredondo Barrera,,Lote por evento,/foto/FOTO-6705E2289B,,10,SI,6705e2289bb5d97cf11fbe1869b150101470be425a0b63481971aac1b0ec7951,94391,1,Reunión de promotores,xochitepec-reunion-de-promotores,2026-09-21,"Poligonos Coordinados de Lenin 2026. Centro Poniente/Xochitepec, Rosa Leticia Arredondo Barrera/Reunión de promotores/WhatsApp Image 2026-09-21 at 12.22.38 PM.jpeg"
FOTO-194AE4CCA0,Lechería 2026-09-21.jpeg,1zy1EH7hjkEBR5BVWf5WZkRbxImW_vFvs,https://drive.google.com/file/d/1zy1EH7hjkEBR5BVWf5WZkRbxImW_vFvs/view,MUNICIPIO,MOSTRAR_MUNICIPIO,Centro,Xochitepec,,Centro,Xochitepec,,0,Promotor,Rosa Leticia Arredondo Barrera,,Lote por evento,/foto/FOTO-194AE4CCA0,,10,SI,194ae4cca0ddb2f7723b00fec3d1015ae697c9546acd7a5842d4e2184af6cc0a,167602,1,Reunión para proyecto de Liconsa,xochitepec-reunion-para-proyecto-de-liconsa,2026-09-21,"Poligonos Coordinados de Lenin 2026. Centro Poniente/Xochitepec, Rosa Leticia Arredondo Barrera/Reunión para proyecto de Liconsa/Lechería 2026-09-21.jpeg"
FOTO-4F24B4CD5D,Reunión en las Flores para apertura de una lechería 2026-09-21 (2).jpeg,1_bIeT5mzvIJh8Go9JT9ber1YRV3PWW0t,https://drive.google.com/file/d/1_bIeT5mzvIJh8Go9JT9ber1YRV3PWW0t/view,MUNICIPIO,MOSTRAR_MUNICIPIO,Centro,Xochitepec,,Centro,Xochitepec,,0,Promotor,Rosa Leticia Arredondo Barrera,,Lote por evento,/foto/FOTO-4F24B4CD5D,,10,SI,4f24b4cd5d61f3b43a1fe40642d29fc2ebbc83be2ce98917e98ba8e52f0ebcc3,154220,1,Reunión para proyecto de Liconsa,xochitepec-reunion-para-proyecto-de-liconsa,2026-09-21,"Poligonos Coordinados de Lenin 2026. Centro Poniente/Xochitepec, Rosa Leticia Arredondo Barrera/Reunión para proyecto de Liconsa/Reunión en las Flores para apertura de una lechería 2026-09-21 (2).jpeg"
FOTO-4F11CCF89F,Reunión en las Flores para apertura de una lechería 2026-09-21 (3).jpeg,1JSh7AX0oa8kzjtHIsIwTqVe-MbjGWMsE,https://drive.google.com/file/d/1JSh7AX0oa8kzjtHIsIwTqVe-MbjGWMsE/view,MUNICIPIO,MOSTRAR_MUNICIPIO,Centro,Xochitepec,,Centro,Xochitepec,,0,Promotor,Rosa Leticia Arredondo Barrera,,Lote por evento,/foto/FOTO-4F11CCF89F,,10,SI,4f11ccf89f12eb1054bf11acaa03292f0c1b9fc9cb891ab19b8409d8a5779106,255346,1,Reunión para proyecto de Liconsa,xochitepec-reunion-para-proyecto-de-liconsa,2026-09-21,"Poligonos Coordinados de Lenin 2026. Centro Poniente/Xochitepec, Rosa Leticia Arredondo Barrera/Reunión para proyecto de Liconsa/Reunión en las Flores para apertura de una lechería 2026-09-21 (3).jpeg"
FOTO-5978D94F14,Reunión en las Flores para apertura de una lechería 2026-09-21 (4).jpeg,1Lm7b43ETs3YHGjUHrVamABDB1nVoyNsD,https://drive.google.com/file/d/1Lm7b43ETs3YHGjUHrVamABDB1nVoyNsD/view,MUNICIPIO,MOSTRAR_MUNICIPIO,Centro,Xochitepec,,Centro,Xochitepec,,0,Promotor,Rosa Leticia Arredondo Barrera,,Lote por evento,/foto/FOTO-5978D94F14,,10,SI,5978d94f141902bf4c0bc3fd80449f2dfb7f19d8bf0f3017882ea603641a3abc,171012,1,Reunión para proyecto de Liconsa,xochitepec-reunion-para-proyecto-de-liconsa,2026-09-21,"Poligonos Coordinados de Lenin 2026. Centro Poniente/Xochitepec, Rosa Leticia Arredondo Barrera/Reunión para proyecto de Liconsa/Reunión en las Flores para apertura de una lechería 2026-09-21 (4).jpeg"
FOTO-398EC40A36,Reunión en las Flores para apertura de una lechería 2026-09-21.jpeg,1UkGKtAGMsuAIGzjUL3pMF2k9SWYb2AmL,https://drive.google.com/file/d/1UkGKtAGMsuAIGzjUL3pMF2k9SWYb2AmL/view,MUNICIPIO,MOSTRAR_MUNICIPIO,Centro,Xochitepec,,Centro,Xochitepec,,0,Promotor,Rosa Leticia Arredondo Barrera,,Lote por evento,/foto/FOTO-398EC40A36,,10,SI,398ec40a36af5ef458ea4d586a15940b7520b087eb19738d1c5dec4880c086e1,151677,1,Reunión para proyecto de Liconsa,xochitepec-reunion-para-proyecto-de-liconsa,2026-09-21,"Poligonos Coordinados de Lenin 2026. Centro Poniente/Xochitepec, Rosa Leticia Arredondo Barrera/Reunión para proyecto de Liconsa/Reunión en las Flores para apertura de una lechería 2026-09-21.jpeg"
FOTO-F7B386E633,Reunión sobre lechería 2026-09-21.jpeg,1GtO96CcdD_4GcXIVsdim0QG2FBRe1QTL,https://drive.google.com/file/d/1GtO96CcdD_4GcXIVsdim0QG2FBRe1QTL/view,MUNICIPIO,MOSTRAR_MUNICIPIO,Centro,Xochitepec,,Centro,Xochitepec,,0,Promotor,Rosa Leticia Arredondo Barrera,,Lote por evento,/foto/FOTO-F7B386E633,,10,SI,f7b386e633ba1efff8797663fb7bb055a884945946ae78bcbb4813cc2553ed6a,155810,1,Reunión para proyecto de Liconsa,xochitepec-reunion-para-proyecto-de-liconsa,2026-09-21,"Poligonos Coordinados de Lenin 2026. Centro Poniente/Xochitepec, Rosa Leticia Arredondo Barrera/Reunión para proyecto de Liconsa/Reunión sobre lechería 2026-09-21.jpeg"
FOTO-725B773197,Taller de artes en Las Flores 21-09-.2026 (1)}.jpeg,1K89M1yjAL1qR-dM9TRA5uxmF670zQETv,https://drive.google.com/file/d/1K89M1yjAL1qR-dM9TRA5uxmF670zQETv/view,MUNICIPIO,MOSTRAR_MUNICIPIO,Centro,Xochitepec,,Centro,Xochitepec,,0,Promotor,Rosa Leticia Arredondo Barrera,,Lote por evento,/foto/FOTO-725B773197,,10,SI,725b77319730390add707791f96039824e1766a55933b8a5e569acc03a853fae,139307,1,Taller Cultural,xochitepec-taller-cultural,,"Poligonos Coordinados de Lenin 2026. Centro Poniente/Xochitepec, Rosa Leticia Arredondo Barrera/Taller Cultural/Taller de artes en Las Flores 21-09-.2026 (1)}.jpeg"
FOTO-38C89DC1F6,Taller de artes en Las Flores 21-09-.2026 (2).jpeg,1COchjNOEuNiGEIqAj9DuR9SUdZUi7Qa3,https://drive.google.com/file/d/1COchjNOEuNiGEIqAj9DuR9SUdZUi7Qa3/view,MUNICIPIO,MOSTRAR_MUNICIPIO,Centro,Xochitepec,,Centro,Xochitepec,,0,Promotor,Rosa Leticia Arredondo Barrera,,Lote por evento,/foto/FOTO-38C89DC1F6,,10,SI,38c89dc1f6395e7edaf62e69372d588fb150786c2efb9aa637d60918450b2456,110494,1,Taller Cultural,xochitepec-taller-cultural,,"Poligonos Coordinados de Lenin 2026. Centro Poniente/Xochitepec, Rosa Leticia Arredondo Barrera/Taller Cultural/Taller de artes en Las Flores 21-09-.2026 (2).jpeg"
FOTO-0C36B16A21,Taller de artes en Las Flores 21-09-.2026 (3).jpeg,1GOotJJIiVriZdmXVZO2gIsZ0__SyZLsh,https://drive.google.com/file/d/1GOotJJIiVriZdmXVZO2gIsZ0__SyZLsh/view,MUNICIPIO,MOSTRAR_MUNICIPIO,Centro,Xochitepec,,Centro,Xochitepec,,0,Promotor,Rosa Leticia Arredondo Barrera,,Lote por evento,/foto/FOTO-0C36B16A21,,10,SI,0c36b16a218d5a0aa135092370e83ff86107b6c038e7fafe998bf04eba2d64f3,108128,1,Taller Cultural,xochitepec-taller-cultural,,"Poligonos Coordinados de Lenin 2026. Centro Poniente/Xochitepec, Rosa Leticia Arredondo Barrera/Taller Cultural/Taller de artes en Las Flores 21-09-.2026 (3).jpeg"
FOTO-204981C9CD,Taller de artes en Las Flores 21-09-.2026 (4).jpeg,1IliHkcK_9POGtg77VaW7UL7O49hD9AVv,https://drive.google.com/file/d/1IliHkcK_9POGtg77VaW7UL7O49hD9AVv/view,MUNICIPIO,MOSTRAR_MUNICIPIO,Centro,Xochitepec,,Centro,Xochitepec,,0,Promotor,Rosa Leticia Arredondo Barrera,,Lote por evento,/foto/FOTO-204981C9CD,,10,SI,204981c9cd793604635c576cac40c71af4ca08a14650fc53dfe4c08c85b6576a,175406,1,Taller Cultural,xochitepec-taller-cultural,,"Poligonos Coordinados de Lenin 2026. Centro Poniente/Xochitepec, Rosa Leticia Arredondo Barrera/Taller Cultural/Taller de artes en Las Flores 21-09-.2026 (4).jpeg"
FOTO-506B967089,Taller de artes en Las Flores 21-09-.2026 (5).jpeg,1q7x7N1qfHaKpdzLyobust83abPkwf2pX,https://drive.google.com/file/d/1q7x7N1qfHaKpdzLyobust83abPkwf2pX/view,MUNICIPIO,MOSTRAR_MUNICIPIO,Centro,Xochitepec,,Centro,Xochitepec,,0,Promotor,Rosa Leticia Arredondo Barrera,,Lote por evento,/foto/FOTO-506B967089,,10,SI,506b9670893fdb4a21e7d17af3a23c475db6abc35a1c3c932057434ba0e408c2,120135,1,Taller Cultural,xochitepec-taller-cultural,,"Poligonos Coordinados de Lenin 2026. Centro Poniente/Xochitepec, Rosa Leticia Arredondo Barrera/Taller Cultural/Taller de artes en Las Flores 21-09-.2026 (5).jpeg"
FOTO-041863DE0B,Taller de artes en Las Flores 21-09-.2026 (6).jpeg,10MKj1KVD2OwNLNE1IpBYORwvNVRnICVM,https://drive.google.com/file/d/10MKj1KVD2OwNLNE1IpBYORwvNVRnICVM/view,MUNICIPIO,MOSTRAR_MUNICIPIO,Centro,Xochitepec,,Centro,Xochitepec,,0,Promotor,Rosa Leticia Arredondo Barrera,,Lote por evento,/foto/FOTO-041863DE0B,,10,SI,041863de0bcd49be1ea1388604335ae36018057f690274b30c5c4fcbe49d2f9e,102968,1,Taller Cultural,xochitepec-taller-cultural,,"Poligonos Coordinados de Lenin 2026. Centro Poniente/Xochitepec, Rosa Leticia Arredondo Barrera/Taller Cultural/Taller de artes en Las Flores 21-09-.2026 (6).jpeg"
FOTO-8966625340,Taller de artes en Las Flores 21-09-.2026.jpeg,1TJr_E1Wvy56xzQK_8FFSXJVwq8WWd6oP,https://drive.google.com/file/d/1TJr_E1Wvy56xzQK_8FFSXJVwq8WWd6oP/view,MUNICIPIO,MOSTRAR_MUNICIPIO,Centro,Xochitepec,,Centro,Xochitepec,,0,Promotor,Rosa Leticia Arredondo Barrera,,Lote por evento,/foto/FOTO-8966625340,,10,SI,89666253400169c14a2794c3e386c4572ac6d37d75b67d01ae1b0ed5796ff029,121831,1,Taller Cultural,xochitepec-taller-cultural,,"Poligonos Coordinados de Lenin 2026. Centro Poniente/Xochitepec, Rosa Leticia Arredondo Barrera/Taller Cultural/Taller de artes en Las Flores 21-09-.2026.jpeg"
FOTO-6A15F3D327,Taller de Artes Visuales  en las Flores (1)2026-09-21.jpeg,1g5h00QqoL7wO2hGIbae0Hq5TtxO_K5Dm,https://drive.google.com/file/d/1g5h00QqoL7wO2hGIbae0Hq5TtxO_K5Dm/view,MUNICIPIO,MOSTRAR_MUNICIPIO,Centro,Xochitepec,,Centro,Xochitepec,,0,Promotor,Rosa Leticia Arredondo Barrera,,Lote por evento,/foto/FOTO-6A15F3D327,,10,SI,6a15f3d3272ee9bf962da396bc2962c79b4d067b1e208135a4822c07bd73cf36,92021,1,Taller Cultural,xochitepec-taller-cultural,2026-09-21,"Poligonos Coordinados de Lenin 2026. Centro Poniente/Xochitepec, Rosa Leticia Arredondo Barrera/Taller Cultural/Taller de Artes Visuales  en las Flores (1)2026-09-21.jpeg"
FOTO-B65FDFD4D6,Taller de Artes Visuales  en las Flores (2) 2026-09-21.jpeg,1TDzBt9-c7fo6CQNE7jsprGgcvoIY3RQp,https://drive.google.com/file/d/1TDzBt9-c7fo6CQNE7jsprGgcvoIY3RQp/view,MUNICIPIO,MOSTRAR_MUNICIPIO,Centro,Xochitepec,,Centro,Xochitepec,,0,Promotor,Rosa Leticia Arredondo Barrera,,Lote por evento,/foto/FOTO-B65FDFD4D6,,10,SI,b65fdfd4d62dd5d21234344f36287dbdb17d6e8467216709ca334d258a332a3a,94537,1,Taller Cultural,xochitepec-taller-cultural,2026-09-21,"Poligonos Coordinados de Lenin 2026. Centro Poniente/Xochitepec, Rosa Leticia Arredondo Barrera/Taller Cultural/Taller de Artes Visuales  en las Flores (2) 2026-09-21.jpeg"
FOTO-06D1812A54,Taller de Artes Visuales  en las Flores (3) 2026-09-21.jpeg,1tpnQanHlbuSUCN6LGKs_fO5fOM23g_d4,https://drive.google.com/file/d/1tpnQanHlbuSUCN6LGKs_fO5fOM23g_d4/view,MUNICIPIO,MOSTRAR_MUNICIPIO,Centro,Xochitepec,,Centro,Xochitepec,,0,Promotor,Rosa Leticia Arredondo Barrera,,Lote por evento,/foto/FOTO-06D1812A54,,10,SI,06d1812a54110a4344c3e00a947e832f3e258c7107bdee87ec1b1b964809f48d,90810,1,Taller Cultural,xochitepec-taller-cultural,2026-09-21,"Poligonos Coordinados de Lenin 2026. Centro Poniente/Xochitepec, Rosa Leticia Arredondo Barrera/Taller Cultural/Taller de Artes Visuales  en las Flores (3) 2026-09-21.jpeg"
FOTO-C6F8F3DF51,Taller de Artes Visuales  en las Flores (4) 2026-09-21.jpeg,1o0RUIz-wK40DpOS-johhNYP-SZj67oX5,https://drive.google.com/file/d/1o0RUIz-wK40DpOS-johhNYP-SZj67oX5/view,MUNICIPIO,MOSTRAR_MUNICIPIO,Centro,Xochitepec,,Centro,Xochitepec,,0,Promotor,Rosa Leticia Arredondo Barrera,,Lote por evento,/foto/FOTO-C6F8F3DF51,,10,SI,c6f8f3df51f3701696a3f28a57b1ea885ebca56dc9ea29e809ca793ea7af7f8f,92254,1,Taller Cultural,xochitepec-taller-cultural,2026-09-21,"Poligonos Coordinados de Lenin 2026. Centro Poniente/Xochitepec, Rosa Leticia Arredondo Barrera/Taller Cultural/Taller de Artes Visuales  en las Flores (4) 2026-09-21.jpeg"
FOTO-A548476048,Taller de cocina ancestral en Loma Bonita  2026-09-21.jpeg,1uwsdXBwOLU3djXYHwaP-NtLXtdV4LZz2,https://drive.google.com/file/d/1uwsdXBwOLU3djXYHwaP-NtLXtdV4LZz2/view,MUNICIPIO,MOSTRAR_MUNICIPIO,Centro,Xochitepec,,Centro,Xochitepec,,0,Promotor,Rosa Leticia Arredondo Barrera,,Lote por evento,/foto/FOTO-A548476048,,10,SI,a548476048dbe6e15f22f5a17c0ffe7cbee447230eb0ee56ebb239de1e4c4cf5,129839,1,Taller Cultural,xochitepec-taller-cultural,2026-09-21,"Poligonos Coordinados de Lenin 2026. Centro Poniente/Xochitepec, Rosa Leticia Arredondo Barrera/Taller Cultural/Taller de cocina ancestral en Loma Bonita  2026-09-21.jpeg"
FOTO-5176FCCD52,"Taller de Cocina Ancestral, Secretaria de Cultura (1) 2026-09-21.jpeg",1Ge2hl7hwlC3IQAPt9K5bIPhskQY-qtgh,https://drive.google.com/file/d/1Ge2hl7hwlC3IQAPt9K5bIPhskQY-qtgh/view,MUNICIPIO,MOSTRAR_MUNICIPIO,Centro,Xochitepec,,Centro,Xochitepec,,0,Promotor,Rosa Leticia Arredondo Barrera,,Lote por evento,/foto/FOTO-5176FCCD52,,10,SI,5176fccd529e246e038f5f5c0a0fcabe77c4b611ccc0a67ddc38110ff7dc1351,160138,1,Taller Cultural,xochitepec-taller-cultural,2026-09-21,"Poligonos Coordinados de Lenin 2026. Centro Poniente/Xochitepec, Rosa Leticia Arredondo Barrera/Taller Cultural/Taller de Cocina Ancestral, Secretaria de Cultura (1) 2026-09-21.jpeg"
FOTO-CA588173C6,"Taller de Cocina Ancestral, Secretaria de Cultura (2) 2026-09-21.jpeg",1hj55OGaD1nKCgbfqDULbA0uMsi-ZqP2h,https://drive.google.com/file/d/1hj55OGaD1nKCgbfqDULbA0uMsi-ZqP2h/view,MUNICIPIO,MOSTRAR_MUNICIPIO,Centro,Xochitepec,,Centro,Xochitepec,,0,Promotor,Rosa Leticia Arredondo Barrera,,Lote por evento,/foto/FOTO-CA588173C6,,10,SI,ca588173c60fa64a95f6550ee7d17a6cd2eb99504881bdfd42378cd6dec69998,145847,1,Taller Cultural,xochitepec-taller-cultural,2026-09-21,"Poligonos Coordinados de Lenin 2026. Centro Poniente/Xochitepec, Rosa Leticia Arredondo Barrera/Taller Cultural/Taller de Cocina Ancestral, Secretaria de Cultura (2) 2026-09-21.jpeg"
FOTO-ABA2610F1A,"Taller de Cocina Ancestral, Secretaria de Cultura (3) 2026-09-21.jpeg",1j1pvi1RNnQIoNm5-Nw4tPng7L8JoCv3e,https://drive.google.com/file/d/1j1pvi1RNnQIoNm5-Nw4tPng7L8JoCv3e/view,MUNICIPIO,MOSTRAR_MUNICIPIO,Centro,Xochitepec,,Centro,Xochitepec,,0,Promotor,Rosa Leticia Arredondo Barrera,,Lote por evento,/foto/FOTO-ABA2610F1A,,10,SI,aba2610f1a7e07799ba675ba2a9597c2a825a1b89cde56b5b27a08d8b57f6883,153310,1,Taller Cultural,xochitepec-taller-cultural,2026-09-21,"Poligonos Coordinados de Lenin 2026. Centro Poniente/Xochitepec, Rosa Leticia Arredondo Barrera/Taller Cultural/Taller de Cocina Ancestral, Secretaria de Cultura (3) 2026-09-21.jpeg"
FOTO-2EC5F83691,"Taller de Cocina Ancestral, Secretaria de Cultura (4) 2026-09-21.jpeg",1CYAkOX7d3pLLjNGfb1MwVOyarPx7rLvE,https://drive.google.com/file/d/1CYAkOX7d3pLLjNGfb1MwVOyarPx7rLvE/view,MUNICIPIO,MOSTRAR_MUNICIPIO,Centro,Xochitepec,,Centro,Xochitepec,,0,Promotor,Rosa Leticia Arredondo Barrera,,Lote por evento,/foto/FOTO-2EC5F83691,,10,SI,2ec5f83691df3d83b0d2459f52046ca88c2c781edf34e01e02420f41f8f7ec93,145627,1,Taller Cultural,xochitepec-taller-cultural,2026-09-21,"Poligonos Coordinados de Lenin 2026. Centro Poniente/Xochitepec, Rosa Leticia Arredondo Barrera/Taller Cultural/Taller de Cocina Ancestral, Secretaria de Cultura (4) 2026-09-21.jpeg"
FOTO-8051FDD532,"Taller de Cocina Ancestral, Secretaria de Cultura (5) 2026-09-21.jpeg",1qooq_m9fxKat9y5ncsOPESIx9lMw9VPY,https://drive.google.com/file/d/1qooq_m9fxKat9y5ncsOPESIx9lMw9VPY/view,MUNICIPIO,MOSTRAR_MUNICIPIO,Centro,Xochitepec,,Centro,Xochitepec,,0,Promotor,Rosa Leticia Arredondo Barrera,,Lote por evento,/foto/FOTO-8051FDD532,,10,SI,8051fdd5328743b6e81694a7ab498980ac855fa7220119db7fc20de384575ab1,144839,1,Taller Cultural,xochitepec-taller-cultural,2026-09-21,"Poligonos Coordinados de Lenin 2026. Centro Poniente/Xochitepec, Rosa Leticia Arredondo Barrera/Taller Cultural/Taller de Cocina Ancestral, Secretaria de Cultura (5) 2026-09-21.jpeg"
FOTO-1BFD25529B,"Taller de Cocina Ancestral, Secretaria de Cultura (6) 2026-09-21.jpeg",1Vek5OHSxeJ3XZReDb9RJZE8l9m7KnYJP,https://drive.google.com/file/d/1Vek5OHSxeJ3XZReDb9RJZE8l9m7KnYJP/view,MUNICIPIO,MOSTRAR_MUNICIPIO,Centro,Xochitepec,,Centro,Xochitepec,,0,Promotor,Rosa Leticia Arredondo Barrera,,Lote por evento,/foto/FOTO-1BFD25529B,,10,SI,1bfd25529b7ca2e2a15776c110070e1a6429d28083b60628caad3110676f5c09,181639,1,Taller Cultural,xochitepec-taller-cultural,2026-09-21,"Poligonos Coordinados de Lenin 2026. Centro Poniente/Xochitepec, Rosa Leticia Arredondo Barrera/Taller Cultural/Taller de Cocina Ancestral, Secretaria de Cultura (6) 2026-09-21.jpeg"
FOTO-1C1D470FA5,"Taller de Cocina Ancestral, Secretaria de Cultura (7) 2026-09-21.jpeg",1sF1JLDx9qalAe2QKp-tcNbqe8dilzCYo,https://drive.google.com/file/d/1sF1JLDx9qalAe2QKp-tcNbqe8dilzCYo/view,MUNICIPIO,MOSTRAR_MUNICIPIO,Centro,Xochitepec,,Centro,Xochitepec,,0,Promotor,Rosa Leticia Arredondo Barrera,,Lote por evento,/foto/FOTO-1C1D470FA5,,10,SI,1c1d470fa5291f1853957882a4ebb5726e1d92e2890797d215de19f6057bab38,155208,1,Taller Cultural,xochitepec-taller-cultural,2026-09-21,"Poligonos Coordinados de Lenin 2026. Centro Poniente/Xochitepec, Rosa Leticia Arredondo Barrera/Taller Cultural/Taller de Cocina Ancestral, Secretaria de Cultura (7) 2026-09-21.jpeg"
FOTO-37EB43280F,"Taller de Cocina Ancestral, Secretaria de Cultura (8) 2026-09-21.jpeg",1yhy3aCe6wOzUp4C30AXmcjy6IV6tWu42,https://drive.google.com/file/d/1yhy3aCe6wOzUp4C30AXmcjy6IV6tWu42/view,MUNICIPIO,MOSTRAR_MUNICIPIO,Centro,Xochitepec,,Centro,Xochitepec,,0,Promotor,Rosa Leticia Arredondo Barrera,,Lote por evento,/foto/FOTO-37EB43280F,,10,SI,37eb43280f1d70a10a8897fedf4b779fd1af3c1b894f47b9fe400a2021b13088,164738,1,Taller Cultural,xochitepec-taller-cultural,2026-09-21,"Poligonos Coordinados de Lenin 2026. Centro Poniente/Xochitepec, Rosa Leticia Arredondo Barrera/Taller Cultural/Taller de Cocina Ancestral, Secretaria de Cultura (8) 2026-09-21.jpeg"
FOTO-94A64CCC82,Taller de Cocina Tradicional 2026-09-21.jpeg,1B7F_58d3FAwhUomHs9r26vYFf7CBl2IR,https://drive.google.com/file/d/1B7F_58d3FAwhUomHs9r26vYFf7CBl2IR/view,MUNICIPIO,MOSTRAR_MUNICIPIO,Centro,Xochitepec,,Centro,Xochitepec,,0,Promotor,Rosa Leticia Arredondo Barrera,,Lote por evento,/foto/FOTO-94A64CCC82,,10,SI,94a64ccc82760022d36c4c06894aeb98bf0f5c927d11577cb911f301ff1b540d,95241,1,Taller Cultural,xochitepec-taller-cultural,2026-09-21,"Poligonos Coordinados de Lenin 2026. Centro Poniente/Xochitepec, Rosa Leticia Arredondo Barrera/Taller Cultural/Taller de Cocina Tradicional 2026-09-21.jpeg"
FOTO-161AAF5D45,Taller de Teatro y Pintura en el Tepehuaje (1) 2026-09-21.jpeg,1vjrT7coq7E6PJ7OnDO28Ag1NZdwej_oc,https://drive.google.com/file/d/1vjrT7coq7E6PJ7OnDO28Ag1NZdwej_oc/view,MUNICIPIO,MOSTRAR_MUNICIPIO,Centro,Xochitepec,,Centro,Xochitepec,,0,Promotor,Rosa Leticia Arredondo Barrera,,Lote por evento,/foto/FOTO-161AAF5D45,,10,SI,161aaf5d45b174fb8c852a83e7f2b2d27524378faa94995d7d328a599b412855,247211,1,Taller Cultural,xochitepec-taller-cultural,2026-09-21,"Poligonos Coordinados de Lenin 2026. Centro Poniente/Xochitepec, Rosa Leticia Arredondo Barrera/Taller Cultural/Taller de Teatro y Pintura en el Tepehuaje (1) 2026-09-21.jpeg"
FOTO-D169FD2AE7,Taller de Teatro y Pintura en el Tepehuaje (2) 2026-09-21.jpeg,1xjHTzNwGvx2gOprwJZ-mSXAzNV2pi_14,https://drive.google.com/file/d/1xjHTzNwGvx2gOprwJZ-mSXAzNV2pi_14/view,MUNICIPIO,MOSTRAR_MUNICIPIO,Centro,Xochitepec,,Centro,Xochitepec,,0,Promotor,Rosa Leticia Arredondo Barrera,,Lote por evento,/foto/FOTO-D169FD2AE7,,10,SI,d169fd2ae7cd626f1fea57ab21ebe1c06502fb4915b0846b21d23cc8d08b6a9f,190436,1,Taller Cultural,xochitepec-taller-cultural,2026-09-21,"Poligonos Coordinados de Lenin 2026. Centro Poniente/Xochitepec, Rosa Leticia Arredondo Barrera/Taller Cultural/Taller de Teatro y Pintura en el Tepehuaje (2) 2026-09-21.jpeg"
FOTO-2EDE5EDFC0,Taller de Teatro y Pintura en el Tepehuaje (3) 2026-09-21.jpeg,1R--8zb_WcNgFaL_-8wTb8lWFVq4JhPTp,https://drive.google.com/file/d/1R--8zb_WcNgFaL_-8wTb8lWFVq4JhPTp/view,MUNICIPIO,MOSTRAR_MUNICIPIO,Centro,Xochitepec,,Centro,Xochitepec,,0,Promotor,Rosa Leticia Arredondo Barrera,,Lote por evento,/foto/FOTO-2EDE5EDFC0,,10,SI,2ede5edfc054ac16361de48e4d14e0253fa531181c867dc325852548a13d6697,277154,1,Taller Cultural,xochitepec-taller-cultural,2026-09-21,"Poligonos Coordinados de Lenin 2026. Centro Poniente/Xochitepec, Rosa Leticia Arredondo Barrera/Taller Cultural/Taller de Teatro y Pintura en el Tepehuaje (3) 2026-09-21.jpeg"
FOTO-DAAD523E3F,Taller de Voz en Viñetas en Plan de Tlazala (1)  2026-09-21.jpeg,1Wm3rcwwt-7Ddh8FRnUOSaNv2xt1OuEXX,https://drive.google.com/file/d/1Wm3rcwwt-7Ddh8FRnUOSaNv2xt1OuEXX/view,MUNICIPIO,MOSTRAR_MUNICIPIO,Centro,Xochitepec,,Centro,Xochitepec,,0,Promotor,Rosa Leticia Arredondo Barrera,,Lote por evento,/foto/FOTO-DAAD523E3F,,10,SI,daad523e3f242ffe0a98bb0ab175024e19e127dc358af1e3343b94b72c139077,127135,1,Taller Cultural,xochitepec-taller-cultural,2026-09-21,"Poligonos Coordinados de Lenin 2026. Centro Poniente/Xochitepec, Rosa Leticia Arredondo Barrera/Taller Cultural/Taller de Voz en Viñetas en Plan de Tlazala (1)  2026-09-21.jpeg"
FOTO-99923B0711,Taller de Voz en Viñetas en Plan de Tlazala (2)  2026-09-21.jpeg,1PD4ZdW2ZLNuq3hL9eNPTCtbV4c5ufh9t,https://drive.google.com/file/d/1PD4ZdW2ZLNuq3hL9eNPTCtbV4c5ufh9t/view,MUNICIPIO,MOSTRAR_MUNICIPIO,Centro,Xochitepec,,Centro,Xochitepec,,0,Promotor,Rosa Leticia Arredondo Barrera,,Lote por evento,/foto/FOTO-99923B0711,,10,SI,99923b0711e74b2d18aec733b748ed85231ab34673f9caed29d0b656e6ae8adb,130729,1,Taller Cultural,xochitepec-taller-cultural,2026-09-21,"Poligonos Coordinados de Lenin 2026. Centro Poniente/Xochitepec, Rosa Leticia Arredondo Barrera/Taller Cultural/Taller de Voz en Viñetas en Plan de Tlazala (2)  2026-09-21.jpeg"
FOTO-7EABA705AF,Taller de Voz en Viñetas en Plan de Tlazala (3)  2026-09-21.jpeg,1TegfUDOiD-CzntFQvGsGzbYariNkF7SJ,https://drive.google.com/file/d/1TegfUDOiD-CzntFQvGsGzbYariNkF7SJ/view,MUNICIPIO,MOSTRAR_MUNICIPIO,Centro,Xochitepec,,Centro,Xochitepec,,0,Promotor,Rosa Leticia Arredondo Barrera,,Lote por evento,/foto/FOTO-7EABA705AF,,10,SI,7eaba705af9d3acdbc1fdf8b6c57e74cd993fb440cfd8852d49933fbf0489ea0,163946,1,Taller Cultural,xochitepec-taller-cultural,2026-09-21,"Poligonos Coordinados de Lenin 2026. Centro Poniente/Xochitepec, Rosa Leticia Arredondo Barrera/Taller Cultural/Taller de Voz en Viñetas en Plan de Tlazala (3)  2026-09-21.jpeg"
FOTO-4B97419F95,Taller en el Tepehuaje (1) 2026-09-21.jpeg,1-FdxuPo5XPwQdgcGgKj9E7b0K7ogWOhE,https://drive.google.com/file/d/1-FdxuPo5XPwQdgcGgKj9E7b0K7ogWOhE/view,MUNICIPIO,MOSTRAR_MUNICIPIO,Centro,Xochitepec,,Centro,Xochitepec,,0,Promotor,Rosa Leticia Arredondo Barrera,,Lote por evento,/foto/FOTO-4B97419F95,,10,SI,4b97419f95e8c1ca637802295dbc07fd171b545150c055d01429a042ff86dcd0,293829,1,Taller Cultural,xochitepec-taller-cultural,2026-09-21,"Poligonos Coordinados de Lenin 2026. Centro Poniente/Xochitepec, Rosa Leticia Arredondo Barrera/Taller Cultural/Taller en el Tepehuaje (1) 2026-09-21.jpeg"
FOTO-482FAABD62,Taller en el Tepehuaje (2) 2026-09-21.jpeg,1BJpKO3Q7vVUEIPbCwMDTymWpvcMPIL8c,https://drive.google.com/file/d/1BJpKO3Q7vVUEIPbCwMDTymWpvcMPIL8c/view,MUNICIPIO,MOSTRAR_MUNICIPIO,Centro,Xochitepec,,Centro,Xochitepec,,0,Promotor,Rosa Leticia Arredondo Barrera,,Lote por evento,/foto/FOTO-482FAABD62,,10,SI,482faabd62f9ee217b19da928cb877a0995d067c73eee725fd2e10971206dcba,285080,1,Taller Cultural,xochitepec-taller-cultural,2026-09-21,"Poligonos Coordinados de Lenin 2026. Centro Poniente/Xochitepec, Rosa Leticia Arredondo Barrera/Taller Cultural/Taller en el Tepehuaje (2) 2026-09-21.jpeg"
FOTO-75E3316CE4,Taller en el Tepehuaje (3) 2026-09-21.jpeg,1bm-r7tayrYNtvQxgsdZzjrkNG7d_HL-A,https://drive.google.com/file/d/1bm-r7tayrYNtvQxgsdZzjrkNG7d_HL-A/view,MUNICIPIO,MOSTRAR_MUNICIPIO,Centro,Xochitepec,,Centro,Xochitepec,,0,Promotor,Rosa Leticia Arredondo Barrera,,Lote por evento,/foto/FOTO-75E3316CE4,,10,SI,75e3316ce4576a3770de587f874b7b9100eb0ffc0a3fae59dc31e185aed90849,364058,1,Taller Cultural,xochitepec-taller-cultural,2026-09-21,"Poligonos Coordinados de Lenin 2026. Centro Poniente/Xochitepec, Rosa Leticia Arredondo Barrera/Taller Cultural/Taller en el Tepehuaje (3) 2026-09-21.jpeg"
FOTO-E48A000E06,Taller Yolocuicatl (teatro) en el Tepehuaje  2026-09-21.jpeg,1HfDfr_RXZf_4c5kQK9C7mBHXkbjMwcvu,https://drive.google.com/file/d/1HfDfr_RXZf_4c5kQK9C7mBHXkbjMwcvu/view,MUNICIPIO,MOSTRAR_MUNICIPIO,Centro,Xochitepec,,Centro,Xochitepec,,0,Promotor,Rosa Leticia Arredondo Barrera,,Lote por evento,/foto/FOTO-E48A000E06,,10,SI,e48a000e06a1ed0e7cbff3305d1829521a586b732e280267829210a7c8b0234d,475816,1,Taller Cultural,xochitepec-taller-cultural,2026-09-21,"Poligonos Coordinados de Lenin 2026. Centro Poniente/Xochitepec, Rosa Leticia Arredondo Barrera/Taller Cultural/Taller Yolocuicatl (teatro) en el Tepehuaje  2026-09-21.jpeg"
FOTO-757499BDAB,Taller Yolocuicatl (teatro) en el Tepehuaje (1)  2026-09-21.jpeg,1dvZH9SJbc9qDq65Yto58-XSFagwPumdQ,https://drive.google.com/file/d/1dvZH9SJbc9qDq65Yto58-XSFagwPumdQ/view,MUNICIPIO,MOSTRAR_MUNICIPIO,Centro,Xochitepec,,Centro,Xochitepec,,0,Promotor,Rosa Leticia Arredondo Barrera,,Lote por evento,/foto/FOTO-757499BDAB,,10,SI,757499bdab53b7a2ff1b4d97ffbb31936baa79820ef275463c98b8eaa3d904d3,619028,1,Taller Cultural,xochitepec-taller-cultural,2026-09-21,"Poligonos Coordinados de Lenin 2026. Centro Poniente/Xochitepec, Rosa Leticia Arredondo Barrera/Taller Cultural/Taller Yolocuicatl (teatro) en el Tepehuaje (1)  2026-09-21.jpeg"
FOTO-E39B5A1F29,Comité del Fortín en Yautepec..jpeg,1mCZUSsPebNxIZ2pA8HkNQIdGlZzYJ1Jb,https://drive.google.com/file/d/1mCZUSsPebNxIZ2pA8HkNQIdGlZzYJ1Jb/view,MUNICIPIO,MOSTRAR_MUNICIPIO,Centro,Yautepec,,Centro,Yautepec,,0,Promotor,Pilar Pérez Reyes-Samantha,,Lote por evento,/foto/FOTO-E39B5A1F29,,10,SI,e39b5a1f29de044b24178e7b0a0173028674101dad41fdfa808370d3ab40ee1f,292841,1,Consejos Comunitarios,yautepec-consejos-comunitarios,,"Poligonos Coordinados de Lenin 2026. Centro Poniente/Yautepec, Pilar Pérez Reyes-Samantha/Consejos Comunitarios/Comité del Fortín en Yautepec..jpeg"
FOTO-80C1261327,"Comité del Fortín, Yautepec..jpeg",1_fe2fgtlCuWVdb0hKLLbR6F3ApfpddZ1,https://drive.google.com/file/d/1_fe2fgtlCuWVdb0hKLLbR6F3ApfpddZ1/view,MUNICIPIO,MOSTRAR_MUNICIPIO,Centro,Yautepec,,Centro,Yautepec,,0,Promotor,Pilar Pérez Reyes-Samantha,,Lote por evento,/foto/FOTO-80C1261327,,10,SI,80c12613274d60403f596e353332f016bc84541c5c0ce1eaa304791c18f7746b,101087,1,Consejos Comunitarios,yautepec-consejos-comunitarios,,"Poligonos Coordinados de Lenin 2026. Centro Poniente/Yautepec, Pilar Pérez Reyes-Samantha/Consejos Comunitarios/Comité del Fortín, Yautepec..jpeg"
FOTO-E6614A2C18,"Reunión de consejos, el Fortin  2026-05-20.jpeg",16YsyimZRiMLzkqEb0Z6gTEAgftEzf-BS,https://drive.google.com/file/d/16YsyimZRiMLzkqEb0Z6gTEAgftEzf-BS/view,MUNICIPIO,MOSTRAR_MUNICIPIO,Centro,Yautepec,,Centro,Yautepec,,0,Promotor,Pilar Pérez Reyes-Samantha,,Lote por evento,/foto/FOTO-E6614A2C18,,10,SI,e6614a2c185eeace8f7c16e5b69c675c273bc8f6371c7dad754fb4301d9e1f98,193846,1,Consejos Comunitarios,yautepec-consejos-comunitarios,2026-05-20,"Poligonos Coordinados de Lenin 2026. Centro Poniente/Yautepec, Pilar Pérez Reyes-Samantha/Consejos Comunitarios/Reunión de consejos, el Fortin  2026-05-20.jpeg"
FOTO-11A662A419,WhatsApp Image 2026-01-20 at 8.30.15 PM (1).jpeg,1miZlNYt7QViKpnNLh3Ule3IsqaPRVsNH,https://drive.google.com/file/d/1miZlNYt7QViKpnNLh3Ule3IsqaPRVsNH/view,MUNICIPIO,MOSTRAR_MUNICIPIO,Centro,Yautepec,,Centro,Yautepec,,0,Promotor,Pilar Pérez Reyes-Samantha,,Lote por evento,/foto/FOTO-11A662A419,,10,SI,11a662a4192e8ad9a793cf8d0552bf273ad99511652c54b9b9d76071995dab81,417446,1,Consejos Comunitarios,yautepec-consejos-comunitarios,2026-01-20,"Poligonos Coordinados de Lenin 2026. Centro Poniente/Yautepec, Pilar Pérez Reyes-Samantha/Consejos Comunitarios/WhatsApp Image 2026-01-20 at 8.30.15 PM (1).jpeg"
FOTO-046C72F4A1,WhatsApp Image 2026-01-20 at 8.30.15 PM.jpeg,1Q2yiabvM85F7gENAI9F9Wolh0E2P1nZb,https://drive.google.com/file/d/1Q2yiabvM85F7gENAI9F9Wolh0E2P1nZb/view,MUNICIPIO,MOSTRAR_MUNICIPIO,Centro,Yautepec,,Centro,Yautepec,,0,Promotor,Pilar Pérez Reyes-Samantha,,Lote por evento,/foto/FOTO-046C72F4A1,,10,SI,046c72f4a1a85242f10fa7b85876debd5046697838cd1924afdc87f53bfe8948,414470,1,Consejos Comunitarios,yautepec-consejos-comunitarios,2026-01-20,"Poligonos Coordinados de Lenin 2026. Centro Poniente/Yautepec, Pilar Pérez Reyes-Samantha/Consejos Comunitarios/WhatsApp Image 2026-01-20 at 8.30.15 PM.jpeg"
FOTO-06C9A3A3EC,Abuelo cuentame tu historia 1.jpeg,1Y-wgiLjqcmL_w0VxRjLtCkg2T8zuCpdp,https://drive.google.com/file/d/1Y-wgiLjqcmL_w0VxRjLtCkg2T8zuCpdp/view,MUNICIPIO,MOSTRAR_MUNICIPIO,Centro,Yautepec,,Centro,Yautepec,,0,Promotor,Pilar Pérez Reyes-Samantha,,Lote por evento,/foto/FOTO-06C9A3A3EC,,10,SI,06c9a3a3ece6902dc1694291a15b47c7636303826e8a6236ce97cc1a0a1be011,125112,1,Cuentame tu historia,yautepec-cuentame-tu-historia,,"Poligonos Coordinados de Lenin 2026. Centro Poniente/Yautepec, Pilar Pérez Reyes-Samantha/Cuentame tu historia/Abuelo cuentame tu historia 1.jpeg"
FOTO-0353CCDA24,Abuelo Cuentame tu historia 2.jpeg,1yg-gkB3KFkX6t6uhw559Wu6Bbm-QsSk5,https://drive.google.com/file/d/1yg-gkB3KFkX6t6uhw559Wu6Bbm-QsSk5/view,MUNICIPIO,MOSTRAR_MUNICIPIO,Centro,Yautepec,,Centro,Yautepec,,0,Promotor,Pilar Pérez Reyes-Samantha,,Lote por evento,/foto/FOTO-0353CCDA24,,10,SI,0353ccda24d135ff42fb8ebff442b585c7afe76bc2147bed95b6b67b6c2c983f,223412,1,Cuentame tu historia,yautepec-cuentame-tu-historia,,"Poligonos Coordinados de Lenin 2026. Centro Poniente/Yautepec, Pilar Pérez Reyes-Samantha/Cuentame tu historia/Abuelo Cuentame tu historia 2.jpeg"
FOTO-35507E7E96,Abuelo cuentame tu historia 3.jpeg,1DlkGataxJOQWQXTv20qNTSc0DnNkwqxF,https://drive.google.com/file/d/1DlkGataxJOQWQXTv20qNTSc0DnNkwqxF/view,MUNICIPIO,MOSTRAR_MUNICIPIO,Centro,Yautepec,,Centro,Yautepec,,0,Promotor,Pilar Pérez Reyes-Samantha,,Lote por evento,/foto/FOTO-35507E7E96,,10,SI,35507e7e9687a06893a69acb868ed8b63e269a27a7f1ba5567d1a107e86bb824,211524,1,Cuentame tu historia,yautepec-cuentame-tu-historia,,"Poligonos Coordinados de Lenin 2026. Centro Poniente/Yautepec, Pilar Pérez Reyes-Samantha/Cuentame tu historia/Abuelo cuentame tu historia 3.jpeg"
FOTO-D842BD55A3,(1) 2026-01-21.jpeg,1S0HnQW9NtYhWXIJbnpKuqjX64uzjJpPp,https://drive.google.com/file/d/1S0HnQW9NtYhWXIJbnpKuqjX64uzjJpPp/view,MUNICIPIO,MOSTRAR_MUNICIPIO,Centro,Yautepec,,Centro,Yautepec,,0,Promotor,Pilar Pérez Reyes-Samantha,,Lote por evento,/foto/FOTO-D842BD55A3,,10,SI,d842bd55a333892333089bec0d487b6aa5421efe9c420472a9c6009c522842b0,313740,1,Entrega de Juguetes,yautepec-entrega-de-juguetes,2026-01-21,"Poligonos Coordinados de Lenin 2026. Centro Poniente/Yautepec, Pilar Pérez Reyes-Samantha/Entrega de Juguetes/(1) 2026-01-21.jpeg"
FOTO-265D4922C6,Entrega de Juguetes en Yautepec (10) 2026-01-21.jpeg,1cwCnDn9yRUDZEZiz56aOmy447I8qVKjX,https://drive.google.com/file/d/1cwCnDn9yRUDZEZiz56aOmy447I8qVKjX/view,MUNICIPIO,MOSTRAR_MUNICIPIO,Centro,Yautepec,,Centro,Yautepec,,0,Promotor,Pilar Pérez Reyes-Samantha,,Lote por evento,/foto/FOTO-265D4922C6,,10,SI,265d4922c679186b17cafe3a15a0222235f2db9d6de8dadfff5828f72f951d60,513300,1,Entrega de Juguetes,yautepec-entrega-de-juguetes,2026-01-21,"Poligonos Coordinados de Lenin 2026. Centro Poniente/Yautepec, Pilar Pérez Reyes-Samantha/Entrega de Juguetes/Entrega de Juguetes en Yautepec (10) 2026-01-21.jpeg"
FOTO-21D5DAC50F,Entrega de Juguetes en Yautepec (2) 2026-01-21.jpeg,1bMjdcUyz2xstDacJUzMLMIAaUuk9gD7C,https://drive.google.com/file/d/1bMjdcUyz2xstDacJUzMLMIAaUuk9gD7C/view,MUNICIPIO,MOSTRAR_MUNICIPIO,Centro,Yautepec,,Centro,Yautepec,,0,Promotor,Pilar Pérez Reyes-Samantha,,Lote por evento,/foto/FOTO-21D5DAC50F,,10,SI,21d5dac50f852c57d378859f28e475102e6b54f2861d97fefec8fa438299854f,346387,1,Entrega de Juguetes,yautepec-entrega-de-juguetes,2026-01-21,"Poligonos Coordinados de Lenin 2026. Centro Poniente/Yautepec, Pilar Pérez Reyes-Samantha/Entrega de Juguetes/Entrega de Juguetes en Yautepec (2) 2026-01-21.jpeg"
FOTO-E180D6FBB0,Entrega de Juguetes en Yautepec (3) 2026-01-21.jpeg,1JA_NF-O77LFmxAKBYCJxhB3qX7k9nvc7,https://drive.google.com/file/d/1JA_NF-O77LFmxAKBYCJxhB3qX7k9nvc7/view,MUNICIPIO,MOSTRAR_MUNICIPIO,Centro,Yautepec,,Centro,Yautepec,,0,Promotor,Pilar Pérez Reyes-Samantha,,Lote por evento,/foto/FOTO-E180D6FBB0,,10,SI,e180d6fbb068e80da22ae230a4954aba85e2a6711d388cb8875825f630a22ae1,290536,1,Entrega de Juguetes,yautepec-entrega-de-juguetes,2026-01-21,"Poligonos Coordinados de Lenin 2026. Centro Poniente/Yautepec, Pilar Pérez Reyes-Samantha/Entrega de Juguetes/Entrega de Juguetes en Yautepec (3) 2026-01-21.jpeg"
FOTO-FCBD40960D,Entrega de Juguetes en Yautepec (4) 2026-01-21.jpeg,1XEZSgom5iM9wSbhAGMC80QrBmZfsw_pD,https://drive.google.com/file/d/1XEZSgom5iM9wSbhAGMC80QrBmZfsw_pD/view,MUNICIPIO,MOSTRAR_MUNICIPIO,Centro,Yautepec,,Centro,Yautepec,,0,Promotor,Pilar Pérez Reyes-Samantha,,Lote por evento,/foto/FOTO-FCBD40960D,,10,SI,fcbd40960d3683b1de7fed49625174ac0a983ac413c2bd133731fa6f11e44841,368273,1,Entrega de Juguetes,yautepec-entrega-de-juguetes,2026-01-21,"Poligonos Coordinados de Lenin 2026. Centro Poniente/Yautepec, Pilar Pérez Reyes-Samantha/Entrega de Juguetes/Entrega de Juguetes en Yautepec (4) 2026-01-21.jpeg"
FOTO-F6C34D19B2,Entrega de Juguetes en Yautepec (5) 2026-01-21.jpeg,1O-k3g3v_a5mGMYfKdtKxpU2Y9KuMW98L,https://drive.google.com/file/d/1O-k3g3v_a5mGMYfKdtKxpU2Y9KuMW98L/view,MUNICIPIO,MOSTRAR_MUNICIPIO,Centro,Yautepec,,Centro,Yautepec,,0,Promotor,Pilar Pérez Reyes-Samantha,,Lote por evento,/foto/FOTO-F6C34D19B2,,10,SI,f6c34d19b267e0df196ebdeb9c3d514bc43b076a3ef80e734a9e71f21fa65092,354970,1,Entrega de Juguetes,yautepec-entrega-de-juguetes,2026-01-21,"Poligonos Coordinados de Lenin 2026. Centro Poniente/Yautepec, Pilar Pérez Reyes-Samantha/Entrega de Juguetes/Entrega de Juguetes en Yautepec (5) 2026-01-21.jpeg"
FOTO-782F64FE7F,Entrega de Juguetes en Yautepec (6) 2026-01-21.jpeg,1ySySAQleeSpsQM9U7Pi6vmZTkhpLLaA7,https://drive.google.com/file/d/1ySySAQleeSpsQM9U7Pi6vmZTkhpLLaA7/view,MUNICIPIO,MOSTRAR_MUNICIPIO,Centro,Yautepec,,Centro,Yautepec,,0,Promotor,Pilar Pérez Reyes-Samantha,,Lote por evento,/foto/FOTO-782F64FE7F,,10,SI,782f64fe7f5ee138bc1d8d0fded3b5377ff536cbf21a0b63346b26a9caa417dc,480762,1,Entrega de Juguetes,yautepec-entrega-de-juguetes,2026-01-21,"Poligonos Coordinados de Lenin 2026. Centro Poniente/Yautepec, Pilar Pérez Reyes-Samantha/Entrega de Juguetes/Entrega de Juguetes en Yautepec (6) 2026-01-21.jpeg"
FOTO-F379A826F1,Entrega de Juguetes en Yautepec (7) 2026-01-21.jpeg,1rloBikHCKFUvOdV9Dv9Q1u4xS3_cSbh3,https://drive.google.com/file/d/1rloBikHCKFUvOdV9Dv9Q1u4xS3_cSbh3/view,MUNICIPIO,MOSTRAR_MUNICIPIO,Centro,Yautepec,,Centro,Yautepec,,0,Promotor,Pilar Pérez Reyes-Samantha,,Lote por evento,/foto/FOTO-F379A826F1,,10,SI,f379a826f1559dc8d8b1817234f2d0b9ba70e2b71038dbc0bada9dc1d86defc1,466379,1,Entrega de Juguetes,yautepec-entrega-de-juguetes,2026-01-21,"Poligonos Coordinados de Lenin 2026. Centro Poniente/Yautepec, Pilar Pérez Reyes-Samantha/Entrega de Juguetes/Entrega de Juguetes en Yautepec (7) 2026-01-21.jpeg"
FOTO-32DBD8F2C2,Entrega de Juguetes en Yautepec (8) 2026-01-21.jpeg,18D2CAYPJjILPonx1Y8zwDgvEiNEFKsi1,https://drive.google.com/file/d/18D2CAYPJjILPonx1Y8zwDgvEiNEFKsi1/view,MUNICIPIO,MOSTRAR_MUNICIPIO,Centro,Yautepec,,Centro,Yautepec,,0,Promotor,Pilar Pérez Reyes-Samantha,,Lote por evento,/foto/FOTO-32DBD8F2C2,,10,SI,32dbd8f2c26d528846c18e41b0e325a1a9677b221d8c92787f2067d54a121f09,396006,1,Entrega de Juguetes,yautepec-entrega-de-juguetes,2026-01-21,"Poligonos Coordinados de Lenin 2026. Centro Poniente/Yautepec, Pilar Pérez Reyes-Samantha/Entrega de Juguetes/Entrega de Juguetes en Yautepec (8) 2026-01-21.jpeg"
FOTO-4F7F53B594,Entrega de Juguetes en Yautepec (9) 2026-01-21.jpeg,1Ps50VyeTg_WV-uGGZQtBXaetAN-MHMfc,https://drive.google.com/file/d/1Ps50VyeTg_WV-uGGZQtBXaetAN-MHMfc/view,MUNICIPIO,MOSTRAR_MUNICIPIO,Centro,Yautepec,,Centro,Yautepec,,0,Promotor,Pilar Pérez Reyes-Samantha,,Lote por evento,/foto/FOTO-4F7F53B594,,10,SI,4f7f53b5942b58689adfca0c156c28bcb6215076dfa4a611a545880b2e4a127e,439347,1,Entrega de Juguetes,yautepec-entrega-de-juguetes,2026-01-21,"Poligonos Coordinados de Lenin 2026. Centro Poniente/Yautepec, Pilar Pérez Reyes-Samantha/Entrega de Juguetes/Entrega de Juguetes en Yautepec (9) 2026-01-21.jpeg"
FOTO-14824A71AD,Rosca de Reyes 1 2026-01-21.jpeg,1t_LTJFhj45qdJWrZQhoIL-vRgiT6POmR,https://drive.google.com/file/d/1t_LTJFhj45qdJWrZQhoIL-vRgiT6POmR/view,MUNICIPIO,MOSTRAR_MUNICIPIO,Centro,Yautepec,,Centro,Yautepec,,0,Promotor,Pilar Pérez Reyes-Samantha,,Lote por evento,/foto/FOTO-14824A71AD,,10,SI,14824a71adf50744d45367ff484b7e95eb2cf57ec2779734025ad93ec5ee1473,349348,1,Entrega de Juguetes,yautepec-entrega-de-juguetes,2026-01-21,"Poligonos Coordinados de Lenin 2026. Centro Poniente/Yautepec, Pilar Pérez Reyes-Samantha/Entrega de Juguetes/Rosca de Reyes 1 2026-01-21.jpeg"
FOTO-CA01D696D2,Rosca de Reyes 2  2026-01-21.jpeg,1xqdERq3C142EMl3RiL510NcLnMf6UVbw,https://drive.google.com/file/d/1xqdERq3C142EMl3RiL510NcLnMf6UVbw/view,MUNICIPIO,MOSTRAR_MUNICIPIO,Centro,Yautepec,,Centro,Yautepec,,0,Promotor,Pilar Pérez Reyes-Samantha,,Lote por evento,/foto/FOTO-CA01D696D2,,10,SI,ca01d696d2ce20f7ef735b70d2fad2b6da99b757c5107c8a5cd0a6d1a406cbdc,350105,1,Entrega de Juguetes,yautepec-entrega-de-juguetes,2026-01-21,"Poligonos Coordinados de Lenin 2026. Centro Poniente/Yautepec, Pilar Pérez Reyes-Samantha/Entrega de Juguetes/Rosca de Reyes 2  2026-01-21.jpeg"
FOTO-BDC71DEBA7,WhatsApp Image 2026-01-20 at 8.27.34 PM (1).jpeg,1T1yoGy3EmHyqcQjnVi0Uk4bUAWCP8giL,https://drive.google.com/file/d/1T1yoGy3EmHyqcQjnVi0Uk4bUAWCP8giL/view,MUNICIPIO,MOSTRAR_MUNICIPIO,Centro,Yautepec,,Centro,Yautepec,,0,Promotor,Pilar Pérez Reyes-Samantha,,Lote por evento,/foto/FOTO-BDC71DEBA7,,10,SI,bdc71deba7c5f36a251c2f07a13911db3e0bdc1456fd0858c4140d841f6a0d2b,176467,1,Programa Petate de Colores,yautepec-programa-petate-de-colores,2026-01-20,"Poligonos Coordinados de Lenin 2026. Centro Poniente/Yautepec, Pilar Pérez Reyes-Samantha/Programa Petate de Colores/WhatsApp Image 2026-01-20 at 8.27.34 PM (1).jpeg"
FOTO-79B3013E5D,WhatsApp Image 2026-01-20 at 8.27.34 PM.jpeg,16UexvcP6PjiC0mH61GF7F1aHPgb_lrXb,https://drive.google.com/file/d/16UexvcP6PjiC0mH61GF7F1aHPgb_lrXb/view,MUNICIPIO,MOSTRAR_MUNICIPIO,Centro,Yautepec,,Centro,Yautepec,,0,Promotor,Pilar Pérez Reyes-Samantha,,Lote por evento,/foto/FOTO-79B3013E5D,,10,SI,79b3013e5d041c308b871a7ed67a50202c71f167be0f462dc421386e310eed20,209435,1,Programa Petate de Colores,yautepec-programa-petate-de-colores,2026-01-20,"Poligonos Coordinados de Lenin 2026. Centro Poniente/Yautepec, Pilar Pérez Reyes-Samantha/Programa Petate de Colores/WhatsApp Image 2026-01-20 at 8.27.34 PM.jpeg"
FOTO-349870222D,"Proyecto de Pan Artesanal, Yautepec 1.jpeg",1RI9-cGnAk08B0FYxl_gVEmRWwAnBp0Rg,https://drive.google.com/file/d/1RI9-cGnAk08B0FYxl_gVEmRWwAnBp0Rg/view,MUNICIPIO,MOSTRAR_MUNICIPIO,Centro,Yautepec,,Centro,Yautepec,,0,Promotor,Pilar Pérez Reyes-Samantha,,Lote por evento,/foto/FOTO-349870222D,,10,SI,349870222d8a805e8b96a26af7a0eb59631e6f4a51d90b7715440f570ae070cc,112217,1,Proyecto de Pan Artesanal,yautepec-talleres-proyecto-de-pan-artesanal,,"Poligonos Coordinados de Lenin 2026. Centro Poniente/Yautepec, Pilar Pérez Reyes-Samantha/Talleres/Proyecto de Pan Artesanal/Proyecto de Pan Artesanal, Yautepec 1.jpeg"
FOTO-7548E7B759,"Proyecto de Pan Artesanal, Yautepec 2.jpeg",1TdyWDWH5_KskqDTY5YkdGHQ_Ni-jMeMh,https://drive.google.com/file/d/1TdyWDWH5_KskqDTY5YkdGHQ_Ni-jMeMh/view,MUNICIPIO,MOSTRAR_MUNICIPIO,Centro,Yautepec,,Centro,Yautepec,,0,Promotor,Pilar Pérez Reyes-Samantha,,Lote por evento,/foto/FOTO-7548E7B759,,10,SI,7548e7b7598cf002f9dfbac86b68f971ada61efdc9efb4453e6a587be63bdb2d,131377,1,Proyecto de Pan Artesanal,yautepec-talleres-proyecto-de-pan-artesanal,,"Poligonos Coordinados de Lenin 2026. Centro Poniente/Yautepec, Pilar Pérez Reyes-Samantha/Talleres/Proyecto de Pan Artesanal/Proyecto de Pan Artesanal, Yautepec 2.jpeg"
FOTO-777CC2FFED,Taller de Pan Artesanal 3.jpeg,15rxlQWgsWHajnujmSLa44-643omE1J-r,https://drive.google.com/file/d/15rxlQWgsWHajnujmSLa44-643omE1J-r/view,MUNICIPIO,MOSTRAR_MUNICIPIO,Centro,Yautepec,,Centro,Yautepec,,0,Promotor,Pilar Pérez Reyes-Samantha,,Lote por evento,/foto/FOTO-777CC2FFED,,10,SI,777cc2ffedf1231b93977508b079da12e7cd59cef997e119dc2de27e91c6ff3e,260623,1,Proyecto de Pan Artesanal,yautepec-talleres-proyecto-de-pan-artesanal,,"Poligonos Coordinados de Lenin 2026. Centro Poniente/Yautepec, Pilar Pérez Reyes-Samantha/Talleres/Proyecto de Pan Artesanal/Taller de Pan Artesanal 3.jpeg"
FOTO-138FC430F8,Taller de pan artesanal en Yautepec 2.jpeg,1N27Km3YtHTr0Gt8Y7eo0tsKXf_e55eqd,https://drive.google.com/file/d/1N27Km3YtHTr0Gt8Y7eo0tsKXf_e55eqd/view,MUNICIPIO,MOSTRAR_MUNICIPIO,Centro,Yautepec,,Centro,Yautepec,,0,Promotor,Pilar Pérez Reyes-Samantha,,Lote por evento,/foto/FOTO-138FC430F8,,10,SI,138fc430f8459eaa812762f4c035760507f0a16715b617860513ec43af2325f7,324350,1,Proyecto de Pan Artesanal,yautepec-talleres-proyecto-de-pan-artesanal,,"Poligonos Coordinados de Lenin 2026. Centro Poniente/Yautepec, Pilar Pérez Reyes-Samantha/Talleres/Proyecto de Pan Artesanal/Taller de pan artesanal en Yautepec 2.jpeg"
FOTO-62DF8A2D23,Taller de horno en Yautepec 1.jpeg,1P2Fptu_rTUlCO3B_ZxI-5d_0y3fqTXfg,https://drive.google.com/file/d/1P2Fptu_rTUlCO3B_ZxI-5d_0y3fqTXfg/view,MUNICIPIO,MOSTRAR_MUNICIPIO,Centro,Yautepec,,Centro,Yautepec,,0,Promotor,Pilar Pérez Reyes-Samantha,,Lote por evento,/foto/FOTO-62DF8A2D23,,10,SI,62df8a2d235edfa55280b3f0a083334d6c4187eb8a9fde434e57b3a9e402b5cd,391107,1,Taller de Horno,yautepec-talleres-taller-de-horno,,"Poligonos Coordinados de Lenin 2026. Centro Poniente/Yautepec, Pilar Pérez Reyes-Samantha/Talleres/Taller de Horno/Taller de horno en Yautepec 1.jpeg"
FOTO-04B6189345,Taller de Horno en Yautepec 2.jpeg,19K0sR9sGW1_akqJVfG8WinefAmKgxNwp,https://drive.google.com/file/d/19K0sR9sGW1_akqJVfG8WinefAmKgxNwp/view,MUNICIPIO,MOSTRAR_MUNICIPIO,Centro,Yautepec,,Centro,Yautepec,,0,Promotor,Pilar Pérez Reyes-Samantha,,Lote por evento,/foto/FOTO-04B6189345,,10,SI,04b61893451bc9e2b4eb4f9aa4e6718ad171a9f0f98223cdd4fb3d755da7ae29,336477,1,Taller de Horno,yautepec-talleres-taller-de-horno,,"Poligonos Coordinados de Lenin 2026. Centro Poniente/Yautepec, Pilar Pérez Reyes-Samantha/Talleres/Taller de Horno/Taller de Horno en Yautepec 2.jpeg"
FOTO-FD76BDD325,"Taller de reposteria 2, El copalar.jpeg",1p-2DMWIJvEp7BtcUhyxqSN4K00ORfCEa,https://drive.google.com/file/d/1p-2DMWIJvEp7BtcUhyxqSN4K00ORfCEa/view,MUNICIPIO,MOSTRAR_MUNICIPIO,Centro,Yautepec,,Centro,Yautepec,,0,Promotor,Pilar Pérez Reyes-Samantha,,Lote por evento,/foto/FOTO-FD76BDD325,,10,SI,fd76bdd3250c3ccfeacfce62f223de8fa695468b8a790e8f75d69f8e666d145d,413539,1,Talleres,yautepec-talleres,,"Poligonos Coordinados de Lenin 2026. Centro Poniente/Yautepec, Pilar Pérez Reyes-Samantha/Talleres/Taller de reposteria 2, El copalar.jpeg"
FOTO-236A74CC7B,"Taller de tallado de madera, Col. San Isidro, Yautepec 1..jpeg",14jX2P7Vc95Hobnudz-6e2Xpn6-WvgQod,https://drive.google.com/file/d/14jX2P7Vc95Hobnudz-6e2Xpn6-WvgQod/view,MUNICIPIO,MOSTRAR_MUNICIPIO,Centro,Yautepec,,Centro,Yautepec,,0,Promotor,Pilar Pérez Reyes-Samantha,,Lote por evento,/foto/FOTO-236A74CC7B,,10,SI,236a74cc7be4358321de734ed737ab676023230a9b707baaab9512bfc89ec478,162494,1,Taller de tallado de Madera,yautepec-talleres-taller-de-tallado-de-madera,,"Poligonos Coordinados de Lenin 2026. Centro Poniente/Yautepec, Pilar Pérez Reyes-Samantha/Talleres/Taller de tallado de Madera/Taller de tallado de madera, Col. San Isidro, Yautepec 1..jpeg"
FOTO-9865EAC061,"Taller de tallado de madera, Col. San Isidro, Yautepec 3.jpeg",1thrq9BAQuIFtNBCHJgAROz3yvjGK6Jku,https://drive.google.com/file/d/1thrq9BAQuIFtNBCHJgAROz3yvjGK6Jku/view,MUNICIPIO,MOSTRAR_MUNICIPIO,Centro,Yautepec,,Centro,Yautepec,,0,Promotor,Pilar Pérez Reyes-Samantha,,Lote por evento,/foto/FOTO-9865EAC061,,10,SI,9865eac06159f795c77280d6be540a7c9e3e2812319eb3fbe950a87960e7c498,228100,1,Taller de tallado de Madera,yautepec-talleres-taller-de-tallado-de-madera,,"Poligonos Coordinados de Lenin 2026. Centro Poniente/Yautepec, Pilar Pérez Reyes-Samantha/Talleres/Taller de tallado de Madera/Taller de tallado de madera, Col. San Isidro, Yautepec 3.jpeg"
FOTO-15F3498AE7,Taller de tallado en madera 1.jpeg,1VW7LAk_IPkTvhEPrczlY4RLuzTJO9YR9,https://drive.google.com/file/d/1VW7LAk_IPkTvhEPrczlY4RLuzTJO9YR9/view,MUNICIPIO,MOSTRAR_MUNICIPIO,Centro,Yautepec,,Centro,Yautepec,,0,Promotor,Pilar Pérez Reyes-Samantha,,Lote por evento,/foto/FOTO-15F3498AE7,,10,SI,15f3498ae76048e7ca5c0e5e1ffb1bae5643c558aa9924be3187a40e55d2e4f6,161587,1,Taller de tallado de Madera,yautepec-talleres-taller-de-tallado-de-madera,,"Poligonos Coordinados de Lenin 2026. Centro Poniente/Yautepec, Pilar Pérez Reyes-Samantha/Talleres/Taller de tallado de Madera/Taller de tallado en madera 1.jpeg"
FOTO-4ED13879F0,"Taller de tallado en madera, San Isidro Yautepec, Morelos 1..jpeg",1bgydS5qI2CUbXLUByJeAL0QMA-pmGrOA,https://drive.google.com/file/d/1bgydS5qI2CUbXLUByJeAL0QMA-pmGrOA/view,MUNICIPIO,MOSTRAR_MUNICIPIO,Centro,Yautepec,,Centro,Yautepec,,0,Promotor,Pilar Pérez Reyes-Samantha,,Lote por evento,/foto/FOTO-4ED13879F0,,10,SI,4ed13879f0ccf223c262dd98907ab1fc14200134555484a06f233258eea969ef,216658,1,Taller de tallado de Madera,yautepec-talleres-taller-de-tallado-de-madera,,"Poligonos Coordinados de Lenin 2026. Centro Poniente/Yautepec, Pilar Pérez Reyes-Samantha/Talleres/Taller de tallado de Madera/Taller de tallado en madera, San Isidro Yautepec, Morelos 1..jpeg"
FOTO-851DE24E90,Talleres en San Isidro Yautepec 1.jpeg,17jV2xyXYVnMWxv1ilyoJOZRLUGXCLhz4,https://drive.google.com/file/d/17jV2xyXYVnMWxv1ilyoJOZRLUGXCLhz4/view,MUNICIPIO,MOSTRAR_MUNICIPIO,Centro,Yautepec,,Centro,Yautepec,,0,Promotor,Pilar Pérez Reyes-Samantha,,Lote por evento,/foto/FOTO-851DE24E90,,10,SI,851de24e901eccaa23c1383611212a39f9c0a5eacf1094796c6ff22a1d0b0bf9,323319,1,Talleres,yautepec-talleres,,"Poligonos Coordinados de Lenin 2026. Centro Poniente/Yautepec, Pilar Pérez Reyes-Samantha/Talleres/Talleres en San Isidro Yautepec 1.jpeg"
FOTO-CC1E1BB628,Talleres en San Isidro Yautepec 2.jpeg,1UZXVOt6fNg_kHhR2OPjgkwM88HXGz5NY,https://drive.google.com/file/d/1UZXVOt6fNg_kHhR2OPjgkwM88HXGz5NY/view,MUNICIPIO,MOSTRAR_MUNICIPIO,Centro,Yautepec,,Centro,Yautepec,,0,Promotor,Pilar Pérez Reyes-Samantha,,Lote por evento,/foto/FOTO-CC1E1BB628,,10,SI,cc1e1bb628a7d4816d8913df06380ed69dbd1f76973c9c0a477958b56790837a,182558,1,Talleres,yautepec-talleres,,"Poligonos Coordinados de Lenin 2026. Centro Poniente/Yautepec, Pilar Pérez Reyes-Samantha/Talleres/Talleres en San Isidro Yautepec 2.jpeg"
FOTO-26A76167F7,"Visita con la comunidad de San Isidro, Yautepec al Papalote Museo del Niño Cuernavaca 2026-08-27.jpeg",1MAfHdcJKMM1UW8XRp_QRseIOuQv7eCdU,https://drive.google.com/file/d/1MAfHdcJKMM1UW8XRp_QRseIOuQv7eCdU/view,MUNICIPIO,MOSTRAR_MUNICIPIO,Centro,Yautepec,,Centro,Yautepec,,0,Promotor,Pilar Pérez Reyes-Samantha,,Lote por evento,/foto/FOTO-26A76167F7,,10,SI,26a76167f7666d4d857bc883120e92791a208378a4ff0ca964a37ce01b050c62,167765,1,"Visita con la comunidad de San Isidro, Yautepec al Papalote Museo del Niño Cuernavaca",yautepec-visita-con-la-comunidad-de-san-isidro-yautepec-al-papalote-museo-del-nino-cuernavaca,2026-08-27,"Poligonos Coordinados de Lenin 2026. Centro Poniente/Yautepec, Pilar Pérez Reyes-Samantha/Visita con la comunidad de San Isidro, Yautepec al Papalote Museo del Niño Cuernavaca 2026-08-27.jpeg"
FOTO-7C419B6287,"Campo el Jicamal, Plan Comunitario, 28 de junio de 2026..jpeg",1E-LJ9sWEVIPgcQ-es5bk2BgpoYV87cOS,https://drive.google.com/file/d/1E-LJ9sWEVIPgcQ-es5bk2BgpoYV87cOS/view,MUNICIPIO,MOSTRAR_MUNICIPIO,Oriente,Axochiapan,,Oriente,Axochiapan,,0,Promotor,Olga Ramírez García,,Lote por evento,/foto/FOTO-7C419B6287,,10,SI,7c419b6287ad457cbd8fe7cc472a41f65a80a474a00c83857536e8acff4e7b82,234937,1,Consejo Comunitario,axochiapan-consejo-comunitario,2026-06-28,"Poligonos coordinados por  Dante Alquicira 2026. Oriente Sur/Axochiapan, Olga Ramírez García/Consejo Comunitario/Campo el Jicamal, Plan Comunitario, 28 de junio de 2026..jpeg"
FOTO-F755DD0241,Consejo comunitario 1.jpeg,1hWb_9DvqfNa3-7PH4lw5KIci82P_Lgsr,https://drive.google.com/file/d/1hWb_9DvqfNa3-7PH4lw5KIci82P_Lgsr/view,MUNICIPIO,MOSTRAR_MUNICIPIO,Oriente,Axochiapan,,Oriente,Axochiapan,,0,Promotor,Olga Ramírez García,,Lote por evento,/foto/FOTO-F755DD0241,,10,SI,f755dd0241915ff3ae97098ead83330d5bb3ce3c209ade3661b6ab98a08f6e4e,330784,1,Consejo Comunitario,axochiapan-consejo-comunitario,,"Poligonos coordinados por  Dante Alquicira 2026. Oriente Sur/Axochiapan, Olga Ramírez García/Consejo Comunitario/Consejo comunitario 1.jpeg"
FOTO-AF49EAFDA6,Consejo comunitario 2.jpeg,1SSJnXrPwRiqt9LiRzUHRUVbbPuhRSUAv,https://drive.google.com/file/d/1SSJnXrPwRiqt9LiRzUHRUVbbPuhRSUAv/view,MUNICIPIO,MOSTRAR_MUNICIPIO,Oriente,Axochiapan,,Oriente,Axochiapan,,0,Promotor,Olga Ramírez García,,Lote por evento,/foto/FOTO-AF49EAFDA6,,10,SI,af49eafda67432500527cf1753e8d2682140d528f1f365fa7c2ccdd707971db8,324987,1,Consejo Comunitario,axochiapan-consejo-comunitario,,"Poligonos coordinados por  Dante Alquicira 2026. Oriente Sur/Axochiapan, Olga Ramírez García/Consejo Comunitario/Consejo comunitario 2.jpeg"
FOTO-84726F4D96,Consejo Comunitario Jicamal..jpeg,1XW4T92psAkMq1fl_4LbufodEHZ7z1MPv,https://drive.google.com/file/d/1XW4T92psAkMq1fl_4LbufodEHZ7z1MPv/view,MUNICIPIO,MOSTRAR_MUNICIPIO,Oriente,Axochiapan,,Oriente,Axochiapan,,0,Promotor,Olga Ramírez García,,Lote por evento,/foto/FOTO-84726F4D96,,10,SI,84726f4d962f31d39945e51f859bafcb30d17c112bdeacb048c1ba815b331993,1961840,1,Consejo Comunitario,axochiapan-consejo-comunitario,,"Poligonos coordinados por  Dante Alquicira 2026. Oriente Sur/Axochiapan, Olga Ramírez García/Consejo Comunitario/Consejo Comunitario Jicamal..jpeg"
FOTO-2186F8A842,Consejo Comunitario Telixtac..jpeg,1pT5aAeXLZFjVhQAgMYkaZ_uHuZZ57LSr,https://drive.google.com/file/d/1pT5aAeXLZFjVhQAgMYkaZ_uHuZZ57LSr/view,MUNICIPIO,MOSTRAR_MUNICIPIO,Oriente,Axochiapan,,Oriente,Axochiapan,,0,Promotor,Olga Ramírez García,,Lote por evento,/foto/FOTO-2186F8A842,,10,SI,2186f8a84222020af82b9bc3193ceb2dacc08439830cd78114a6a7ef948e1ab1,1384598,1,Consejo Comunitario,axochiapan-consejo-comunitario,,"Poligonos coordinados por  Dante Alquicira 2026. Oriente Sur/Axochiapan, Olga Ramírez García/Consejo Comunitario/Consejo Comunitario Telixtac..jpeg"
FOTO-4AE6B2D086,Elección de consejo Jicamal.jpeg,1NqzsTXyOARUhXUt2lXzTSk7KvzQ3ZECx,https://drive.google.com/file/d/1NqzsTXyOARUhXUt2lXzTSk7KvzQ3ZECx/view,MUNICIPIO,MOSTRAR_MUNICIPIO,Oriente,Axochiapan,,Oriente,Axochiapan,,0,Promotor,Olga Ramírez García,,Lote por evento,/foto/FOTO-4AE6B2D086,,10,SI,4ae6b2d0863fa81e0df45a6d0c5f51aaf1bb9ba1058bd805ff828d39b5ad3322,1461311,1,Consejo Comunitario,axochiapan-consejo-comunitario,,"Poligonos coordinados por  Dante Alquicira 2026. Oriente Sur/Axochiapan, Olga Ramírez García/Consejo Comunitario/Elección de consejo Jicamal.jpeg"
FOTO-4B48DF9BD2,Elección de Consejo Telixtac.jpeg,10JkAuH6SM7Dgfq3QFYCy0XrMJM5_VL_I,https://drive.google.com/file/d/10JkAuH6SM7Dgfq3QFYCy0XrMJM5_VL_I/view,MUNICIPIO,MOSTRAR_MUNICIPIO,Oriente,Axochiapan,,Oriente,Axochiapan,,0,Promotor,Olga Ramírez García,,Lote por evento,/foto/FOTO-4B48DF9BD2,,10,SI,4b48df9bd25fbcfb285cb566817e4ba855fc36151473cd162f6f8078155a15da,1707132,1,Consejo Comunitario,axochiapan-consejo-comunitario,,"Poligonos coordinados por  Dante Alquicira 2026. Oriente Sur/Axochiapan, Olga Ramírez García/Consejo Comunitario/Elección de Consejo Telixtac.jpeg"
FOTO-52E5A30CA5,En reunión con los consejos de Telixtac y Campo el Jicamal 1.jpeg,1naTuAADOASSPE7Nv77iK53lZdH1q9r2y,https://drive.google.com/file/d/1naTuAADOASSPE7Nv77iK53lZdH1q9r2y/view,MUNICIPIO,MOSTRAR_MUNICIPIO,Oriente,Axochiapan,,Oriente,Axochiapan,,0,Promotor,Olga Ramírez García,,Lote por evento,/foto/FOTO-52E5A30CA5,,10,SI,52e5a30ca53571b478e5ca0b00f40194ec127c3fbee53f3962a6488d61bc1fa0,165686,1,Consejo Comunitario,axochiapan-consejo-comunitario,,"Poligonos coordinados por  Dante Alquicira 2026. Oriente Sur/Axochiapan, Olga Ramírez García/Consejo Comunitario/En reunión con los consejos de Telixtac y Campo el Jicamal 1.jpeg"
FOTO-BD4D8EA204,En reunión con los consejos de Telixtac y Campo el Jicamal 2.jpeg,1x0VhjTZp-NnYJGU-6vqw9O3Zhz5wcmff,https://drive.google.com/file/d/1x0VhjTZp-NnYJGU-6vqw9O3Zhz5wcmff/view,MUNICIPIO,MOSTRAR_MUNICIPIO,Oriente,Axochiapan,,Oriente,Axochiapan,,0,Promotor,Olga Ramírez García,,Lote por evento,/foto/FOTO-BD4D8EA204,,10,SI,bd4d8ea204bd322ee18c4f6d74aed8963c4e4661510b647ec9fe0b2a65e24713,322471,1,Consejo Comunitario,axochiapan-consejo-comunitario,,"Poligonos coordinados por  Dante Alquicira 2026. Oriente Sur/Axochiapan, Olga Ramírez García/Consejo Comunitario/En reunión con los consejos de Telixtac y Campo el Jicamal 2.jpeg"
FOTO-5F2B6D5C4D,"Grupo cultural de Tejido, convivencia, Vergel Santa Cruz   2026-09-14.jpeg",1iDFNBmQNeWES5pnzGahJYKYW0qxNhMfi,https://drive.google.com/file/d/1iDFNBmQNeWES5pnzGahJYKYW0qxNhMfi/view,MUNICIPIO,MOSTRAR_MUNICIPIO,Oriente,Axochiapan,,Oriente,Axochiapan,,0,Promotor,Olga Ramírez García,,Lote por evento,/foto/FOTO-5F2B6D5C4D,,10,SI,5f2b6d5c4d75440c9ae1faa95ec28547e6e9fdc5178df5f82d7e0de93714a6b0,214473,1,Consejo Comunitario,axochiapan-consejo-comunitario,2026-09-14,"Poligonos coordinados por  Dante Alquicira 2026. Oriente Sur/Axochiapan, Olga Ramírez García/Consejo Comunitario/Grupo cultural de Tejido, convivencia, Vergel Santa Cruz   2026-09-14.jpeg"
FOTO-241C24F110,"inicio de Asamblea en comunidad de Telixtac, Axochiapan, para Planes de Desarrollo 2026-09-06.jpeg",1WeU9Oe6PTVhcubu3PT2nCQ6qThVgf8Kw,https://drive.google.com/file/d/1WeU9Oe6PTVhcubu3PT2nCQ6qThVgf8Kw/view,MUNICIPIO,MOSTRAR_MUNICIPIO,Oriente,Axochiapan,,Oriente,Axochiapan,,0,Promotor,Olga Ramírez García,,Lote por evento,/foto/FOTO-241C24F110,,10,SI,241c24f110d72f0e39ed2a749b69c82ca13ca5170285d847b21997a5c6aa3f5d,165615,1,Consejo Comunitario,axochiapan-consejo-comunitario,2026-09-06,"Poligonos coordinados por  Dante Alquicira 2026. Oriente Sur/Axochiapan, Olga Ramírez García/Consejo Comunitario/inicio de Asamblea en comunidad de Telixtac, Axochiapan, para Planes de Desarrollo 2026-09-06.jpeg"
FOTO-81CC98E8F9,"Reunión con Campo Jicamal, Axochiapan en Torno a Planes de Desarrollo 1 2026-09-09.jpeg",1lHNDP6yGpjke8n8hB3mhL09oW8qUTHP9,https://drive.google.com/file/d/1lHNDP6yGpjke8n8hB3mhL09oW8qUTHP9/view,MUNICIPIO,MOSTRAR_MUNICIPIO,Oriente,Axochiapan,,Oriente,Axochiapan,,0,Promotor,Olga Ramírez García,,Lote por evento,/foto/FOTO-81CC98E8F9,,10,SI,81cc98e8f91122fe58f757c250da54146b5a647829f954b8a010488c0a177402,317546,1,Consejo Comunitario,axochiapan-consejo-comunitario,2026-09-09,"Poligonos coordinados por  Dante Alquicira 2026. Oriente Sur/Axochiapan, Olga Ramírez García/Consejo Comunitario/Reunión con Campo Jicamal, Axochiapan en Torno a Planes de Desarrollo 1 2026-09-09.jpeg"
FOTO-56C5B383D2,"Reunión con Campo Jicamal, Axochiapan en Torno a Planes de Desarrollo 2 2026-09-09.jpeg",1kRnlLITvv-1AkV7rKyzT8s1fwfNkrcau,https://drive.google.com/file/d/1kRnlLITvv-1AkV7rKyzT8s1fwfNkrcau/view,MUNICIPIO,MOSTRAR_MUNICIPIO,Oriente,Axochiapan,,Oriente,Axochiapan,,0,Promotor,Olga Ramírez García,,Lote por evento,/foto/FOTO-56C5B383D2,,10,SI,56c5b383d2f0a08c7862162f7d17335c4bee2be8c27b3367d1c8fe911b2ac11c,229930,1,Consejo Comunitario,axochiapan-consejo-comunitario,2026-09-09,"Poligonos coordinados por  Dante Alquicira 2026. Oriente Sur/Axochiapan, Olga Ramírez García/Consejo Comunitario/Reunión con Campo Jicamal, Axochiapan en Torno a Planes de Desarrollo 2 2026-09-09.jpeg"
FOTO-813C43411C,Reunión de Consejo Comunitario del Campo el Jicamal (i) 2026-09-01.jpeg,1J3zBfyWvvz9HX1CktZKAJbavtyc_nvbi,https://drive.google.com/file/d/1J3zBfyWvvz9HX1CktZKAJbavtyc_nvbi/view,MUNICIPIO,MOSTRAR_MUNICIPIO,Oriente,Axochiapan,,Oriente,Axochiapan,,0,Promotor,Olga Ramírez García,,Lote por evento,/foto/FOTO-813C43411C,,10,SI,813c43411cc3f3d0923d9f3524a475e01607e3f7ebbccacad7f119105626bea8,232716,1,Consejo Comunitario,axochiapan-consejo-comunitario,2026-09-01,"Poligonos coordinados por  Dante Alquicira 2026. Oriente Sur/Axochiapan, Olga Ramírez García/Consejo Comunitario/Reunión de Consejo Comunitario del Campo el Jicamal (i) 2026-09-01.jpeg"
FOTO-6B0D74E01B,Reunión de Consejo Comunitario del Campo el Jicamal (ii) 2026-09-01.jpeg,1nSd5Te_lAkUogMywW3m4EVDffnle67H8,https://drive.google.com/file/d/1nSd5Te_lAkUogMywW3m4EVDffnle67H8/view,MUNICIPIO,MOSTRAR_MUNICIPIO,Oriente,Axochiapan,,Oriente,Axochiapan,,0,Promotor,Olga Ramírez García,,Lote por evento,/foto/FOTO-6B0D74E01B,,10,SI,6b0d74e01bfb4884d6a029331ddcf05e1ad9c65a37dc1460f6bd6829a1df311a,205397,1,Consejo Comunitario,axochiapan-consejo-comunitario,2026-09-01,"Poligonos coordinados por  Dante Alquicira 2026. Oriente Sur/Axochiapan, Olga Ramírez García/Consejo Comunitario/Reunión de Consejo Comunitario del Campo el Jicamal (ii) 2026-09-01.jpeg"
FOTO-76A3438511,WhatsApp Image 2026-01-21 at 10.53.07 AM (10).jpeg,1tsMqg6W14e5nD9kh6HNzc4afVjdUwQlk,https://drive.google.com/file/d/1tsMqg6W14e5nD9kh6HNzc4afVjdUwQlk/view,MUNICIPIO,MOSTRAR_MUNICIPIO,Oriente,Axochiapan,,Oriente,Axochiapan,,0,Promotor,Olga Ramírez García,,Lote por evento,/foto/FOTO-76A3438511,,10,SI,76a3438511a1aff1974f80683f1cd47fe50aea04f5a525fc5a02de9fd2cc3d8d,280587,1,Consejo Comunitario,axochiapan-consejo-comunitario,2026-01-21,"Poligonos coordinados por  Dante Alquicira 2026. Oriente Sur/Axochiapan, Olga Ramírez García/Consejo Comunitario/WhatsApp Image 2026-01-21 at 10.53.07 AM (10).jpeg"
FOTO-B72CE1EDA4,Campo Jicamal. Taller de Bolsa Tejida 1. 25012026.jpeg,19R7ZcC19W6Ft_IlwbWvTjZvdiK9zqNxY,https://drive.google.com/file/d/19R7ZcC19W6Ft_IlwbWvTjZvdiK9zqNxY/view,MUNICIPIO,MOSTRAR_MUNICIPIO,Oriente,Axochiapan,,Oriente,Axochiapan,,0,Promotor,Olga Ramírez García,,Lote por evento,/foto/FOTO-B72CE1EDA4,,10,SI,b72ce1eda420325bfd224b060aa0464d4a8304bb53d17180d8ecbeaff5450a60,209436,1,Curso ICATMOR,axochiapan-curso-icatmor,2026-01-25,"Poligonos coordinados por  Dante Alquicira 2026. Oriente Sur/Axochiapan, Olga Ramírez García/Curso ICATMOR/Campo Jicamal. Taller de Bolsa Tejida 1. 25012026.jpeg"
FOTO-CDE3D44355,Campo Jicamal. Taller de Bolsa Tejida 2. 25012026.jpeg,1tl61I8ueKxAmUpDtL3BqO4Gz6TrJunis,https://drive.google.com/file/d/1tl61I8ueKxAmUpDtL3BqO4Gz6TrJunis/view,MUNICIPIO,MOSTRAR_MUNICIPIO,Oriente,Axochiapan,,Oriente,Axochiapan,,0,Promotor,Olga Ramírez García,,Lote por evento,/foto/FOTO-CDE3D44355,,10,SI,cde3d44355ff4925e668bb491c32048080a952c1e5b5a207e99c1a14a1c8b244,222452,1,Curso ICATMOR,axochiapan-curso-icatmor,2026-01-25,"Poligonos coordinados por  Dante Alquicira 2026. Oriente Sur/Axochiapan, Olga Ramírez García/Curso ICATMOR/Campo Jicamal. Taller de Bolsa Tejida 2. 25012026.jpeg"
FOTO-AB75DB2A70,Campo Jicamal. Taller de Bolsa Tejida 3. 25012026.jpeg,10UH55k8xqOFtyqbQ5oT6EXiNRErOWR64,https://drive.google.com/file/d/10UH55k8xqOFtyqbQ5oT6EXiNRErOWR64/view,MUNICIPIO,MOSTRAR_MUNICIPIO,Oriente,Axochiapan,,Oriente,Axochiapan,,0,Promotor,Olga Ramírez García,,Lote por evento,/foto/FOTO-AB75DB2A70,,10,SI,ab75db2a707c5aa37f94d2adb0899c0ad60598d2168d576891d8aa3afe05ff1d,251778,1,Curso ICATMOR,axochiapan-curso-icatmor,2026-01-25,"Poligonos coordinados por  Dante Alquicira 2026. Oriente Sur/Axochiapan, Olga Ramírez García/Curso ICATMOR/Campo Jicamal. Taller de Bolsa Tejida 3. 25012026.jpeg"
FOTO-9716B823C1,Campo Jicamal. Taller de Bolsa Tejida 4. 25012026.jpeg,1ronfQDsvkfvW4kB1vYLyncQ9tXnMrxx9,https://drive.google.com/file/d/1ronfQDsvkfvW4kB1vYLyncQ9tXnMrxx9/view,MUNICIPIO,MOSTRAR_MUNICIPIO,Oriente,Axochiapan,,Oriente,Axochiapan,,0,Promotor,Olga Ramírez García,,Lote por evento,/foto/FOTO-9716B823C1,,10,SI,9716b823c127121b2d6eb45bd61ea88e91dd4e35758b78055ba39282100a680c,251044,1,Curso ICATMOR,axochiapan-curso-icatmor,2026-01-25,"Poligonos coordinados por  Dante Alquicira 2026. Oriente Sur/Axochiapan, Olga Ramírez García/Curso ICATMOR/Campo Jicamal. Taller de Bolsa Tejida 4. 25012026.jpeg"
FOTO-440BA56628,Curso ICATMOR de bolsa artesanal en Toquilla en la colonia el Jicamal.jpeg,1uByGhxiZqMTPxgzzC1ppiZUhvaRKJrld,https://drive.google.com/file/d/1uByGhxiZqMTPxgzzC1ppiZUhvaRKJrld/view,MUNICIPIO,MOSTRAR_MUNICIPIO,Oriente,Axochiapan,,Oriente,Axochiapan,,0,Promotor,Olga Ramírez García,,Lote por evento,/foto/FOTO-440BA56628,,10,SI,440ba56628af89a153af8ccfdc333d6913809a1756400ad80d912857e8097302,301693,1,Curso ICATMOR,axochiapan-curso-icatmor,,"Poligonos coordinados por  Dante Alquicira 2026. Oriente Sur/Axochiapan, Olga Ramírez García/Curso ICATMOR/Curso ICATMOR de bolsa artesanal en Toquilla en la colonia el Jicamal.jpeg"
FOTO-A56AEC35CA,Curso ICATMOR. Elaboración de bolsa artesalan de Toquilla. Campo Jicamal.jpeg,1eOwQlOxKA2PdAEfzQJLmTFa67vnQbRTJ,https://drive.google.com/file/d/1eOwQlOxKA2PdAEfzQJLmTFa67vnQbRTJ/view,MUNICIPIO,MOSTRAR_MUNICIPIO,Oriente,Axochiapan,,Oriente,Axochiapan,,0,Promotor,Olga Ramírez García,,Lote por evento,/foto/FOTO-A56AEC35CA,,10,SI,a56aec35ca815af5c9b307291238ff899670b41c8fa772e60bb72c43c83b013a,148534,1,Curso ICATMOR,axochiapan-curso-icatmor,,"Poligonos coordinados por  Dante Alquicira 2026. Oriente Sur/Axochiapan, Olga Ramírez García/Curso ICATMOR/Curso ICATMOR. Elaboración de bolsa artesalan de Toquilla. Campo Jicamal.jpeg"
FOTO-708DBBCECA,Entrega de computadoras a primaria en Telixtac 2. 26062026.jpeg,1zfPlicZX7OU3HRMj8JxkL-QP8j6bfQAX,https://drive.google.com/file/d/1zfPlicZX7OU3HRMj8JxkL-QP8j6bfQAX/view,MUNICIPIO,MOSTRAR_MUNICIPIO,Oriente,Axochiapan,,Oriente,Axochiapan,,0,Promotor,Olga Ramírez García,,Lote por evento,/foto/FOTO-708DBBCECA,,10,SI,708dbbceca615d42194f7019eac0c99f33b0eda2a024b3f2c727fcf3e490f271,258642,1,Entrega de computadoras,axochiapan-entrega-de-computadoras,2026-06-26,"Poligonos coordinados por  Dante Alquicira 2026. Oriente Sur/Axochiapan, Olga Ramírez García/Entrega de computadoras/Entrega de computadoras a primaria en Telixtac 2. 26062026.jpeg"
FOTO-6D2DC8F632,Entrega de computadoras a primaria en Telixtac 3. 26062026.jpeg,1AVgvuafiOdQsz4T4UrSKzuQIKSvEg2-3,https://drive.google.com/file/d/1AVgvuafiOdQsz4T4UrSKzuQIKSvEg2-3/view,MUNICIPIO,MOSTRAR_MUNICIPIO,Oriente,Axochiapan,,Oriente,Axochiapan,,0,Promotor,Olga Ramírez García,,Lote por evento,/foto/FOTO-6D2DC8F632,,10,SI,6d2dc8f632eeddef37655a3bd3b35d2bd6cbfe91d77a802e2afcca12253213f0,197814,1,Entrega de computadoras,axochiapan-entrega-de-computadoras,2026-06-26,"Poligonos coordinados por  Dante Alquicira 2026. Oriente Sur/Axochiapan, Olga Ramírez García/Entrega de computadoras/Entrega de computadoras a primaria en Telixtac 3. 26062026.jpeg"
FOTO-258453176B,"Visita de la Comisión Estatal de Evaluación del Estado de Morelos, 2 Calmecac y 1 Petate de Colores 1.jpeg",1IUhSi1TMF3iQEZWTp5W5qOByuw-zPru7,https://drive.google.com/file/d/1IUhSi1TMF3iQEZWTp5W5qOByuw-zPru7/view,MUNICIPIO,MOSTRAR_MUNICIPIO,Oriente,Axochiapan,,Oriente,Axochiapan,,0,Promotor,Olga Ramírez García,,Lote por evento,/foto/FOTO-258453176B,,10,SI,258453176ba3702ea0bdfdebfb87f233c51211a492b9077cbde0d874f9488a36,147840,1,Petate de Colores,axochiapan-petate-de-colores,,"Poligonos coordinados por  Dante Alquicira 2026. Oriente Sur/Axochiapan, Olga Ramírez García/Petate de Colores/Visita de la Comisión Estatal de Evaluación del Estado de Morelos, 2 Calmecac y 1 Petate de Colores 1.jpeg"
FOTO-9D64BCEFCB,"Visita de la Comisión Estatal de Evaluación del Estado de Morelos, 2 Calmecac y 1 Petate de Colores 2.jpeg",1UzyTZcCmGzo3dM3daa-8YA_-GtGa-jPb,https://drive.google.com/file/d/1UzyTZcCmGzo3dM3daa-8YA_-GtGa-jPb/view,MUNICIPIO,MOSTRAR_MUNICIPIO,Oriente,Axochiapan,,Oriente,Axochiapan,,0,Promotor,Olga Ramírez García,,Lote por evento,/foto/FOTO-9D64BCEFCB,,10,SI,9d64bcefcb66c8bc4d585aa3cdb168363bad5b107d2db3b228ef1c6956cde5cb,150012,1,Petate de Colores,axochiapan-petate-de-colores,,"Poligonos coordinados por  Dante Alquicira 2026. Oriente Sur/Axochiapan, Olga Ramírez García/Petate de Colores/Visita de la Comisión Estatal de Evaluación del Estado de Morelos, 2 Calmecac y 1 Petate de Colores 2.jpeg"
FOTO-297731B628,"Visita de la Comisión Estatal de Evaluación del Estado de Morelos, 2 Calmecac y 1 Petate de Colores 3.jpeg",1-vajYwRXvs-etU8oJV8V-3lQRoy62rZO,https://drive.google.com/file/d/1-vajYwRXvs-etU8oJV8V-3lQRoy62rZO/view,MUNICIPIO,MOSTRAR_MUNICIPIO,Oriente,Axochiapan,,Oriente,Axochiapan,,0,Promotor,Olga Ramírez García,,Lote por evento,/foto/FOTO-297731B628,,10,SI,297731b62898307b0b03a2fdb6c539fa158bec03514276d9a7914fd142c3a018,97016,1,Petate de Colores,axochiapan-petate-de-colores,,"Poligonos coordinados por  Dante Alquicira 2026. Oriente Sur/Axochiapan, Olga Ramírez García/Petate de Colores/Visita de la Comisión Estatal de Evaluación del Estado de Morelos, 2 Calmecac y 1 Petate de Colores 3.jpeg"
FOTO-188DEFEFA1,"Llenado de formatos de piso firme, Axochiapan (200 personas) 1 2026-09-08.jpeg",1waUphqal7p1AYI869WrDGPpjMOVtiZHV,https://drive.google.com/file/d/1waUphqal7p1AYI869WrDGPpjMOVtiZHV/view,MUNICIPIO,MOSTRAR_MUNICIPIO,Oriente,Axochiapan,,Oriente,Axochiapan,,0,Promotor,Olga Ramírez García,,Lote por evento,/foto/FOTO-188DEFEFA1,,10,SI,188defefa147f3e1fa4f2468edbd213fe7d40debcab7146ad92ed2b888127511,234509,1,Piso Firme,axochiapan-piso-firme,2026-09-08,"Poligonos coordinados por  Dante Alquicira 2026. Oriente Sur/Axochiapan, Olga Ramírez García/Piso Firme/Llenado de formatos de piso firme, Axochiapan (200 personas) 1 2026-09-08.jpeg"
FOTO-828A53BCDD,"Llenado de formatos de piso firme, Axochiapan (200 personas) 2 2026-09-08.jpeg",1II5RjUoE5Ui0O-2qaAwFwPbCttgf2FCa,https://drive.google.com/file/d/1II5RjUoE5Ui0O-2qaAwFwPbCttgf2FCa/view,MUNICIPIO,MOSTRAR_MUNICIPIO,Oriente,Axochiapan,,Oriente,Axochiapan,,0,Promotor,Olga Ramírez García,,Lote por evento,/foto/FOTO-828A53BCDD,,10,SI,828a53bcdd99738673046384df524129c9dc0ea49021a60a4848e83162b518f5,176104,1,Piso Firme,axochiapan-piso-firme,2026-09-08,"Poligonos coordinados por  Dante Alquicira 2026. Oriente Sur/Axochiapan, Olga Ramírez García/Piso Firme/Llenado de formatos de piso firme, Axochiapan (200 personas) 2 2026-09-08.jpeg"
FOTO-0CCCD6999A,"Llenado de formatos de piso firme, Axochiapan (200 personas) 3 2026-09-08.jpeg",1-QiS8Y_fkKafywQIUqHI0OxZjtnRpzFb,https://drive.google.com/file/d/1-QiS8Y_fkKafywQIUqHI0OxZjtnRpzFb/view,MUNICIPIO,MOSTRAR_MUNICIPIO,Oriente,Axochiapan,,Oriente,Axochiapan,,0,Promotor,Olga Ramírez García,,Lote por evento,/foto/FOTO-0CCCD6999A,,10,SI,0cccd6999a32b533d8b990833069a812eaefa8838aa5ff87017cd5fbc766c9ad,138956,1,Piso Firme,axochiapan-piso-firme,2026-09-08,"Poligonos coordinados por  Dante Alquicira 2026. Oriente Sur/Axochiapan, Olga Ramírez García/Piso Firme/Llenado de formatos de piso firme, Axochiapan (200 personas) 3 2026-09-08.jpeg"
FOTO-BA83410A34,"Llenado de formatos de piso firme, Axochiapan (200 personas) 4 2026-09-08.jpeg",1N-LozMqmUumCyv3hZ-5MB3IU5Pp3YurA,https://drive.google.com/file/d/1N-LozMqmUumCyv3hZ-5MB3IU5Pp3YurA/view,MUNICIPIO,MOSTRAR_MUNICIPIO,Oriente,Axochiapan,,Oriente,Axochiapan,,0,Promotor,Olga Ramírez García,,Lote por evento,/foto/FOTO-BA83410A34,,10,SI,ba83410a342064aa3691d70bc810b56f8a28c179c3b2e386c3e9796ea3a2cfb0,156269,1,Piso Firme,axochiapan-piso-firme,2026-09-08,"Poligonos coordinados por  Dante Alquicira 2026. Oriente Sur/Axochiapan, Olga Ramírez García/Piso Firme/Llenado de formatos de piso firme, Axochiapan (200 personas) 4 2026-09-08.jpeg"
FOTO-151DD3ABE5,"Llenado de formatos de piso firme, Axochiapan (200 personas) 5 2026-09-08.jpeg",1iaLBl-iXKnVTpdmYe5LHbnylh1IeIqOJ,https://drive.google.com/file/d/1iaLBl-iXKnVTpdmYe5LHbnylh1IeIqOJ/view,MUNICIPIO,MOSTRAR_MUNICIPIO,Oriente,Axochiapan,,Oriente,Axochiapan,,0,Promotor,Olga Ramírez García,,Lote por evento,/foto/FOTO-151DD3ABE5,,10,SI,151dd3abe5331c3c5e0c416b2674ac0c777ac05cffe4ae67bdc3c8dc59ef962a,170123,1,Piso Firme,axochiapan-piso-firme,2026-09-08,"Poligonos coordinados por  Dante Alquicira 2026. Oriente Sur/Axochiapan, Olga Ramírez García/Piso Firme/Llenado de formatos de piso firme, Axochiapan (200 personas) 5 2026-09-08.jpeg"
FOTO-322BC5CFD7,"Llenado de formatos de piso firme, Axochiapan (200 personas) 6  2026-09-08.jpeg",1lC-jA9S5AYehMU-lwlU90zdKdGjwHA5v,https://drive.google.com/file/d/1lC-jA9S5AYehMU-lwlU90zdKdGjwHA5v/view,MUNICIPIO,MOSTRAR_MUNICIPIO,Oriente,Axochiapan,,Oriente,Axochiapan,,0,Promotor,Olga Ramírez García,,Lote por evento,/foto/FOTO-322BC5CFD7,,10,SI,322bc5cfd7e07d66f401010f53f18d7c484496f97b92b2539fafd5632b5291b1,214220,1,Piso Firme,axochiapan-piso-firme,2026-09-08,"Poligonos coordinados por  Dante Alquicira 2026. Oriente Sur/Axochiapan, Olga Ramírez García/Piso Firme/Llenado de formatos de piso firme, Axochiapan (200 personas) 6  2026-09-08.jpeg"
FOTO-84AB524190,Registro de piso Firme en Axochiapan 2026-09-09.jpeg,1RkSNRGr8rbmLjwWEhGWZ1WT-FU2ztY__,https://drive.google.com/file/d/1RkSNRGr8rbmLjwWEhGWZ1WT-FU2ztY__/view,MUNICIPIO,MOSTRAR_MUNICIPIO,Oriente,Axochiapan,,Oriente,Axochiapan,,0,Promotor,Olga Ramírez García,,Lote por evento,/foto/FOTO-84AB524190,,10,SI,84ab52419039faa6faf95405eb2795e781e1de53d02b67bc780872c942fe18b0,218068,1,Piso Firme,axochiapan-piso-firme,2026-09-09,"Poligonos coordinados por  Dante Alquicira 2026. Oriente Sur/Axochiapan, Olga Ramírez García/Piso Firme/Registro de piso Firme en Axochiapan 2026-09-09.jpeg"
FOTO-498CB32FCD,"Registros de fise Axochiapan, 2026-09-15.jpeg",16nN_0wWPpCMFGsDldffJiMsUlynMLB0T,https://drive.google.com/file/d/16nN_0wWPpCMFGsDldffJiMsUlynMLB0T/view,MUNICIPIO,MOSTRAR_MUNICIPIO,Oriente,Axochiapan,,Oriente,Axochiapan,,0,Promotor,Olga Ramírez García,,Lote por evento,/foto/FOTO-498CB32FCD,,10,SI,498cb32fcd3ae7a33f1239557a71463c2c47838644b783d4d59ee3a69b0a95a4,112522,1,Piso Firme,axochiapan-piso-firme,2026-09-15,"Poligonos coordinados por  Dante Alquicira 2026. Oriente Sur/Axochiapan, Olga Ramírez García/Piso Firme/Registros de fise Axochiapan, 2026-09-15.jpeg"
FOTO-22716E8FAA,Registros de Piso Firme FISE Axochiapan 2026-09-10.jpeg,1cgKZ_nlfwuUND-XPAP89fOG6TFc_ouxM,https://drive.google.com/file/d/1cgKZ_nlfwuUND-XPAP89fOG6TFc_ouxM/view,MUNICIPIO,MOSTRAR_MUNICIPIO,Oriente,Axochiapan,,Oriente,Axochiapan,,0,Promotor,Olga Ramírez García,,Lote por evento,/foto/FOTO-22716E8FAA,,10,SI,22716e8faa3699748d86922f62b19ea2410aee7c428a87e98ff3b58dcacb3629,418752,1,Piso Firme,axochiapan-piso-firme,2026-09-10,"Poligonos coordinados por  Dante Alquicira 2026. Oriente Sur/Axochiapan, Olga Ramírez García/Piso Firme/Registros de Piso Firme FISE Axochiapan 2026-09-10.jpeg"
FOTO-B0F677F8EE,"Cocimiento del Barro, CALMECAC  2026-01-28 (1).jpeg",1ZBWlxEFFq2hm_evnBXs6EwbYBo-076EZ,https://drive.google.com/file/d/1ZBWlxEFFq2hm_evnBXs6EwbYBo-076EZ/view,MUNICIPIO,MOSTRAR_MUNICIPIO,Oriente,Axochiapan,,Oriente,Axochiapan,,0,Promotor,Olga Ramírez García,,Lote por evento,/foto/FOTO-B0F677F8EE,,10,SI,b0f677f8ee0093718de9538a8ad422833c581c16014b7edbf63c5e6475046732,149563,1,Programa CALMECAC,axochiapan-programa-calmecac,2026-01-28,"Poligonos coordinados por  Dante Alquicira 2026. Oriente Sur/Axochiapan, Olga Ramírez García/Programa CALMECAC/Cocimiento del Barro, CALMECAC  2026-01-28 (1).jpeg"
FOTO-7FF9D82E75,"Cocimiento del Barro, CALMECAC  2026-01-28.jpeg",1CjMI3WBm3R2O1VbRO6Wlx-R8Izy5q6iH,https://drive.google.com/file/d/1CjMI3WBm3R2O1VbRO6Wlx-R8Izy5q6iH/view,MUNICIPIO,MOSTRAR_MUNICIPIO,Oriente,Axochiapan,,Oriente,Axochiapan,,0,Promotor,Olga Ramírez García,,Lote por evento,/foto/FOTO-7FF9D82E75,,10,SI,7ff9d82e75a31a50de0572d73fdd6aae0b5921598f0b33c3f24724fa02ff813a,191546,1,Programa CALMECAC,axochiapan-programa-calmecac,2026-01-28,"Poligonos coordinados por  Dante Alquicira 2026. Oriente Sur/Axochiapan, Olga Ramírez García/Programa CALMECAC/Cocimiento del Barro, CALMECAC  2026-01-28.jpeg"
FOTO-FCDB64DCD4,Collage de taller de alfarería. Comales Axochiapan.jpeg,1giWEevZmgtdKIeQdn4GCkzNAgpGFH1ym,https://drive.google.com/file/d/1giWEevZmgtdKIeQdn4GCkzNAgpGFH1ym/view,MUNICIPIO,MOSTRAR_MUNICIPIO,Oriente,Axochiapan,,Oriente,Axochiapan,,0,Promotor,Olga Ramírez García,,Lote por evento,/foto/FOTO-FCDB64DCD4,,10,SI,fcdb64dcd4952f30b08756c36b65b97eca441140ccf33cdf967bfa5bedc8327e,239823,1,Programa CALMECAC,axochiapan-programa-calmecac,,"Poligonos coordinados por  Dante Alquicira 2026. Oriente Sur/Axochiapan, Olga Ramírez García/Programa CALMECAC/Collage de taller de alfarería. Comales Axochiapan.jpeg"
FOTO-A56905BF7B,Comal de Barro  2026-01-21.jpeg,1W_EtuxjD71mC4m94DKlXNZnTIkqDsPJw,https://drive.google.com/file/d/1W_EtuxjD71mC4m94DKlXNZnTIkqDsPJw/view,MUNICIPIO,MOSTRAR_MUNICIPIO,Oriente,Axochiapan,,Oriente,Axochiapan,,0,Promotor,Olga Ramírez García,,Lote por evento,/foto/FOTO-A56905BF7B,,10,SI,a56905bf7b3512c0aeb7371e2d55a06bfdb7e1100dd57d4052f428cee584f0fe,137774,1,Programa CALMECAC,axochiapan-programa-calmecac,2026-01-21,"Poligonos coordinados por  Dante Alquicira 2026. Oriente Sur/Axochiapan, Olga Ramírez García/Programa CALMECAC/Comal de Barro  2026-01-21.jpeg"
FOTO-F9B4C83749,Creación en barro 2026-01-21.jpeg,1LkkTB65U2kjWlM_zefeKte6ucA6IQ9JS,https://drive.google.com/file/d/1LkkTB65U2kjWlM_zefeKte6ucA6IQ9JS/view,MUNICIPIO,MOSTRAR_MUNICIPIO,Oriente,Axochiapan,,Oriente,Axochiapan,,0,Promotor,Olga Ramírez García,,Lote por evento,/foto/FOTO-F9B4C83749,,10,SI,f9b4c83749c3c8205c8c9f7bd0ff1b7a2d4360b54d1c893269414657d95ca04f,110155,1,Programa CALMECAC,axochiapan-programa-calmecac,2026-01-21,"Poligonos coordinados por  Dante Alquicira 2026. Oriente Sur/Axochiapan, Olga Ramírez García/Programa CALMECAC/Creación en barro 2026-01-21.jpeg"
FOTO-AFE2DB9B0C,Elaboración de Comal de Barro CALMECAC  2026-01-28.jpeg,1cPHJ3hnBaMZMdcUQn0Ruitc6o7RksI9k,https://drive.google.com/file/d/1cPHJ3hnBaMZMdcUQn0Ruitc6o7RksI9k/view,MUNICIPIO,MOSTRAR_MUNICIPIO,Oriente,Axochiapan,,Oriente,Axochiapan,,0,Promotor,Olga Ramírez García,,Lote por evento,/foto/FOTO-AFE2DB9B0C,,10,SI,afe2db9b0c5699b1b453f9603e293c47bc73079b4b1aec1a64643fa29a389e89,107189,1,Programa CALMECAC,axochiapan-programa-calmecac,2026-01-28,"Poligonos coordinados por  Dante Alquicira 2026. Oriente Sur/Axochiapan, Olga Ramírez García/Programa CALMECAC/Elaboración de Comal de Barro CALMECAC  2026-01-28.jpeg"
FOTO-00FC2F93C2,Proyectos calmecac en Axochiapan. Elaboración de art. de barro{.jpeg,1j_BeOkMcjkQ-R4_i0C3a6rRyNvrDKm4L,https://drive.google.com/file/d/1j_BeOkMcjkQ-R4_i0C3a6rRyNvrDKm4L/view,MUNICIPIO,MOSTRAR_MUNICIPIO,Oriente,Axochiapan,,Oriente,Axochiapan,,0,Promotor,Olga Ramírez García,,Lote por evento,/foto/FOTO-00FC2F93C2,,10,SI,00fc2f93c2e22251eecabea89d86f5e77ebe472b5b08be5814910747fc1144e3,162476,1,Programa CALMECAC,axochiapan-programa-calmecac,,"Poligonos coordinados por  Dante Alquicira 2026. Oriente Sur/Axochiapan, Olga Ramírez García/Programa CALMECAC/Proyectos calmecac en Axochiapan. Elaboración de art. de barro{.jpeg"
FOTO-9A09FADCAA,Resultado final de un comal en Axochiapan 22012026.jpeg,1Sx-ltu3IzsnmwTfV-NCacYMq12m8zKME,https://drive.google.com/file/d/1Sx-ltu3IzsnmwTfV-NCacYMq12m8zKME/view,MUNICIPIO,MOSTRAR_MUNICIPIO,Oriente,Axochiapan,,Oriente,Axochiapan,,0,Promotor,Olga Ramírez García,,Lote por evento,/foto/FOTO-9A09FADCAA,,10,SI,9a09fadcaa9a1cab99b191e5e44d442f83b35d3c6524ef30b96a4317d61a13df,179089,1,Programa CALMECAC,axochiapan-programa-calmecac,2026-01-22,"Poligonos coordinados por  Dante Alquicira 2026. Oriente Sur/Axochiapan, Olga Ramírez García/Programa CALMECAC/Resultado final de un comal en Axochiapan 22012026.jpeg"
FOTO-A45F9AB3B0,Recorrido sobre en Telixtac. Programa de Semillas de esperanza 1 2026-09-02.jpeg,1mm9NxOYjB65xRnP_hgIXFP5BpKzXtXof,https://drive.google.com/file/d/1mm9NxOYjB65xRnP_hgIXFP5BpKzXtXof/view,MUNICIPIO,MOSTRAR_MUNICIPIO,Oriente,Axochiapan,,Oriente,Axochiapan,,0,Promotor,Olga Ramírez García,,Lote por evento,/foto/FOTO-A45F9AB3B0,,10,SI,a45f9ab3b072fa441d6032af5e57d67870d8f5b3062eedc47e83230832a3fd80,244117,1,Semillas de Esperanza,axochiapan-semillas-de-esperanza,2026-09-02,"Poligonos coordinados por  Dante Alquicira 2026. Oriente Sur/Axochiapan, Olga Ramírez García/Semillas de Esperanza/Recorrido sobre en Telixtac. Programa de Semillas de esperanza 1 2026-09-02.jpeg"
FOTO-F2D79AC027,Recorrido sobre en Telixtac. Programa de Semillas de esperanza 2 2026-09-02.jpeg,1vLwIbv8JJEuYXe4h6YgHjCznvMPrQN-E,https://drive.google.com/file/d/1vLwIbv8JJEuYXe4h6YgHjCznvMPrQN-E/view,MUNICIPIO,MOSTRAR_MUNICIPIO,Oriente,Axochiapan,,Oriente,Axochiapan,,0,Promotor,Olga Ramírez García,,Lote por evento,/foto/FOTO-F2D79AC027,,10,SI,f2d79ac027c91094552ff929158314d0e77f0df83d70c93506c3526f94616eb9,209537,1,Semillas de Esperanza,axochiapan-semillas-de-esperanza,2026-09-02,"Poligonos coordinados por  Dante Alquicira 2026. Oriente Sur/Axochiapan, Olga Ramírez García/Semillas de Esperanza/Recorrido sobre en Telixtac. Programa de Semillas de esperanza 2 2026-09-02.jpeg"
FOTO-CEFBF0D14C,Recorrido sobre en Telixtac. Programa de Semillas de esperanza 3 2026-09-02.jpeg,1bSb-quKNrFDHImddGz4h8vfbyaas9cib,https://drive.google.com/file/d/1bSb-quKNrFDHImddGz4h8vfbyaas9cib/view,MUNICIPIO,MOSTRAR_MUNICIPIO,Oriente,Axochiapan,,Oriente,Axochiapan,,0,Promotor,Olga Ramírez García,,Lote por evento,/foto/FOTO-CEFBF0D14C,,10,SI,cefbf0d14c75f43cbd3add9e159490537701b95b0c942eedea917028a68c6029,157479,1,Semillas de Esperanza,axochiapan-semillas-de-esperanza,2026-09-02,"Poligonos coordinados por  Dante Alquicira 2026. Oriente Sur/Axochiapan, Olga Ramírez García/Semillas de Esperanza/Recorrido sobre en Telixtac. Programa de Semillas de esperanza 3 2026-09-02.jpeg"
FOTO-802821B331,"Supervisión S. Bienestar en los carros, Axochiapan para proyecto Semillas de Esperanza 1  2026-09-07.jpeg",1f_RzZeItrpS4Pje56hvvmybrtjujNADA,https://drive.google.com/file/d/1f_RzZeItrpS4Pje56hvvmybrtjujNADA/view,MUNICIPIO,MOSTRAR_MUNICIPIO,Oriente,Axochiapan,,Oriente,Axochiapan,,0,Promotor,Olga Ramírez García,,Lote por evento,/foto/FOTO-802821B331,,10,SI,802821b3312ba8987f266bbf50b4a8da2e61188b6ef28a959adcbfd9b0e7c2cb,273068,1,Semillas de Esperanza,axochiapan-semillas-de-esperanza,2026-09-07,"Poligonos coordinados por  Dante Alquicira 2026. Oriente Sur/Axochiapan, Olga Ramírez García/Semillas de Esperanza/Supervisión S. Bienestar en los carros, Axochiapan para proyecto Semillas de Esperanza 1  2026-09-07.jpeg"
FOTO-CD74311346,"Supervisión S. Bienestar en los carros, Axochiapan para proyecto Semillas de Esperanza 2  2026-09-07.jpeg",1pAYNhR3ZATiNLvIgg6g3F5eAOhc6EUZj,https://drive.google.com/file/d/1pAYNhR3ZATiNLvIgg6g3F5eAOhc6EUZj/view,MUNICIPIO,MOSTRAR_MUNICIPIO,Oriente,Axochiapan,,Oriente,Axochiapan,,0,Promotor,Olga Ramírez García,,Lote por evento,/foto/FOTO-CD74311346,,10,SI,cd74311346b1f97d0ceeb160be20a6d3ce54925081731f3c01b61be4c466670f,191823,1,Semillas de Esperanza,axochiapan-semillas-de-esperanza,2026-09-07,"Poligonos coordinados por  Dante Alquicira 2026. Oriente Sur/Axochiapan, Olga Ramírez García/Semillas de Esperanza/Supervisión S. Bienestar en los carros, Axochiapan para proyecto Semillas de Esperanza 2  2026-09-07.jpeg"
FOTO-7DD6C9F5F6,Cartonería 2026-06-22.jpeg,12BBf6jUX7f5BlPO5RH1PhSl_UwkMF5wQ,https://drive.google.com/file/d/12BBf6jUX7f5BlPO5RH1PhSl_UwkMF5wQ/view,MUNICIPIO,MOSTRAR_MUNICIPIO,Oriente,Axochiapan,,Oriente,Axochiapan,,0,Promotor,Olga Ramírez García,,Lote por evento,/foto/FOTO-7DD6C9F5F6,,10,SI,7dd6c9f5f6925e7a4c10413a4f346ba2d5cfc5485f7b2142043b8953047baefe,298035,1,Taller de Cartonería,axochiapan-taller-de-cartoneria,2026-06-22,"Poligonos coordinados por  Dante Alquicira 2026. Oriente Sur/Axochiapan, Olga Ramírez García/Taller de Cartonería/Cartonería 2026-06-22.jpeg"
FOTO-E98DA16EA7,"Taller Cultural de Cartonería, Cayehuacan, Axochiapan 1 2026-08-27.jpeg",1-dMNWXErFppzVB95foZDr2MLj37nYnaE,https://drive.google.com/file/d/1-dMNWXErFppzVB95foZDr2MLj37nYnaE/view,MUNICIPIO,MOSTRAR_MUNICIPIO,Oriente,Axochiapan,,Oriente,Axochiapan,,0,Promotor,Olga Ramírez García,,Lote por evento,/foto/FOTO-E98DA16EA7,,10,SI,e98da16ea74ccee1afa7194c2f78c1781c6f68f4a0cf5ede9e5fb0271a0c94eb,275928,1,Taller de Cartonería,axochiapan-taller-de-cartoneria,2026-08-27,"Poligonos coordinados por  Dante Alquicira 2026. Oriente Sur/Axochiapan, Olga Ramírez García/Taller de Cartonería/Taller Cultural de Cartonería, Cayehuacan, Axochiapan 1 2026-08-27.jpeg"
FOTO-1FB4B36603,"Taller Cultural de Cartonería, Cayehuacan, Axochiapan 2 2026-08-27.jpeg",1h10F2rH0xJ6G4Jm-jsjcBCUSLc5Bj8k-,https://drive.google.com/file/d/1h10F2rH0xJ6G4Jm-jsjcBCUSLc5Bj8k-/view,MUNICIPIO,MOSTRAR_MUNICIPIO,Oriente,Axochiapan,,Oriente,Axochiapan,,0,Promotor,Olga Ramírez García,,Lote por evento,/foto/FOTO-1FB4B36603,,10,SI,1fb4b36603330c5be534453264650c50f4f3aca6af30b6cd6326759fd910025d,291444,1,Taller de Cartonería,axochiapan-taller-de-cartoneria,2026-08-27,"Poligonos coordinados por  Dante Alquicira 2026. Oriente Sur/Axochiapan, Olga Ramírez García/Taller de Cartonería/Taller Cultural de Cartonería, Cayehuacan, Axochiapan 2 2026-08-27.jpeg"
FOTO-6F5C83369E,Cera escamada 2026-06-18.jpeg,15FbLTlSYTq1EbTZml4hPRqJn3aYCtXpn,https://drive.google.com/file/d/15FbLTlSYTq1EbTZml4hPRqJn3aYCtXpn/view,MUNICIPIO,MOSTRAR_MUNICIPIO,Oriente,Axochiapan,,Oriente,Axochiapan,,0,Promotor,Olga Ramírez García,,Lote por evento,/foto/FOTO-6F5C83369E,,10,SI,6f5c83369ee9da9e88e2204db211612336cf4d11d66d4e0e0e9c9a80e54b6b4e,109196,1,Taller de cera escamada,axochiapan-taller-de-cera-escamada,2026-06-18,"Poligonos coordinados por  Dante Alquicira 2026. Oriente Sur/Axochiapan, Olga Ramírez García/Taller de cera escamada/Cera escamada 2026-06-18.jpeg"
FOTO-C7FA070AD0,Taller Cultural de cera escamada en la comunidad de Telixtac (i) 2026-09-14.jpeg,1661TMHI9Mhbt1UsQEQaiwPx7M85NrbQT,https://drive.google.com/file/d/1661TMHI9Mhbt1UsQEQaiwPx7M85NrbQT/view,MUNICIPIO,MOSTRAR_MUNICIPIO,Oriente,Axochiapan,,Oriente,Axochiapan,,0,Promotor,Olga Ramírez García,,Lote por evento,/foto/FOTO-C7FA070AD0,,10,SI,c7fa070ad009f0db888d154fdb6f4b35f88181a7d6af52cdb64e01f713dd6a71,234512,1,Taller de cera escamada,axochiapan-taller-de-cera-escamada,2026-09-14,"Poligonos coordinados por  Dante Alquicira 2026. Oriente Sur/Axochiapan, Olga Ramírez García/Taller de cera escamada/Taller Cultural de cera escamada en la comunidad de Telixtac (i) 2026-09-14.jpeg"
FOTO-D68204D87E,Taller Cultural de cera escamada en la comunidad de Telixtac (ii) 2026-09-14.jpeg,1qjvjYHMjoDBKmKAMkGP68ArcNQzj6ua7,https://drive.google.com/file/d/1qjvjYHMjoDBKmKAMkGP68ArcNQzj6ua7/view,MUNICIPIO,MOSTRAR_MUNICIPIO,Oriente,Axochiapan,,Oriente,Axochiapan,,0,Promotor,Olga Ramírez García,,Lote por evento,/foto/FOTO-D68204D87E,,10,SI,d68204d87e64479556728c4170517cb834aba396cb0f56f647dc2fd0b3dbbc85,138694,1,Taller de cera escamada,axochiapan-taller-de-cera-escamada,2026-09-14,"Poligonos coordinados por  Dante Alquicira 2026. Oriente Sur/Axochiapan, Olga Ramírez García/Taller de cera escamada/Taller Cultural de cera escamada en la comunidad de Telixtac (ii) 2026-09-14.jpeg"
FOTO-72A709C96B,Taller Cultural de cera escamada en la comunidad de Telixtac (iii) 2026-09-14.jpeg,1_n5TuoGbU_D79VHoiSFZ7bFbPBkmYk91,https://drive.google.com/file/d/1_n5TuoGbU_D79VHoiSFZ7bFbPBkmYk91/view,MUNICIPIO,MOSTRAR_MUNICIPIO,Oriente,Axochiapan,,Oriente,Axochiapan,,0,Promotor,Olga Ramírez García,,Lote por evento,/foto/FOTO-72A709C96B,,10,SI,72a709c96b7938e5629ae32572a23f58f648a0643e14a1d9e02eb8a9393fca89,231380,1,Taller de cera escamada,axochiapan-taller-de-cera-escamada,2026-09-14,"Poligonos coordinados por  Dante Alquicira 2026. Oriente Sur/Axochiapan, Olga Ramírez García/Taller de cera escamada/Taller Cultural de cera escamada en la comunidad de Telixtac (iii) 2026-09-14.jpeg"
FOTO-7612E489B3,Taller Cultural de Cerería en Telixtac. Axochiapan  Firguras de carrizo con flores de cera2 2026-09-03.jpeg,1_PoulDOWTrN6wy7hgOkR9vKnS8m-CMKA,https://drive.google.com/file/d/1_PoulDOWTrN6wy7hgOkR9vKnS8m-CMKA/view,MUNICIPIO,MOSTRAR_MUNICIPIO,Oriente,Axochiapan,,Oriente,Axochiapan,,0,Promotor,Olga Ramírez García,,Lote por evento,/foto/FOTO-7612E489B3,,10,SI,7612e489b36a154302bed4f547bba470c8508cec2d955381aaf348c738663454,143081,1,Taller de cera escamada,axochiapan-taller-de-cera-escamada,2026-09-03,"Poligonos coordinados por  Dante Alquicira 2026. Oriente Sur/Axochiapan, Olga Ramírez García/Taller de cera escamada/Taller Cultural de Cerería en Telixtac. Axochiapan  Firguras de carrizo con flores de cera2 2026-09-03.jpeg"
FOTO-6371CCF87B,Taller Cultural de Cerería en Telixtac. Axochiapan  Firguras de carrizo con flores de cera3 2026-09-03.jpeg,1yewr4tDJesdIl6YX6SPHKAGG6tlgUrIi,https://drive.google.com/file/d/1yewr4tDJesdIl6YX6SPHKAGG6tlgUrIi/view,MUNICIPIO,MOSTRAR_MUNICIPIO,Oriente,Axochiapan,,Oriente,Axochiapan,,0,Promotor,Olga Ramírez García,,Lote por evento,/foto/FOTO-6371CCF87B,,10,SI,6371ccf87bfcc3b09de8c18bf0b3fe98ca72abd7e1047074a1c2f9c07e335ab9,219911,1,Taller de cera escamada,axochiapan-taller-de-cera-escamada,2026-09-03,"Poligonos coordinados por  Dante Alquicira 2026. Oriente Sur/Axochiapan, Olga Ramírez García/Taller de cera escamada/Taller Cultural de Cerería en Telixtac. Axochiapan  Firguras de carrizo con flores de cera3 2026-09-03.jpeg"
FOTO-DDC86D6F96,Taller Cultural de Cerería en Telixtac. Axochiapan Firguras de carrizo con flores de cera1 2026-09-03.jpeg,1Eohw6cv1I_KGhVirXU6mnQFA_89vQU8m,https://drive.google.com/file/d/1Eohw6cv1I_KGhVirXU6mnQFA_89vQU8m/view,MUNICIPIO,MOSTRAR_MUNICIPIO,Oriente,Axochiapan,,Oriente,Axochiapan,,0,Promotor,Olga Ramírez García,,Lote por evento,/foto/FOTO-DDC86D6F96,,10,SI,ddc86d6f96fb465cbe3e7249ac33698a6bfd89dfb63722b454038daa8ad9a031,221867,1,Taller de cera escamada,axochiapan-taller-de-cera-escamada,2026-09-03,"Poligonos coordinados por  Dante Alquicira 2026. Oriente Sur/Axochiapan, Olga Ramírez García/Taller de cera escamada/Taller Cultural de Cerería en Telixtac. Axochiapan Firguras de carrizo con flores de cera1 2026-09-03.jpeg"
FOTO-FFDB9FA5D5,"Taller de cera escamada en Telixtac, Axochiapan 1 2026-09-08.jpeg",1E7rAjgOY5xCFXq5pTc45H9M7M4-Q0toS,https://drive.google.com/file/d/1E7rAjgOY5xCFXq5pTc45H9M7M4-Q0toS/view,MUNICIPIO,MOSTRAR_MUNICIPIO,Oriente,Axochiapan,,Oriente,Axochiapan,,0,Promotor,Olga Ramírez García,,Lote por evento,/foto/FOTO-FFDB9FA5D5,,10,SI,ffdb9fa5d55c7a6146f33522284b71620f16a83ab1ee75f9c0b2e272857598fe,181007,1,Taller de cera escamada,axochiapan-taller-de-cera-escamada,2026-09-08,"Poligonos coordinados por  Dante Alquicira 2026. Oriente Sur/Axochiapan, Olga Ramírez García/Taller de cera escamada/Taller de cera escamada en Telixtac, Axochiapan 1 2026-09-08.jpeg"
FOTO-FFED828843,"Taller de cera escamada en Telixtac, Axochiapan 2 2026-09-08.jpeg",1KoSW3SG0cNm9BHq-mdRYZP1phkTtRt7b,https://drive.google.com/file/d/1KoSW3SG0cNm9BHq-mdRYZP1phkTtRt7b/view,MUNICIPIO,MOSTRAR_MUNICIPIO,Oriente,Axochiapan,,Oriente,Axochiapan,,0,Promotor,Olga Ramírez García,,Lote por evento,/foto/FOTO-FFED828843,,10,SI,ffed82884338958233f1ec74d5c3da0308b7203f14303be203a0db25cc62a7fc,209716,1,Taller de cera escamada,axochiapan-taller-de-cera-escamada,2026-09-08,"Poligonos coordinados por  Dante Alquicira 2026. Oriente Sur/Axochiapan, Olga Ramírez García/Taller de cera escamada/Taller de cera escamada en Telixtac, Axochiapan 2 2026-09-08.jpeg"
FOTO-12CE111185,"Taller de cera escamada en Telixtac, Axochiapan 3 2026-09-08.jpeg",17hSkUkxjLY677wSQkcOHKQ1gtC8SP1Rf,https://drive.google.com/file/d/17hSkUkxjLY677wSQkcOHKQ1gtC8SP1Rf/view,MUNICIPIO,MOSTRAR_MUNICIPIO,Oriente,Axochiapan,,Oriente,Axochiapan,,0,Promotor,Olga Ramírez García,,Lote por evento,/foto/FOTO-12CE111185,,10,SI,12ce111185ef224e167b232da3c77354225f3b891ee9d6d9931c4a99c5dbe6f8,290712,1,Taller de cera escamada,axochiapan-taller-de-cera-escamada,2026-09-08,"Poligonos coordinados por  Dante Alquicira 2026. Oriente Sur/Axochiapan, Olga Ramírez García/Taller de cera escamada/Taller de cera escamada en Telixtac, Axochiapan 3 2026-09-08.jpeg"
FOTO-9FF1F67539,"Taller de cera escamada en Telixtac, Axochiapan 4 2026-09-08.jpeg",1NLyTlkZWgbYcgK8udXheQrVWqAuT1OAQ,https://drive.google.com/file/d/1NLyTlkZWgbYcgK8udXheQrVWqAuT1OAQ/view,MUNICIPIO,MOSTRAR_MUNICIPIO,Oriente,Axochiapan,,Oriente,Axochiapan,,0,Promotor,Olga Ramírez García,,Lote por evento,/foto/FOTO-9FF1F67539,,10,SI,9ff1f67539beb328ff913d84e3d5f8b78cb4205db0ab4115ba130bcd87869a6f,194017,1,Taller de cera escamada,axochiapan-taller-de-cera-escamada,2026-09-08,"Poligonos coordinados por  Dante Alquicira 2026. Oriente Sur/Axochiapan, Olga Ramírez García/Taller de cera escamada/Taller de cera escamada en Telixtac, Axochiapan 4 2026-09-08.jpeg"
FOTO-88266471B0,"Taller de cera escamada en Telixtac, Axochiapan 5 2026-09-08.jpeg",1brs_qZDwpdwKCMOJ54Gy_PM08jyeG9za,https://drive.google.com/file/d/1brs_qZDwpdwKCMOJ54Gy_PM08jyeG9za/view,MUNICIPIO,MOSTRAR_MUNICIPIO,Oriente,Axochiapan,,Oriente,Axochiapan,,0,Promotor,Olga Ramírez García,,Lote por evento,/foto/FOTO-88266471B0,,10,SI,88266471b0a210a6a55bbd17b862ae51152f510d4bd32e6ab8237ec87b438731,201630,1,Taller de cera escamada,axochiapan-taller-de-cera-escamada,2026-09-08,"Poligonos coordinados por  Dante Alquicira 2026. Oriente Sur/Axochiapan, Olga Ramírez García/Taller de cera escamada/Taller de cera escamada en Telixtac, Axochiapan 5 2026-09-08.jpeg"
FOTO-7599EAA3CA,"Taller de cultura, cerería, comunidad de Telixtac, forro de figuras de carrizo 2 2026-09-10.jpeg",1HZmAWBbgzGf4GwN1B8H8sl9G5GrH53zL,https://drive.google.com/file/d/1HZmAWBbgzGf4GwN1B8H8sl9G5GrH53zL/view,MUNICIPIO,MOSTRAR_MUNICIPIO,Oriente,Axochiapan,,Oriente,Axochiapan,,0,Promotor,Olga Ramírez García,,Lote por evento,/foto/FOTO-7599EAA3CA,,10,SI,7599eaa3ca8434aebae51fc8687bda4b95d2d9a91efa4e5d29ac26d8f6c296c7,233728,1,Taller de cera escamada,axochiapan-taller-de-cera-escamada,2026-09-10,"Poligonos coordinados por  Dante Alquicira 2026. Oriente Sur/Axochiapan, Olga Ramírez García/Taller de cera escamada/Taller de cultura, cerería, comunidad de Telixtac, forro de figuras de carrizo 2 2026-09-10.jpeg"
FOTO-08E0C474D6,"Taller de cultura, cerería, comunidad de Telixtac, forro de figuras de carrizo 2026-09-10.jpeg",1btGtQOdyZ4eDYWqdMRB_1EiKeb3pjYaC,https://drive.google.com/file/d/1btGtQOdyZ4eDYWqdMRB_1EiKeb3pjYaC/view,MUNICIPIO,MOSTRAR_MUNICIPIO,Oriente,Axochiapan,,Oriente,Axochiapan,,0,Promotor,Olga Ramírez García,,Lote por evento,/foto/FOTO-08E0C474D6,,10,SI,08e0c474d671d33f60a909125af625e8000d84d26d13119e33ee172aa961b452,272718,1,Taller de cera escamada,axochiapan-taller-de-cera-escamada,2026-09-10,"Poligonos coordinados por  Dante Alquicira 2026. Oriente Sur/Axochiapan, Olga Ramírez García/Taller de cera escamada/Taller de cultura, cerería, comunidad de Telixtac, forro de figuras de carrizo 2026-09-10.jpeg"
FOTO-A63E924FBA,Curso de gelatina artistica en la comunidad de Telixtac 1.jpeg,1PR3qEw9_ycDTwjVc8-MdnbZgrRlX05CS,https://drive.google.com/file/d/1PR3qEw9_ycDTwjVc8-MdnbZgrRlX05CS/view,MUNICIPIO,MOSTRAR_MUNICIPIO,Oriente,Axochiapan,,Oriente,Axochiapan,,0,Promotor,Olga Ramírez García,,Lote por evento,/foto/FOTO-A63E924FBA,,10,SI,a63e924fbaac994c35dfa7f8b5aeafcec0625800ce2e368152bff49c57d9c85a,150717,1,Taller de gelatina,axochiapan-taller-de-gelatina,,"Poligonos coordinados por  Dante Alquicira 2026. Oriente Sur/Axochiapan, Olga Ramírez García/Taller de gelatina/Curso de gelatina artistica en la comunidad de Telixtac 1.jpeg"
FOTO-12A17227FE,Curso de gelatina artistica en la comunidad de Telixtac 2.jpeg,1hMKA6rwVq2a_y_z-OEZvYcBbVI2_RBaL,https://drive.google.com/file/d/1hMKA6rwVq2a_y_z-OEZvYcBbVI2_RBaL/view,MUNICIPIO,MOSTRAR_MUNICIPIO,Oriente,Axochiapan,,Oriente,Axochiapan,,0,Promotor,Olga Ramírez García,,Lote por evento,/foto/FOTO-12A17227FE,,10,SI,12a17227fe79b1fce0cd992b221777079012599d6ddf14c5239b00c315956737,182814,1,Taller de gelatina,axochiapan-taller-de-gelatina,,"Poligonos coordinados por  Dante Alquicira 2026. Oriente Sur/Axochiapan, Olga Ramírez García/Taller de gelatina/Curso de gelatina artistica en la comunidad de Telixtac 2.jpeg"
FOTO-C689AD61F4,Curso de gelatina artistica en la comunidad de Telixtac 3.jpeg,1IxIEnun_KuN7sk7qdf3Lc7AT0Z_sS5bs,https://drive.google.com/file/d/1IxIEnun_KuN7sk7qdf3Lc7AT0Z_sS5bs/view,MUNICIPIO,MOSTRAR_MUNICIPIO,Oriente,Axochiapan,,Oriente,Axochiapan,,0,Promotor,Olga Ramírez García,,Lote por evento,/foto/FOTO-C689AD61F4,,10,SI,c689ad61f4669a9912dcbc5b3913180edfe5fcb0a612090d4c4a8387361b453f,158305,1,Taller de gelatina,axochiapan-taller-de-gelatina,,"Poligonos coordinados por  Dante Alquicira 2026. Oriente Sur/Axochiapan, Olga Ramírez García/Taller de gelatina/Curso de gelatina artistica en la comunidad de Telixtac 3.jpeg"
FOTO-D8ADA0BEB5,Taller de Gelatina en Telixtac 1. 25012026.jpeg,18aJ21JjVUfjzEdM9RQH3DyUP3FhOhdSQ,https://drive.google.com/file/d/18aJ21JjVUfjzEdM9RQH3DyUP3FhOhdSQ/view,MUNICIPIO,MOSTRAR_MUNICIPIO,Oriente,Axochiapan,,Oriente,Axochiapan,,0,Promotor,Olga Ramírez García,,Lote por evento,/foto/FOTO-D8ADA0BEB5,,10,SI,d8ada0beb534468243b3777a6bfa00237b9a4e0f94466362ba83db75412532d0,154507,1,Taller de gelatina,axochiapan-taller-de-gelatina,2026-01-25,"Poligonos coordinados por  Dante Alquicira 2026. Oriente Sur/Axochiapan, Olga Ramírez García/Taller de gelatina/Taller de Gelatina en Telixtac 1. 25012026.jpeg"
FOTO-1D5026848A,Taller de Gelatina en Telixtac 2. 25012026.jpeg,1Jpa1nDQrfxylyKBxiJjPwmutSu7I6cSl,https://drive.google.com/file/d/1Jpa1nDQrfxylyKBxiJjPwmutSu7I6cSl/view,MUNICIPIO,MOSTRAR_MUNICIPIO,Oriente,Axochiapan,,Oriente,Axochiapan,,0,Promotor,Olga Ramírez García,,Lote por evento,/foto/FOTO-1D5026848A,,10,SI,1d5026848a0c6ffe3d61d8c1ca2f5aca504f5ec870527dfbaf6475e0a7fb12e8,174822,1,Taller de gelatina,axochiapan-taller-de-gelatina,2026-01-25,"Poligonos coordinados por  Dante Alquicira 2026. Oriente Sur/Axochiapan, Olga Ramírez García/Taller de gelatina/Taller de Gelatina en Telixtac 2. 25012026.jpeg"
FOTO-D747E476B1,Taller de Gelatina en Telixtac 3. 25012026.jpeg,1KnAHrrGW591yFTrBYP2OcgSC8qQXjnOz,https://drive.google.com/file/d/1KnAHrrGW591yFTrBYP2OcgSC8qQXjnOz/view,MUNICIPIO,MOSTRAR_MUNICIPIO,Oriente,Axochiapan,,Oriente,Axochiapan,,0,Promotor,Olga Ramírez García,,Lote por evento,/foto/FOTO-D747E476B1,,10,SI,d747e476b1024a58bf914b664c836269ba2ddbb0c5c635f4115729fd8ac02092,146053,1,Taller de gelatina,axochiapan-taller-de-gelatina,2026-01-25,"Poligonos coordinados por  Dante Alquicira 2026. Oriente Sur/Axochiapan, Olga Ramírez García/Taller de gelatina/Taller de Gelatina en Telixtac 3. 25012026.jpeg"
FOTO-843445D512,Taller de Gelatina en Telixtac 4. 2501206.jpeg,1cPh1LVBPm-8xKiflqnqlUITKipVm2q6q,https://drive.google.com/file/d/1cPh1LVBPm-8xKiflqnqlUITKipVm2q6q/view,MUNICIPIO,MOSTRAR_MUNICIPIO,Oriente,Axochiapan,,Oriente,Axochiapan,,0,Promotor,Olga Ramírez García,,Lote por evento,/foto/FOTO-843445D512,,10,SI,843445d5127431625733e878bac3fa037dfbdd6d845c9115da0f3077376a5b8f,206396,1,Taller de gelatina,axochiapan-taller-de-gelatina,,"Poligonos coordinados por  Dante Alquicira 2026. Oriente Sur/Axochiapan, Olga Ramírez García/Taller de gelatina/Taller de Gelatina en Telixtac 4. 2501206.jpeg"
FOTO-60D12912FE,Beneficiario Andrés Gil del Programa CALMECAC..jpeg,1qqD3knQOc7IZw7svC9phZDlQQIzUCFsu,https://drive.google.com/file/d/1qqD3knQOc7IZw7svC9phZDlQQIzUCFsu/view,MUNICIPIO,MOSTRAR_MUNICIPIO,Oriente,Ayala,,Oriente,Ayala,,0,Promotor,Javier Robles Mejía,,Lote por evento,/foto/FOTO-60D12912FE,,10,SI,60d12912fecb7240dce39af86731a267b87837eb0bb5e3944e48381d40a2a4a2,144112,1,Beneficiario Andrés Gil del Programa CALMECAC,ayala-beneficiario-andres-gil-del-programa-calmecac,,"Poligonos coordinados por  Dante Alquicira 2026. Oriente Sur/Ayala, Javier Robles Mejía/Beneficiario Andrés Gil del Programa CALMECAC..jpeg"
FOTO-A89CD40C92,"Consejo Comunitario de Ampliación Chinameca, Ayala.jpeg",1wl0yh8M7y2V8wTIIxwbt9Vmlyf_aBEUh,https://drive.google.com/file/d/1wl0yh8M7y2V8wTIIxwbt9Vmlyf_aBEUh/view,MUNICIPIO,MOSTRAR_MUNICIPIO,Oriente,Ayala,,Oriente,Ayala,,0,Promotor,Javier Robles Mejía,,Lote por evento,/foto/FOTO-A89CD40C92,,10,SI,a89cd40c923bc023faf3ed034bf97f8d25c8b1c897fea463860877bc21cab020,322937,1,Consejo Comunitario,ayala-consejo-comunitario,,"Poligonos coordinados por  Dante Alquicira 2026. Oriente Sur/Ayala, Javier Robles Mejía/Consejo Comunitario/Consejo Comunitario de Ampliación Chinameca, Ayala.jpeg"
FOTO-214C3C7156,Consejo Comunitario de Campo Brasil.jpeg,1YvaYsHhz0jKWjvYgLcS3_YjLlmMuyIfp,https://drive.google.com/file/d/1YvaYsHhz0jKWjvYgLcS3_YjLlmMuyIfp/view,MUNICIPIO,MOSTRAR_MUNICIPIO,Oriente,Ayala,,Oriente,Ayala,,0,Promotor,Javier Robles Mejía,,Lote por evento,/foto/FOTO-214C3C7156,,10,SI,214c3c7156fefcee8afcbc56954968234d064ec229cabc07163abf2cedee7431,339810,1,Consejo Comunitario,ayala-consejo-comunitario,,"Poligonos coordinados por  Dante Alquicira 2026. Oriente Sur/Ayala, Javier Robles Mejía/Consejo Comunitario/Consejo Comunitario de Campo Brasil.jpeg"
FOTO-0A3FAB40ED,"Consejo Comunitario el Vergel, Ayala 1.jpeg",1pE-0aFQ4nXOgKP-tzLD2OO8TDI7zPeOq,https://drive.google.com/file/d/1pE-0aFQ4nXOgKP-tzLD2OO8TDI7zPeOq/view,MUNICIPIO,MOSTRAR_MUNICIPIO,Oriente,Ayala,,Oriente,Ayala,,0,Promotor,Javier Robles Mejía,,Lote por evento,/foto/FOTO-0A3FAB40ED,,10,SI,0a3fab40ed1e8c9d626b4173a26951202444fb66590327bb704a4e626d6c9092,232823,1,Consejo Comunitario,ayala-consejo-comunitario,,"Poligonos coordinados por  Dante Alquicira 2026. Oriente Sur/Ayala, Javier Robles Mejía/Consejo Comunitario/Consejo Comunitario el Vergel, Ayala 1.jpeg"
FOTO-F5F8604137,"Consejo Comunitario el Vergel, Ayala 2..jpeg",1tt-yx23RiAn3H_9NC4GQ0oga2kz0e4yH,https://drive.google.com/file/d/1tt-yx23RiAn3H_9NC4GQ0oga2kz0e4yH/view,MUNICIPIO,MOSTRAR_MUNICIPIO,Oriente,Ayala,,Oriente,Ayala,,0,Promotor,Javier Robles Mejía,,Lote por evento,/foto/FOTO-F5F8604137,,10,SI,f5f86041378eea7aa410c695abfc8c06f3d39054a50e11372ae1873d5531c164,204267,1,Consejo Comunitario,ayala-consejo-comunitario,,"Poligonos coordinados por  Dante Alquicira 2026. Oriente Sur/Ayala, Javier Robles Mejía/Consejo Comunitario/Consejo Comunitario el Vergel, Ayala 2..jpeg"
FOTO-30D057EA19,"Consejo Comunitario, Chinameca, Crucero Ayala.jpeg",14rGiOGRH7AhlY_pjbVurygZu78wf_cdd,https://drive.google.com/file/d/14rGiOGRH7AhlY_pjbVurygZu78wf_cdd/view,MUNICIPIO,MOSTRAR_MUNICIPIO,Oriente,Ayala,,Oriente,Ayala,,0,Promotor,Javier Robles Mejía,,Lote por evento,/foto/FOTO-30D057EA19,,10,SI,30d057ea19ac81c78e2bda5c94f56ca742982ae592f9aa54dc91d03942b45993,345802,1,Consejo Comunitario,ayala-consejo-comunitario,,"Poligonos coordinados por  Dante Alquicira 2026. Oriente Sur/Ayala, Javier Robles Mejía/Consejo Comunitario/Consejo Comunitario, Chinameca, Crucero Ayala.jpeg"
FOTO-88872BE6F5,Consejo de ampliación la Cucaracha. Ayala.jpeg,1Z5bt9XMGae-mSNvGPTvn3-OmjX8AB7K-,https://drive.google.com/file/d/1Z5bt9XMGae-mSNvGPTvn3-OmjX8AB7K-/view,MUNICIPIO,MOSTRAR_MUNICIPIO,Oriente,Ayala,,Oriente,Ayala,,0,Promotor,Javier Robles Mejía,,Lote por evento,/foto/FOTO-88872BE6F5,,10,SI,88872be6f5d45d236aba18691b01b2c2a13f9878dd7f2f829caf6bfb4fc99d95,398953,1,Consejo Comunitario,ayala-consejo-comunitario,,"Poligonos coordinados por  Dante Alquicira 2026. Oriente Sur/Ayala, Javier Robles Mejía/Consejo Comunitario/Consejo de ampliación la Cucaracha. Ayala.jpeg"
FOTO-5AB20926C1,"Consejo de Chinameca, Centro. Ayala..jpeg",1ixo2Tt_4rm7ksgoZ63M9HVPVdbWYu54E,https://drive.google.com/file/d/1ixo2Tt_4rm7ksgoZ63M9HVPVdbWYu54E/view,MUNICIPIO,MOSTRAR_MUNICIPIO,Oriente,Ayala,,Oriente,Ayala,,0,Promotor,Javier Robles Mejía,,Lote por evento,/foto/FOTO-5AB20926C1,,10,SI,5ab20926c1023ab09a6a5301cad1dc7f26af61a121174200687e1c78003bf2ce,373945,1,Consejo Comunitario,ayala-consejo-comunitario,,"Poligonos coordinados por  Dante Alquicira 2026. Oriente Sur/Ayala, Javier Robles Mejía/Consejo Comunitario/Consejo de Chinameca, Centro. Ayala..jpeg"
FOTO-075FBF49EA,"Consejo de la ampliación Pablo Torres Burgos, Ayala..jpeg",1co3GXnz7xBiMBC7Zd5V3rfYtx7xqmFX5,https://drive.google.com/file/d/1co3GXnz7xBiMBC7Zd5V3rfYtx7xqmFX5/view,MUNICIPIO,MOSTRAR_MUNICIPIO,Oriente,Ayala,,Oriente,Ayala,,0,Promotor,Javier Robles Mejía,,Lote por evento,/foto/FOTO-075FBF49EA,,10,SI,075fbf49ea309ca515985f54df315a033d132e4e92ac8affaaa3eb6a7c6af4da,260378,1,Consejo Comunitario,ayala-consejo-comunitario,,"Poligonos coordinados por  Dante Alquicira 2026. Oriente Sur/Ayala, Javier Robles Mejía/Consejo Comunitario/Consejo de la ampliación Pablo Torres Burgos, Ayala..jpeg"
FOTO-55987A805A,Entrega de Jitomate 2. Ayala.13032026.jpeg,1ppvB6hDdZ1cz0HDf8-z8OvxekOuPfN9I,https://drive.google.com/file/d/1ppvB6hDdZ1cz0HDf8-z8OvxekOuPfN9I/view,MUNICIPIO,MOSTRAR_MUNICIPIO,Oriente,Ayala,,Oriente,Ayala,,0,Promotor,Javier Robles Mejía,,Lote por evento,/foto/FOTO-55987A805A,,10,SI,55987a805ac9598edac08c844c5d5f11da601e2ba86042bfc65a33f55f2bbe2b,307480,1,Entrega de hortalizas. Ayala,ayala-entrega-de-hortalizas-ayala,2026-03-13,"Poligonos coordinados por  Dante Alquicira 2026. Oriente Sur/Ayala, Javier Robles Mejía/Entrega de hortalizas. Ayala/Entrega de Jitomate 2. Ayala.13032026.jpeg"
FOTO-075FB15AC1,Entrega de Jitomate 4 Ayala.13032026.jpeg,1OD18XcFbAO6VCnRi7K3SbLtGy3ifsc0a,https://drive.google.com/file/d/1OD18XcFbAO6VCnRi7K3SbLtGy3ifsc0a/view,MUNICIPIO,MOSTRAR_MUNICIPIO,Oriente,Ayala,,Oriente,Ayala,,0,Promotor,Javier Robles Mejía,,Lote por evento,/foto/FOTO-075FB15AC1,,10,SI,075fb15ac19148071c3f496f41fa7e997000e2a6fef5d7d0c0811f4b43faf216,243298,1,Entrega de hortalizas. Ayala,ayala-entrega-de-hortalizas-ayala,2026-03-13,"Poligonos coordinados por  Dante Alquicira 2026. Oriente Sur/Ayala, Javier Robles Mejía/Entrega de hortalizas. Ayala/Entrega de Jitomate 4 Ayala.13032026.jpeg"
FOTO-228128BA3D,"Entrega de Jitomate en la comunidad de el Vergel, Ayala 1.jpeg",1GhGDkKoaqG-9inu7I-CXwvHMLuMCFdob,https://drive.google.com/file/d/1GhGDkKoaqG-9inu7I-CXwvHMLuMCFdob/view,MUNICIPIO,MOSTRAR_MUNICIPIO,Oriente,Ayala,,Oriente,Ayala,,0,Promotor,Javier Robles Mejía,,Lote por evento,/foto/FOTO-228128BA3D,,10,SI,228128ba3d9b5a83a2708ed0d8708480bf10fe35fcf9cfd1dd2cbea57369d2a9,171253,1,Entrega de hortalizas. Ayala,ayala-entrega-de-hortalizas-ayala,,"Poligonos coordinados por  Dante Alquicira 2026. Oriente Sur/Ayala, Javier Robles Mejía/Entrega de hortalizas. Ayala/Entrega de Jitomate en la comunidad de el Vergel, Ayala 1.jpeg"
FOTO-B87262AF28,"Entrega de Jitomate en la comunidad de el Vergel, Ayala 2.jpeg",1JX7HEerHdY4AdBkye4a1EMZQYWCWq_tu,https://drive.google.com/file/d/1JX7HEerHdY4AdBkye4a1EMZQYWCWq_tu/view,MUNICIPIO,MOSTRAR_MUNICIPIO,Oriente,Ayala,,Oriente,Ayala,,0,Promotor,Javier Robles Mejía,,Lote por evento,/foto/FOTO-B87262AF28,,10,SI,b87262af280daabb8fead5d77b135b900587a4e132de24086b8ee78d82c245fc,247393,1,Entrega de hortalizas. Ayala,ayala-entrega-de-hortalizas-ayala,,"Poligonos coordinados por  Dante Alquicira 2026. Oriente Sur/Ayala, Javier Robles Mejía/Entrega de hortalizas. Ayala/Entrega de Jitomate en la comunidad de el Vergel, Ayala 2.jpeg"
FOTO-0E04E6D1EA,"Entrega de Jitomate en la comunidad de el Vergel, Ayala 3.jpeg",1GYG5Q2e6ccukgjd7cdFdmxyJ7dVEPmFn,https://drive.google.com/file/d/1GYG5Q2e6ccukgjd7cdFdmxyJ7dVEPmFn/view,MUNICIPIO,MOSTRAR_MUNICIPIO,Oriente,Ayala,,Oriente,Ayala,,0,Promotor,Javier Robles Mejía,,Lote por evento,/foto/FOTO-0E04E6D1EA,,10,SI,0e04e6d1eac19ba885955d8224a73bd11aac53b34ef0e7922f45b612c52db182,167757,1,Entrega de hortalizas. Ayala,ayala-entrega-de-hortalizas-ayala,,"Poligonos coordinados por  Dante Alquicira 2026. Oriente Sur/Ayala, Javier Robles Mejía/Entrega de hortalizas. Ayala/Entrega de Jitomate en la comunidad de el Vergel, Ayala 3.jpeg"
FOTO-7817514408,Entrega de Jitomate. Ayala 1.13032026.jpeg,1usCQ6KJzJdDSbDiJ392EnfRB95OGwLva,https://drive.google.com/file/d/1usCQ6KJzJdDSbDiJ392EnfRB95OGwLva/view,MUNICIPIO,MOSTRAR_MUNICIPIO,Oriente,Ayala,,Oriente,Ayala,,0,Promotor,Javier Robles Mejía,,Lote por evento,/foto/FOTO-7817514408,,10,SI,781751440869e3af88169222b6e95632c88a83fca3fc8ab0c8b998215648def1,349209,1,Entrega de hortalizas. Ayala,ayala-entrega-de-hortalizas-ayala,2026-03-13,"Poligonos coordinados por  Dante Alquicira 2026. Oriente Sur/Ayala, Javier Robles Mejía/Entrega de hortalizas. Ayala/Entrega de Jitomate. Ayala 1.13032026.jpeg"
FOTO-04E0362E91,Entrega de Jitomate. Ayala.13032026..jpeg,1XaOHwEgnTRgvjoq1QgfTqz_E8rqk3cjx,https://drive.google.com/file/d/1XaOHwEgnTRgvjoq1QgfTqz_E8rqk3cjx/view,MUNICIPIO,MOSTRAR_MUNICIPIO,Oriente,Ayala,,Oriente,Ayala,,0,Promotor,Javier Robles Mejía,,Lote por evento,/foto/FOTO-04E0362E91,,10,SI,04e0362e916e61ccab5a96b69624f079f90ddb0aa64b0a5cfee3994fc1bd0243,295098,1,Entrega de hortalizas. Ayala,ayala-entrega-de-hortalizas-ayala,2026-03-13,"Poligonos coordinados por  Dante Alquicira 2026. Oriente Sur/Ayala, Javier Robles Mejía/Entrega de hortalizas. Ayala/Entrega de Jitomate. Ayala.13032026..jpeg"
FOTO-F8E4416AB6,"Entrega de Verduras y evento cultural del Vergel, Ayala. 2026-09-18 (1).jpeg",1DySJ7bIOBoBfFa5yOE0rBOkQvXm7F-B9,https://drive.google.com/file/d/1DySJ7bIOBoBfFa5yOE0rBOkQvXm7F-B9/view,MUNICIPIO,MOSTRAR_MUNICIPIO,Oriente,Ayala,,Oriente,Ayala,,0,Promotor,Javier Robles Mejía,,Lote por evento,/foto/FOTO-F8E4416AB6,,10,SI,f8e4416ab60f025081b10fd3c8b505d8fc3acabe6810bfb8d8884e5e1f9b5081,309219,1,Entrega de hortalizas. Ayala,ayala-entrega-de-hortalizas-ayala,2026-09-18,"Poligonos coordinados por  Dante Alquicira 2026. Oriente Sur/Ayala, Javier Robles Mejía/Entrega de hortalizas. Ayala/Entrega de Verduras y evento cultural del Vergel, Ayala. 2026-09-18 (1).jpeg"
FOTO-CDA4EEE338,"Entrega de Verduras y evento cultural del Vergel, Ayala. 2026-09-18 (2).jpeg",1OX2jffQOA3TCUBAEO1MCIpeWNNmfxxM8,https://drive.google.com/file/d/1OX2jffQOA3TCUBAEO1MCIpeWNNmfxxM8/view,MUNICIPIO,MOSTRAR_MUNICIPIO,Oriente,Ayala,,Oriente,Ayala,,0,Promotor,Javier Robles Mejía,,Lote por evento,/foto/FOTO-CDA4EEE338,,10,SI,cda4eee338e50dc944c590d2f25a838fc426f394903e2d4e90c4117d097a0613,426286,1,Entrega de hortalizas. Ayala,ayala-entrega-de-hortalizas-ayala,2026-09-18,"Poligonos coordinados por  Dante Alquicira 2026. Oriente Sur/Ayala, Javier Robles Mejía/Entrega de hortalizas. Ayala/Entrega de Verduras y evento cultural del Vergel, Ayala. 2026-09-18 (2).jpeg"
FOTO-54514D91D9,"Entrega de Verduras y evento cultural del Vergel, Ayala. 2026-09-18 (3).jpeg",1x3GitV0U4YZty2PpR1eZ0ulgwZaW_OoE,https://drive.google.com/file/d/1x3GitV0U4YZty2PpR1eZ0ulgwZaW_OoE/view,MUNICIPIO,MOSTRAR_MUNICIPIO,Oriente,Ayala,,Oriente,Ayala,,0,Promotor,Javier Robles Mejía,,Lote por evento,/foto/FOTO-54514D91D9,,10,SI,54514d91d9459e309f865afd504cfea613922208cbf82ccf5cd15c223ab9d7e5,386180,1,Entrega de hortalizas. Ayala,ayala-entrega-de-hortalizas-ayala,2026-09-18,"Poligonos coordinados por  Dante Alquicira 2026. Oriente Sur/Ayala, Javier Robles Mejía/Entrega de hortalizas. Ayala/Entrega de Verduras y evento cultural del Vergel, Ayala. 2026-09-18 (3).jpeg"
FOTO-23ADFF2D6D,"Entrega de Verduras y evento cultural del Vergel, Ayala. 2026-09-18.jpeg",1fafkkGUwxRjK7cLLIl1WogLqBLAh6lo2,https://drive.google.com/file/d/1fafkkGUwxRjK7cLLIl1WogLqBLAh6lo2/view,MUNICIPIO,MOSTRAR_MUNICIPIO,Oriente,Ayala,,Oriente,Ayala,,0,Promotor,Javier Robles Mejía,,Lote por evento,/foto/FOTO-23ADFF2D6D,,10,SI,23adff2d6de3f215faeb07e6065c1c7d7d8845e73b3851a5d5998c590cb8bebc,308580,1,Entrega de hortalizas. Ayala,ayala-entrega-de-hortalizas-ayala,2026-09-18,"Poligonos coordinados por  Dante Alquicira 2026. Oriente Sur/Ayala, Javier Robles Mejía/Entrega de hortalizas. Ayala/Entrega de Verduras y evento cultural del Vergel, Ayala. 2026-09-18.jpeg"
FOTO-C37BCCE87C,WhatsApp Image 2026-01-21 at 10.50.31 AM (2).jpeg,1VDXd_bD2kImJtN4amTlY4cg97zd4m6k3,https://drive.google.com/file/d/1VDXd_bD2kImJtN4amTlY4cg97zd4m6k3/view,MUNICIPIO,MOSTRAR_MUNICIPIO,Oriente,Ayala,,Oriente,Ayala,,0,Promotor,Javier Robles Mejía,,Lote por evento,/foto/FOTO-C37BCCE87C,,10,SI,c37bcce87c9e0eafacd59e899106c43e4b8767de6b95b6cb72dc5a74b1af41a4,287153,1,Entrega de juguetes,ayala-entrega-de-juguetes,2026-01-21,"Poligonos coordinados por  Dante Alquicira 2026. Oriente Sur/Ayala, Javier Robles Mejía/Entrega de juguetes/WhatsApp Image 2026-01-21 at 10.50.31 AM (2).jpeg"
FOTO-E4618E9EC3,WhatsApp Image 2026-01-21 at 10.50.31 AM (3).jpeg,171sFO6LyzmXZTYDCKowOgbhTI4M5GV0x,https://drive.google.com/file/d/171sFO6LyzmXZTYDCKowOgbhTI4M5GV0x/view,MUNICIPIO,MOSTRAR_MUNICIPIO,Oriente,Ayala,,Oriente,Ayala,,0,Promotor,Javier Robles Mejía,,Lote por evento,/foto/FOTO-E4618E9EC3,,10,SI,e4618e9ec30ca729db5637ff512be6efa5e78aecf7f9f873a2c42fbe745fd0eb,468861,1,Entrega de juguetes,ayala-entrega-de-juguetes,2026-01-21,"Poligonos coordinados por  Dante Alquicira 2026. Oriente Sur/Ayala, Javier Robles Mejía/Entrega de juguetes/WhatsApp Image 2026-01-21 at 10.50.31 AM (3).jpeg"
FOTO-09380E9298,WhatsApp Image 2026-01-21 at 10.50.31 AM (5).jpeg,16Npbigd2GwGnqhMEbptn1Px7286wS840,https://drive.google.com/file/d/16Npbigd2GwGnqhMEbptn1Px7286wS840/view,MUNICIPIO,MOSTRAR_MUNICIPIO,Oriente,Ayala,,Oriente,Ayala,,0,Promotor,Javier Robles Mejía,,Lote por evento,/foto/FOTO-09380E9298,,10,SI,09380e92981b76cc019823592a23368565aed7b236ca6e010f4203f097c8a510,286688,1,Entrega de juguetes,ayala-entrega-de-juguetes,2026-01-21,"Poligonos coordinados por  Dante Alquicira 2026. Oriente Sur/Ayala, Javier Robles Mejía/Entrega de juguetes/WhatsApp Image 2026-01-21 at 10.50.31 AM (5).jpeg"
FOTO-31E3430F79,Banda de marcha del programa Petate de Colores.jpeg,1yy_5F1QMAfZAaGLdPR0hXCDxyefy4qXE,https://drive.google.com/file/d/1yy_5F1QMAfZAaGLdPR0hXCDxyefy4qXE/view,MUNICIPIO,MOSTRAR_MUNICIPIO,Oriente,Ayala,,Oriente,Ayala,,0,Promotor,Javier Robles Mejía,,Lote por evento,/foto/FOTO-31E3430F79,,10,SI,31e3430f792897f1cdf87cd9ddeeb99f1348d32c7abec7207c72576d02652fe3,151812,1,Petate de Colores,ayala-petate-de-colores,,"Poligonos coordinados por  Dante Alquicira 2026. Oriente Sur/Ayala, Javier Robles Mejía/Petate de Colores/Banda de marcha del programa Petate de Colores.jpeg"
FOTO-AD522106F2,Beneficiario del Programa Petate de Colores..jpeg,166-OhOZ4IVdD96PbwTP7NsshdGDtMTbf,https://drive.google.com/file/d/166-OhOZ4IVdD96PbwTP7NsshdGDtMTbf/view,MUNICIPIO,MOSTRAR_MUNICIPIO,Oriente,Ayala,,Oriente,Ayala,,0,Promotor,Javier Robles Mejía,,Lote por evento,/foto/FOTO-AD522106F2,,10,SI,ad522106f257b2d35318a7dc21aa393969cdc9783fef0e745b821e8727ae5855,127534,1,Petate de Colores,ayala-petate-de-colores,,"Poligonos coordinados por  Dante Alquicira 2026. Oriente Sur/Ayala, Javier Robles Mejía/Petate de Colores/Beneficiario del Programa Petate de Colores..jpeg"
FOTO-04E5479E0E,Elaboración de Sombreros del Programa Petates de Colores 1 en Ayala.jpeg,1dZODR9m2zYp2QsdyJAE5olyW_146oCT8,https://drive.google.com/file/d/1dZODR9m2zYp2QsdyJAE5olyW_146oCT8/view,MUNICIPIO,MOSTRAR_MUNICIPIO,Oriente,Ayala,,Oriente,Ayala,,0,Promotor,Javier Robles Mejía,,Lote por evento,/foto/FOTO-04E5479E0E,,10,SI,04e5479e0e7d24d2f7e9aad4d51a862c78e8533fa4086c38a5b3fd4f7b38824b,202796,1,Petate de Colores,ayala-petate-de-colores,,"Poligonos coordinados por  Dante Alquicira 2026. Oriente Sur/Ayala, Javier Robles Mejía/Petate de Colores/Elaboración de Sombreros del Programa Petates de Colores 1 en Ayala.jpeg"
FOTO-F4AEBB1404,Elaboración de Sombreros del Programa Petates de Colores 2 en Ayala.jpeg,1mVxaaOJe2XO9SG38VXR-tMzl7UnE3Gqf,https://drive.google.com/file/d/1mVxaaOJe2XO9SG38VXR-tMzl7UnE3Gqf/view,MUNICIPIO,MOSTRAR_MUNICIPIO,Oriente,Ayala,,Oriente,Ayala,,0,Promotor,Javier Robles Mejía,,Lote por evento,/foto/FOTO-F4AEBB1404,,10,SI,f4aebb1404ed9558751c5c5dd89f50639d74919516ff8373f05db812c2b21ca8,200197,1,Petate de Colores,ayala-petate-de-colores,,"Poligonos coordinados por  Dante Alquicira 2026. Oriente Sur/Ayala, Javier Robles Mejía/Petate de Colores/Elaboración de Sombreros del Programa Petates de Colores 2 en Ayala.jpeg"
FOTO-F40CEC3167,"Entrega de carpetas de Piso Firme, Ayala 2026-08-28.jpeg",1jZLY6BPOI_BbkCfKHcQaV7jT-5a5DgJ5,https://drive.google.com/file/d/1jZLY6BPOI_BbkCfKHcQaV7jT-5a5DgJ5/view,MUNICIPIO,MOSTRAR_MUNICIPIO,Oriente,Ayala,,Oriente,Ayala,,0,Promotor,Javier Robles Mejía,,Lote por evento,/foto/FOTO-F40CEC3167,,10,SI,f40cec3167e655ae7fae32253c84e9f70237e3729d772cf6d208b0fa52c2b123,378276,1,Piso Firme,ayala-piso-firme,2026-08-28,"Poligonos coordinados por  Dante Alquicira 2026. Oriente Sur/Ayala, Javier Robles Mejía/Piso Firme/Entrega de carpetas de Piso Firme, Ayala 2026-08-28.jpeg"
FOTO-DC5DE1EB64,"Registros de piso firmes en el Vergel, Ayala 1 2026-09-08.jpeg",189lyiGJqHTgn-fVQ89C2B-K81yNkcCHW,https://drive.google.com/file/d/189lyiGJqHTgn-fVQ89C2B-K81yNkcCHW/view,MUNICIPIO,MOSTRAR_MUNICIPIO,Oriente,Ayala,,Oriente,Ayala,,0,Promotor,Javier Robles Mejía,,Lote por evento,/foto/FOTO-DC5DE1EB64,,10,SI,dc5de1eb64ad8807cab0e4295a4d426649b50120d2b3c4d2d107d08d44135ad3,291849,1,Piso Firme,ayala-piso-firme,2026-09-08,"Poligonos coordinados por  Dante Alquicira 2026. Oriente Sur/Ayala, Javier Robles Mejía/Piso Firme/Registros de piso firmes en el Vergel, Ayala 1 2026-09-08.jpeg"
FOTO-F2B40078EB,"Registros de piso firmes en el Vergel, Ayala 2 2026-09-08.jpeg",1bhJvFJCYHdp41ttPj3tjN7Iv3P-WJET_,https://drive.google.com/file/d/1bhJvFJCYHdp41ttPj3tjN7Iv3P-WJET_/view,MUNICIPIO,MOSTRAR_MUNICIPIO,Oriente,Ayala,,Oriente,Ayala,,0,Promotor,Javier Robles Mejía,,Lote por evento,/foto/FOTO-F2B40078EB,,10,SI,f2b40078ebf8a33c1fe6a1b2b35dcdcec6a891fc4ea7102b89837ec28660bab9,296907,1,Piso Firme,ayala-piso-firme,2026-09-08,"Poligonos coordinados por  Dante Alquicira 2026. Oriente Sur/Ayala, Javier Robles Mejía/Piso Firme/Registros de piso firmes en el Vergel, Ayala 2 2026-09-08.jpeg"
FOTO-CACF5D8586,Recorrido a territorio 2026-01-28.jpeg,1zrk_grf-7-p8gTtIO3NucQNuup9kpOgm,https://drive.google.com/file/d/1zrk_grf-7-p8gTtIO3NucQNuup9kpOgm/view,MUNICIPIO,MOSTRAR_MUNICIPIO,Oriente,Ayala,,Oriente,Ayala,,0,Promotor,Javier Robles Mejía,,Lote por evento,/foto/FOTO-CACF5D8586,,10,SI,cacf5d858646ad82283ae0dc6b4c3e147c4b8659ab52a5401542d1dd7d7f0765,74797,1,Recorrido a territorio,ayala-recorrido-a-territorio,2026-01-28,"Poligonos coordinados por  Dante Alquicira 2026. Oriente Sur/Ayala, Javier Robles Mejía/Recorrido a territorio 2026-01-28.jpeg"
FOTO-C9BF00D93F,Tequio en comunidad de Ayala 1 2026-09-10.jpeg,17RnS748B2W2CTrY1aZVUHyFMTdOA-DDw,https://drive.google.com/file/d/17RnS748B2W2CTrY1aZVUHyFMTdOA-DDw/view,MUNICIPIO,MOSTRAR_MUNICIPIO,Oriente,Ayala,,Oriente,Ayala,,0,Promotor,Javier Robles Mejía,,Lote por evento,/foto/FOTO-C9BF00D93F,,10,SI,c9bf00d93fb51420ca206aaee93ed394b8dc9596a2489f0db47aebc002288329,412897,1,Tequio- Faena,ayala-tequio-faena,2026-09-10,"Poligonos coordinados por  Dante Alquicira 2026. Oriente Sur/Ayala, Javier Robles Mejía/Tequio- Faena/Tequio en comunidad de Ayala 1 2026-09-10.jpeg"
FOTO-2663FE37B9,Tequio en comunidad de Ayala 2 2026-09-10.jpeg,18_AgK929MbAbUQYgVNXF5ko41tOCTVbB,https://drive.google.com/file/d/18_AgK929MbAbUQYgVNXF5ko41tOCTVbB/view,MUNICIPIO,MOSTRAR_MUNICIPIO,Oriente,Ayala,,Oriente,Ayala,,0,Promotor,Javier Robles Mejía,,Lote por evento,/foto/FOTO-2663FE37B9,,10,SI,2663fe37b9022058c3da79de12e87499b8e143f15518a0e55c9932bb2d78187d,336109,1,Tequio- Faena,ayala-tequio-faena,2026-09-10,"Poligonos coordinados por  Dante Alquicira 2026. Oriente Sur/Ayala, Javier Robles Mejía/Tequio- Faena/Tequio en comunidad de Ayala 2 2026-09-10.jpeg"
FOTO-396A4CA697,Elección de Consejo de Iztaxihuatl..jpeg,1GGVav54VukYQmtDVAeQQShXm73KzHIxa,https://drive.google.com/file/d/1GGVav54VukYQmtDVAeQQShXm73KzHIxa/view,MUNICIPIO,MOSTRAR_MUNICIPIO,Oriente,Cuautla,,Oriente,Cuautla,,0,Promotor,Mel Villegas,,Lote por evento,/foto/FOTO-396A4CA697,,10,SI,396a4ca697973a40bce50fb1d4898cb308c4f3273edd2933334f253c74cd9502,132265,1,Consejos Comunitarios,cuautla-consejos-comunitarios,,"Poligonos coordinados por  Dante Alquicira 2026. Oriente Sur/Cuautla, Mel Villegas/Consejos Comunitarios/Elección de Consejo de Iztaxihuatl..jpeg"
FOTO-F990639AAE,Elección del consejo comunitario en Nicolas Tapia Cuautla.jpeg,1fLKqqV24eAi_9mCeMgO9VGFff1-p2Dsr,https://drive.google.com/file/d/1fLKqqV24eAi_9mCeMgO9VGFff1-p2Dsr/view,MUNICIPIO,MOSTRAR_MUNICIPIO,Oriente,Cuautla,,Oriente,Cuautla,,0,Promotor,Mel Villegas,,Lote por evento,/foto/FOTO-F990639AAE,,10,SI,f990639aaeb2e500cff2a2b764c8886f2c8dda2e99dabcfdcf520727da58ef4d,317264,1,Consejos Comunitarios,cuautla-consejos-comunitarios,,"Poligonos coordinados por  Dante Alquicira 2026. Oriente Sur/Cuautla, Mel Villegas/Consejos Comunitarios/Elección del consejo comunitario en Nicolas Tapia Cuautla.jpeg"
FOTO-34B26082D9,Entrega de Juguetes  2026-01-21.jpeg,10e2NOHk1zJiTxU_9d_pMM6CZUphToUKH,https://drive.google.com/file/d/10e2NOHk1zJiTxU_9d_pMM6CZUphToUKH/view,MUNICIPIO,MOSTRAR_MUNICIPIO,Oriente,Cuautla,,Oriente,Cuautla,,0,Promotor,Mel Villegas,,Lote por evento,/foto/FOTO-34B26082D9,,10,SI,34b26082d97ee1822703137224a01841ee10217b51f5b87169a7fa1594a0acc7,162638,1,Consejos Comunitarios,cuautla-consejos-comunitarios,2026-01-21,"Poligonos coordinados por  Dante Alquicira 2026. Oriente Sur/Cuautla, Mel Villegas/Consejos Comunitarios/Entrega de Juguetes  2026-01-21.jpeg"
FOTO-A68A5257D2,Entrega de árboles 2026-09-21.jpeg,1LA1WnyaD-Nc6_cT7qdA6_HHW-k-MOfMX,https://drive.google.com/file/d/1LA1WnyaD-Nc6_cT7qdA6_HHW-k-MOfMX/view,MUNICIPIO,MOSTRAR_MUNICIPIO,Oriente,Cuautla,,Oriente,Cuautla,,0,Promotor,Mel Villegas,,Lote por evento,/foto/FOTO-A68A5257D2,,10,SI,a68a5257d2ff504a97a063cf31b070e475506a66768ac5a56982330ea193a93e,333675,1,Consejos Comunitarios,cuautla-consejos-comunitarios,2026-09-21,"Poligonos coordinados por  Dante Alquicira 2026. Oriente Sur/Cuautla, Mel Villegas/Consejos Comunitarios/Entrega de árboles 2026-09-21.jpeg"
FOTO-43B83BF771,Reunión con consejos comunitarios 2026-09-21 (1).jpeg,1YIwijF9jg1eAxF8yzHW8XpijeFfsWMdM,https://drive.google.com/file/d/1YIwijF9jg1eAxF8yzHW8XpijeFfsWMdM/view,MUNICIPIO,MOSTRAR_MUNICIPIO,Oriente,Cuautla,,Oriente,Cuautla,,0,Promotor,Mel Villegas,,Lote por evento,/foto/FOTO-43B83BF771,,10,SI,43b83bf771147c31881030cf2136a7a69c00b3fa9747fd38580107a5badd07c0,202030,1,Consejos Comunitarios,cuautla-consejos-comunitarios,2026-09-21,"Poligonos coordinados por  Dante Alquicira 2026. Oriente Sur/Cuautla, Mel Villegas/Consejos Comunitarios/Reunión con consejos comunitarios 2026-09-21 (1).jpeg"
FOTO-ADE0CD093A,Reunión con consejos comunitarios 2026-09-21.jpeg,1QtQYYgyIrp8Kv4KHVbQGkDXMBXAuq-zI,https://drive.google.com/file/d/1QtQYYgyIrp8Kv4KHVbQGkDXMBXAuq-zI/view,MUNICIPIO,MOSTRAR_MUNICIPIO,Oriente,Cuautla,,Oriente,Cuautla,,0,Promotor,Mel Villegas,,Lote por evento,/foto/FOTO-ADE0CD093A,,10,SI,ade0cd093abe70ec0ee7c226e359ae9b39ec219ae6b3502da36d2a8f686db63b,58357,1,Consejos Comunitarios,cuautla-consejos-comunitarios,2026-09-21,"Poligonos coordinados por  Dante Alquicira 2026. Oriente Sur/Cuautla, Mel Villegas/Consejos Comunitarios/Reunión con consejos comunitarios 2026-09-21.jpeg"
FOTO-12F0C4EBD3,WhatsApp Image 2026-09-21 at 11.52.56 AM (1).jpeg,1T_oOe6lxsRTQln7o4l8gvfajkY5s3PgE,https://drive.google.com/file/d/1T_oOe6lxsRTQln7o4l8gvfajkY5s3PgE/view,MUNICIPIO,MOSTRAR_MUNICIPIO,Oriente,Cuautla,,Oriente,Cuautla,,0,Promotor,Mel Villegas,,Lote por evento,/foto/FOTO-12F0C4EBD3,,10,SI,12f0c4ebd398208320279491b8274bdefba2fbde016498facb68533795c8a49e,146595,1,Consejos Comunitarios,cuautla-consejos-comunitarios,2026-09-21,"Poligonos coordinados por  Dante Alquicira 2026. Oriente Sur/Cuautla, Mel Villegas/Consejos Comunitarios/WhatsApp Image 2026-09-21 at 11.52.56 AM (1).jpeg"
FOTO-DAD0C10E20,WhatsApp Image 2026-09-21 at 11.53.02 AM.jpeg,1MVINIzcrgD4CMNkhkBGiBiSIZxqWXeJN,https://drive.google.com/file/d/1MVINIzcrgD4CMNkhkBGiBiSIZxqWXeJN/view,MUNICIPIO,MOSTRAR_MUNICIPIO,Oriente,Cuautla,,Oriente,Cuautla,,0,Promotor,Mel Villegas,,Lote por evento,/foto/FOTO-DAD0C10E20,,10,SI,dad0c10e20a8fa557fa44f97736817259780bb6baca53af8f6ba9b267e3b77a2,1996554,1,Consejos Comunitarios,cuautla-consejos-comunitarios,2026-09-21,"Poligonos coordinados por  Dante Alquicira 2026. Oriente Sur/Cuautla, Mel Villegas/Consejos Comunitarios/WhatsApp Image 2026-09-21 at 11.53.02 AM.jpeg"
FOTO-76BC16C2A6,WhatsApp Image 2026-09-21 at 11.53.04 AM.jpeg,1lwIh2rNggwErABqcSDjz6mej7DlvKxYU,https://drive.google.com/file/d/1lwIh2rNggwErABqcSDjz6mej7DlvKxYU/view,MUNICIPIO,MOSTRAR_MUNICIPIO,Oriente,Cuautla,,Oriente,Cuautla,,0,Promotor,Mel Villegas,,Lote por evento,/foto/FOTO-76BC16C2A6,,10,SI,76bc16c2a64c70d9da789b8b3129743a8380fc6db60e2b3617995ce29be3a395,361405,1,Consejos Comunitarios,cuautla-consejos-comunitarios,2026-09-21,"Poligonos coordinados por  Dante Alquicira 2026. Oriente Sur/Cuautla, Mel Villegas/Consejos Comunitarios/WhatsApp Image 2026-09-21 at 11.53.04 AM.jpeg"
FOTO-DF06353EF5,WhatsApp Image 2026-09-21 at 11.53.05 AM.jpeg,1VCIzXRVdZjj3xAVnPVGsU2oI1Z7BT7wG,https://drive.google.com/file/d/1VCIzXRVdZjj3xAVnPVGsU2oI1Z7BT7wG/view,MUNICIPIO,MOSTRAR_MUNICIPIO,Oriente,Cuautla,,Oriente,Cuautla,,0,Promotor,Mel Villegas,,Lote por evento,/foto/FOTO-DF06353EF5,,10,SI,df06353ef5f19eb43cb53fc3e20ff476721df6893c8aa3cd581c0984f402afe7,118077,1,Consejos Comunitarios,cuautla-consejos-comunitarios,2026-09-21,"Poligonos coordinados por  Dante Alquicira 2026. Oriente Sur/Cuautla, Mel Villegas/Consejos Comunitarios/WhatsApp Image 2026-09-21 at 11.53.05 AM.jpeg"
FOTO-CF48DE6C18,WhatsApp Image 2026-09-21 at 11.53.06 AM (1).jpeg,1lJrq7Ezr6d5spOIkDdlnDSwqhirTlgIn,https://drive.google.com/file/d/1lJrq7Ezr6d5spOIkDdlnDSwqhirTlgIn/view,MUNICIPIO,MOSTRAR_MUNICIPIO,Oriente,Cuautla,,Oriente,Cuautla,,0,Promotor,Mel Villegas,,Lote por evento,/foto/FOTO-CF48DE6C18,,10,SI,cf48de6c185b7cdffca2978d177ef8b20f4a138a79419d15c98fd34bddffbb98,391508,1,Consejos Comunitarios,cuautla-consejos-comunitarios,2026-09-21,"Poligonos coordinados por  Dante Alquicira 2026. Oriente Sur/Cuautla, Mel Villegas/Consejos Comunitarios/WhatsApp Image 2026-09-21 at 11.53.06 AM (1).jpeg"
FOTO-1AE938E7F8,WhatsApp Image 2026-09-21 at 11.53.07 AM (1).jpeg,18Lg4b8lsmQUxfozOHT58mkiqz2fRi3lt,https://drive.google.com/file/d/18Lg4b8lsmQUxfozOHT58mkiqz2fRi3lt/view,MUNICIPIO,MOSTRAR_MUNICIPIO,Oriente,Cuautla,,Oriente,Cuautla,,0,Promotor,Mel Villegas,,Lote por evento,/foto/FOTO-1AE938E7F8,,10,SI,1ae938e7f82008af4cc5f535cafe7913a5597f3240896f5209db10e9a615a7bf,184775,1,Consejos Comunitarios,cuautla-consejos-comunitarios,2026-09-21,"Poligonos coordinados por  Dante Alquicira 2026. Oriente Sur/Cuautla, Mel Villegas/Consejos Comunitarios/WhatsApp Image 2026-09-21 at 11.53.07 AM (1).jpeg"
FOTO-68198C3365,WhatsApp Image 2026-09-21 at 11.53.07 AM.jpeg,1lo6AfiwF6CJsZAM1G8ZOJucI1BSOkeNw,https://drive.google.com/file/d/1lo6AfiwF6CJsZAM1G8ZOJucI1BSOkeNw/view,MUNICIPIO,MOSTRAR_MUNICIPIO,Oriente,Cuautla,,Oriente,Cuautla,,0,Promotor,Mel Villegas,,Lote por evento,/foto/FOTO-68198C3365,,10,SI,68198c3365b97abe8ffcb664ec17d0aa9ccc81acc7ed6ac180c2b315b8caa03f,234669,1,Consejos Comunitarios,cuautla-consejos-comunitarios,2026-09-21,"Poligonos coordinados por  Dante Alquicira 2026. Oriente Sur/Cuautla, Mel Villegas/Consejos Comunitarios/WhatsApp Image 2026-09-21 at 11.53.07 AM.jpeg"
FOTO-2A73F7AA41,WhatsApp Image 2026-09-21 at 11.53.08 AM.jpeg,19MV17kDDnS56CRB6HD9nECaYkETiMt8b,https://drive.google.com/file/d/19MV17kDDnS56CRB6HD9nECaYkETiMt8b/view,MUNICIPIO,MOSTRAR_MUNICIPIO,Oriente,Cuautla,,Oriente,Cuautla,,0,Promotor,Mel Villegas,,Lote por evento,/foto/FOTO-2A73F7AA41,,10,SI,2a73f7aa414c2e1271e2efc2b8008759660e339eed72243454593fa40d93eeaf,279838,1,Consejos Comunitarios,cuautla-consejos-comunitarios,2026-09-21,"Poligonos coordinados por  Dante Alquicira 2026. Oriente Sur/Cuautla, Mel Villegas/Consejos Comunitarios/WhatsApp Image 2026-09-21 at 11.53.08 AM.jpeg"
FOTO-211A1C5ECD,WhatsApp Image 2026-09-21 at 11.53.15 AM (1).jpeg,1wm6dC5SH2N5A17UOvE1C1sT09O-W32V1,https://drive.google.com/file/d/1wm6dC5SH2N5A17UOvE1C1sT09O-W32V1/view,MUNICIPIO,MOSTRAR_MUNICIPIO,Oriente,Cuautla,,Oriente,Cuautla,,0,Promotor,Mel Villegas,,Lote por evento,/foto/FOTO-211A1C5ECD,,10,SI,211a1c5ecdc465d0dfca41ed9dc0ca62f1330b26aefdcd82f67510d4dc3286be,328852,1,Consejos Comunitarios,cuautla-consejos-comunitarios,2026-09-21,"Poligonos coordinados por  Dante Alquicira 2026. Oriente Sur/Cuautla, Mel Villegas/Consejos Comunitarios/WhatsApp Image 2026-09-21 at 11.53.15 AM (1).jpeg"
FOTO-DE74600086,WhatsApp Image 2026-09-21 at 11.53.17 AM.jpeg,18QdIWJnSqKYL9et3hip1e98nk44YAgX1,https://drive.google.com/file/d/18QdIWJnSqKYL9et3hip1e98nk44YAgX1/view,MUNICIPIO,MOSTRAR_MUNICIPIO,Oriente,Cuautla,,Oriente,Cuautla,,0,Promotor,Mel Villegas,,Lote por evento,/foto/FOTO-DE74600086,,10,SI,de746000867523bce2de562bca9108e1a7d02e2e2e6670cf10df21f0f6c65369,400779,1,Consejos Comunitarios,cuautla-consejos-comunitarios,2026-09-21,"Poligonos coordinados por  Dante Alquicira 2026. Oriente Sur/Cuautla, Mel Villegas/Consejos Comunitarios/WhatsApp Image 2026-09-21 at 11.53.17 AM.jpeg"
FOTO-9058555B23,WhatsApp Image 2026-09-21 at 11.57.14 AM (1).jpeg,1zpZ2s2cZ4t29lEPvX9SGtMaaxAT3rWmk,https://drive.google.com/file/d/1zpZ2s2cZ4t29lEPvX9SGtMaaxAT3rWmk/view,MUNICIPIO,MOSTRAR_MUNICIPIO,Oriente,Cuautla,,Oriente,Cuautla,,0,Promotor,Mel Villegas,,Lote por evento,/foto/FOTO-9058555B23,,10,SI,9058555b23e727065a11281107fe83758fabe4e7ebdf7d478e4798bdc3273569,69403,1,Consejos Comunitarios,cuautla-consejos-comunitarios,2026-09-21,"Poligonos coordinados por  Dante Alquicira 2026. Oriente Sur/Cuautla, Mel Villegas/Consejos Comunitarios/WhatsApp Image 2026-09-21 at 11.57.14 AM (1).jpeg"
FOTO-F1C7073DA6,WhatsApp Image 2026-09-21 at 11.57.14 AM.jpeg,1LIERNyWvW1xHIopBZUOB9gAwuh5DxyE3,https://drive.google.com/file/d/1LIERNyWvW1xHIopBZUOB9gAwuh5DxyE3/view,MUNICIPIO,MOSTRAR_MUNICIPIO,Oriente,Cuautla,,Oriente,Cuautla,,0,Promotor,Mel Villegas,,Lote por evento,/foto/FOTO-F1C7073DA6,,10,SI,f1c7073da68f3505a7611c40eb5dd591a80211c2c6e4f4b3a8ab74a783fc1d98,231666,1,Consejos Comunitarios,cuautla-consejos-comunitarios,2026-09-21,"Poligonos coordinados por  Dante Alquicira 2026. Oriente Sur/Cuautla, Mel Villegas/Consejos Comunitarios/WhatsApp Image 2026-09-21 at 11.57.14 AM.jpeg"
FOTO-2955745ADD,WhatsApp Image 2026-09-21 at 11.57.18 AM (1).jpeg,1NLiqCa9ngTB4AbticBSWaOcxwkixQwif,https://drive.google.com/file/d/1NLiqCa9ngTB4AbticBSWaOcxwkixQwif/view,MUNICIPIO,MOSTRAR_MUNICIPIO,Oriente,Cuautla,,Oriente,Cuautla,,0,Promotor,Mel Villegas,,Lote por evento,/foto/FOTO-2955745ADD,,10,SI,2955745add69a1fcf63730d101da4e3dc25f896c8ff3f267831ccc930e80778c,291952,1,Consejos Comunitarios,cuautla-consejos-comunitarios,2026-09-21,"Poligonos coordinados por  Dante Alquicira 2026. Oriente Sur/Cuautla, Mel Villegas/Consejos Comunitarios/WhatsApp Image 2026-09-21 at 11.57.18 AM (1).jpeg"
FOTO-81C01ECEF1,WhatsApp Image 2026-09-21 at 11.57.18 AM.jpeg,1CcnISDJ4wHP15b2E9RjtOaK26eDzf-k-,https://drive.google.com/file/d/1CcnISDJ4wHP15b2E9RjtOaK26eDzf-k-/view,MUNICIPIO,MOSTRAR_MUNICIPIO,Oriente,Cuautla,,Oriente,Cuautla,,0,Promotor,Mel Villegas,,Lote por evento,/foto/FOTO-81C01ECEF1,,10,SI,81c01ecef128d4699405641e79cdc7e14b5632a55468b34af3dfd82378df4988,291685,1,Consejos Comunitarios,cuautla-consejos-comunitarios,2026-09-21,"Poligonos coordinados por  Dante Alquicira 2026. Oriente Sur/Cuautla, Mel Villegas/Consejos Comunitarios/WhatsApp Image 2026-09-21 at 11.57.18 AM.jpeg"
FOTO-5AF7AEDAF5,WhatsApp Image 2026-09-21 at 11.57.19 AM (1).jpeg,1HVc3nuEKOrxaumQ8Mo5bSMFZlXFt-LTr,https://drive.google.com/file/d/1HVc3nuEKOrxaumQ8Mo5bSMFZlXFt-LTr/view,MUNICIPIO,MOSTRAR_MUNICIPIO,Oriente,Cuautla,,Oriente,Cuautla,,0,Promotor,Mel Villegas,,Lote por evento,/foto/FOTO-5AF7AEDAF5,,10,SI,5af7aedaf5e97eeda1586e49c28e7cf5af5d91a19a8f81072b8c175ada6a2b10,247461,1,Consejos Comunitarios,cuautla-consejos-comunitarios,2026-09-21,"Poligonos coordinados por  Dante Alquicira 2026. Oriente Sur/Cuautla, Mel Villegas/Consejos Comunitarios/WhatsApp Image 2026-09-21 at 11.57.19 AM (1).jpeg"
FOTO-44550F4573,WhatsApp Image 2026-09-21 at 11.57.19 AM.jpeg,1BZcdkdYgKwwt7D3BUyJ1kSQksS1X_Lm6,https://drive.google.com/file/d/1BZcdkdYgKwwt7D3BUyJ1kSQksS1X_Lm6/view,MUNICIPIO,MOSTRAR_MUNICIPIO,Oriente,Cuautla,,Oriente,Cuautla,,0,Promotor,Mel Villegas,,Lote por evento,/foto/FOTO-44550F4573,,10,SI,44550f457310d613010cd276ab665c89941d8545b592f636a5227794db65ed25,289092,1,Consejos Comunitarios,cuautla-consejos-comunitarios,2026-09-21,"Poligonos coordinados por  Dante Alquicira 2026. Oriente Sur/Cuautla, Mel Villegas/Consejos Comunitarios/WhatsApp Image 2026-09-21 at 11.57.19 AM.jpeg"
FOTO-9C07F82B99,WhatsApp Image 2026-09-21 at 11.57.20 AM.jpeg,1LY-RjSfEGodXmiTZjXaR7BHU7ulI8rUL,https://drive.google.com/file/d/1LY-RjSfEGodXmiTZjXaR7BHU7ulI8rUL/view,MUNICIPIO,MOSTRAR_MUNICIPIO,Oriente,Cuautla,,Oriente,Cuautla,,0,Promotor,Mel Villegas,,Lote por evento,/foto/FOTO-9C07F82B99,,10,SI,9c07f82b992976a288c0cbada22abe18470fc9b14d5a844d0470862c87a0a763,209519,1,Consejos Comunitarios,cuautla-consejos-comunitarios,2026-09-21,"Poligonos coordinados por  Dante Alquicira 2026. Oriente Sur/Cuautla, Mel Villegas/Consejos Comunitarios/WhatsApp Image 2026-09-21 at 11.57.20 AM.jpeg"
FOTO-CC893FFF05,WhatsApp Image 2026-09-21 at 11.57.24 AM (1).jpeg,1ESwR6W3ewwAvlpDyB1zdFfMiU_shGQU_,https://drive.google.com/file/d/1ESwR6W3ewwAvlpDyB1zdFfMiU_shGQU_/view,MUNICIPIO,MOSTRAR_MUNICIPIO,Oriente,Cuautla,,Oriente,Cuautla,,0,Promotor,Mel Villegas,,Lote por evento,/foto/FOTO-CC893FFF05,,10,SI,cc893fff0517c64f28a5ad156507c7afe846d61098c82b34b259edf45152691c,282385,1,Consejos Comunitarios,cuautla-consejos-comunitarios,2026-09-21,"Poligonos coordinados por  Dante Alquicira 2026. Oriente Sur/Cuautla, Mel Villegas/Consejos Comunitarios/WhatsApp Image 2026-09-21 at 11.57.24 AM (1).jpeg"
FOTO-EA2A5AA83A,WhatsApp Image 2026-09-21 at 11.57.24 AM (2).jpeg,16wad-8FtM1Sli4TYboUzxWpLRBzYjR7c,https://drive.google.com/file/d/16wad-8FtM1Sli4TYboUzxWpLRBzYjR7c/view,MUNICIPIO,MOSTRAR_MUNICIPIO,Oriente,Cuautla,,Oriente,Cuautla,,0,Promotor,Mel Villegas,,Lote por evento,/foto/FOTO-EA2A5AA83A,,10,SI,ea2a5aa83a5d4e9dc462a125a6553c5e67c9144415364ad961d30002182bd79f,310168,1,Consejos Comunitarios,cuautla-consejos-comunitarios,2026-09-21,"Poligonos coordinados por  Dante Alquicira 2026. Oriente Sur/Cuautla, Mel Villegas/Consejos Comunitarios/WhatsApp Image 2026-09-21 at 11.57.24 AM (2).jpeg"
FOTO-96DF3A56D7,WhatsApp Image 2026-09-21 at 11.57.25 AM (1).jpeg,1hr-KQf841mHi7q8VAWoGU_QnauwcQwBl,https://drive.google.com/file/d/1hr-KQf841mHi7q8VAWoGU_QnauwcQwBl/view,MUNICIPIO,MOSTRAR_MUNICIPIO,Oriente,Cuautla,,Oriente,Cuautla,,0,Promotor,Mel Villegas,,Lote por evento,/foto/FOTO-96DF3A56D7,,10,SI,96df3a56d78d2ca31fe0dc79e363990e81b152feabd7bf69fc878cab17487f3b,248272,1,Consejos Comunitarios,cuautla-consejos-comunitarios,2026-09-21,"Poligonos coordinados por  Dante Alquicira 2026. Oriente Sur/Cuautla, Mel Villegas/Consejos Comunitarios/WhatsApp Image 2026-09-21 at 11.57.25 AM (1).jpeg"
FOTO-84301C9800,WhatsApp Image 2026-09-21 at 11.57.25 AM.jpeg,10fkVC-xiK50X8T_iCvhX2jFPR_vl2gc6,https://drive.google.com/file/d/10fkVC-xiK50X8T_iCvhX2jFPR_vl2gc6/view,MUNICIPIO,MOSTRAR_MUNICIPIO,Oriente,Cuautla,,Oriente,Cuautla,,0,Promotor,Mel Villegas,,Lote por evento,/foto/FOTO-84301C9800,,10,SI,84301c98001d7416c56ce9cb7120a1622735ca91e072180d0e6640f2a8098684,263954,1,Consejos Comunitarios,cuautla-consejos-comunitarios,2026-09-21,"Poligonos coordinados por  Dante Alquicira 2026. Oriente Sur/Cuautla, Mel Villegas/Consejos Comunitarios/WhatsApp Image 2026-09-21 at 11.57.25 AM.jpeg"
FOTO-413F7A06A4,WhatsApp Image 2026-09-21 at 11.57.26 AM.jpeg,1DqotNTO_DR2FUX-R9sSYG-pqgkS7W81m,https://drive.google.com/file/d/1DqotNTO_DR2FUX-R9sSYG-pqgkS7W81m/view,MUNICIPIO,MOSTRAR_MUNICIPIO,Oriente,Cuautla,,Oriente,Cuautla,,0,Promotor,Mel Villegas,,Lote por evento,/foto/FOTO-413F7A06A4,,10,SI,413f7a06a4b8ae557dd4f497e0071d7bac61b280ce001a0c0fb2e573d5fe9e1e,314398,1,Consejos Comunitarios,cuautla-consejos-comunitarios,2026-09-21,"Poligonos coordinados por  Dante Alquicira 2026. Oriente Sur/Cuautla, Mel Villegas/Consejos Comunitarios/WhatsApp Image 2026-09-21 at 11.57.26 AM.jpeg"
FOTO-6F204B79AC,WhatsApp Image 2026-09-21 at 11.57.27 AM.jpeg,1UNLfFej-LUHG70CoLnrDgDnnHc-13Oxv,https://drive.google.com/file/d/1UNLfFej-LUHG70CoLnrDgDnnHc-13Oxv/view,MUNICIPIO,MOSTRAR_MUNICIPIO,Oriente,Cuautla,,Oriente,Cuautla,,0,Promotor,Mel Villegas,,Lote por evento,/foto/FOTO-6F204B79AC,,10,SI,6f204b79acb0cf4b4631f2140650aaf4fedc99ac296e28c3f9eba5fd01ee5d96,329001,1,Consejos Comunitarios,cuautla-consejos-comunitarios,2026-09-21,"Poligonos coordinados por  Dante Alquicira 2026. Oriente Sur/Cuautla, Mel Villegas/Consejos Comunitarios/WhatsApp Image 2026-09-21 at 11.57.27 AM.jpeg"
FOTO-14C398E33B,WhatsApp Image 2026-09-21 at 11.57.45 AM.jpeg,1rIeMWfwWBLpkYwD6D_2Zh22gyucmyAMe,https://drive.google.com/file/d/1rIeMWfwWBLpkYwD6D_2Zh22gyucmyAMe/view,MUNICIPIO,MOSTRAR_MUNICIPIO,Oriente,Cuautla,,Oriente,Cuautla,,0,Promotor,Mel Villegas,,Lote por evento,/foto/FOTO-14C398E33B,,10,SI,14c398e33baa9023f0a783f2cb5b66e87b92363a9b8888b5e47e0052d3b5c3a8,396279,1,Consejos Comunitarios,cuautla-consejos-comunitarios,2026-09-21,"Poligonos coordinados por  Dante Alquicira 2026. Oriente Sur/Cuautla, Mel Villegas/Consejos Comunitarios/WhatsApp Image 2026-09-21 at 11.57.45 AM.jpeg"
FOTO-EC0D0A7683,WhatsApp Image 2026-09-21 at 11.57.47 AM.jpeg,1qkicX8mptRn3CvC7ywRXx5Du6yeYe0dA,https://drive.google.com/file/d/1qkicX8mptRn3CvC7ywRXx5Du6yeYe0dA/view,MUNICIPIO,MOSTRAR_MUNICIPIO,Oriente,Cuautla,,Oriente,Cuautla,,0,Promotor,Mel Villegas,,Lote por evento,/foto/FOTO-EC0D0A7683,,10,SI,ec0d0a768327eb6b749e44d91473bd197ff4c538e5fd6f82bcdb6014b6afa6f0,407673,1,Consejos Comunitarios,cuautla-consejos-comunitarios,2026-09-21,"Poligonos coordinados por  Dante Alquicira 2026. Oriente Sur/Cuautla, Mel Villegas/Consejos Comunitarios/WhatsApp Image 2026-09-21 at 11.57.47 AM.jpeg"
FOTO-106D031006,WhatsApp Image 2026-09-21 at 11.57.49 AM.jpeg,1G7xO_CIVtE1IAv0-MIlFfslUoLkAnt3H,https://drive.google.com/file/d/1G7xO_CIVtE1IAv0-MIlFfslUoLkAnt3H/view,MUNICIPIO,MOSTRAR_MUNICIPIO,Oriente,Cuautla,,Oriente,Cuautla,,0,Promotor,Mel Villegas,,Lote por evento,/foto/FOTO-106D031006,,10,SI,106d0310069be1c83e570c3c0a77a80bf6e7bf702a3129ff994aebd9cc425cb4,380976,1,Consejos Comunitarios,cuautla-consejos-comunitarios,2026-09-21,"Poligonos coordinados por  Dante Alquicira 2026. Oriente Sur/Cuautla, Mel Villegas/Consejos Comunitarios/WhatsApp Image 2026-09-21 at 11.57.49 AM.jpeg"
FOTO-C3BEDC5C6F,WhatsApp Image 2026-09-21 at 11.57.55 AM.jpeg,15KPUyvD2YxtEh5Akn0YQRIBjtsL1NmKa,https://drive.google.com/file/d/15KPUyvD2YxtEh5Akn0YQRIBjtsL1NmKa/view,MUNICIPIO,MOSTRAR_MUNICIPIO,Oriente,Cuautla,,Oriente,Cuautla,,0,Promotor,Mel Villegas,,Lote por evento,/foto/FOTO-C3BEDC5C6F,,10,SI,c3bedc5c6fee7b0a4fb7c9188e1afd8efd8310bd82f9d720ef040e71c3667033,171390,1,Consejos Comunitarios,cuautla-consejos-comunitarios,2026-09-21,"Poligonos coordinados por  Dante Alquicira 2026. Oriente Sur/Cuautla, Mel Villegas/Consejos Comunitarios/WhatsApp Image 2026-09-21 at 11.57.55 AM.jpeg"
FOTO-778C3838DF,WhatsApp Image 2026-09-21 at 11.57.59 AM.jpeg,1MAoR23fHyUmHg4fdlJImG-1aeoPnNBU4,https://drive.google.com/file/d/1MAoR23fHyUmHg4fdlJImG-1aeoPnNBU4/view,MUNICIPIO,MOSTRAR_MUNICIPIO,Oriente,Cuautla,,Oriente,Cuautla,,0,Promotor,Mel Villegas,,Lote por evento,/foto/FOTO-778C3838DF,,10,SI,778c3838df81c53fe6968671b21af4c6790289cc95f68b576e945c22dc1df796,300840,1,Consejos Comunitarios,cuautla-consejos-comunitarios,2026-09-21,"Poligonos coordinados por  Dante Alquicira 2026. Oriente Sur/Cuautla, Mel Villegas/Consejos Comunitarios/WhatsApp Image 2026-09-21 at 11.57.59 AM.jpeg"
FOTO-EAF21840DC,WhatsApp Image 2026-09-21 at 11.58.03 AM (1).jpeg,1tgjoq4SXEZfirMwUhZ41ht_fPg8HJjmG,https://drive.google.com/file/d/1tgjoq4SXEZfirMwUhZ41ht_fPg8HJjmG/view,MUNICIPIO,MOSTRAR_MUNICIPIO,Oriente,Cuautla,,Oriente,Cuautla,,0,Promotor,Mel Villegas,,Lote por evento,/foto/FOTO-EAF21840DC,,10,SI,eaf21840dc2e21a98b300aaf67fb72c87d42f3ca2bea9691a1f9ce17e37b0ad3,178803,1,Consejos Comunitarios,cuautla-consejos-comunitarios,2026-09-21,"Poligonos coordinados por  Dante Alquicira 2026. Oriente Sur/Cuautla, Mel Villegas/Consejos Comunitarios/WhatsApp Image 2026-09-21 at 11.58.03 AM (1).jpeg"
FOTO-ECBDF93F08,WhatsApp Image 2026-09-21 at 11.58.03 AM.jpeg,1DWrPTuIxsnV5BX7iaO6cJrCuOdJS8nVg,https://drive.google.com/file/d/1DWrPTuIxsnV5BX7iaO6cJrCuOdJS8nVg/view,MUNICIPIO,MOSTRAR_MUNICIPIO,Oriente,Cuautla,,Oriente,Cuautla,,0,Promotor,Mel Villegas,,Lote por evento,/foto/FOTO-ECBDF93F08,,10,SI,ecbdf93f086aa9c5b178f11a8b17bb754309da358f2753d694f311c0b2369e15,163086,1,Consejos Comunitarios,cuautla-consejos-comunitarios,2026-09-21,"Poligonos coordinados por  Dante Alquicira 2026. Oriente Sur/Cuautla, Mel Villegas/Consejos Comunitarios/WhatsApp Image 2026-09-21 at 11.58.03 AM.jpeg"
FOTO-A25C453C71,WhatsApp Image 2026-09-21 at 11.58.05 AM.jpeg,13REwkvtBiDPf3n2Bfj5VkKEcqoftrL9Y,https://drive.google.com/file/d/13REwkvtBiDPf3n2Bfj5VkKEcqoftrL9Y/view,MUNICIPIO,MOSTRAR_MUNICIPIO,Oriente,Cuautla,,Oriente,Cuautla,,0,Promotor,Mel Villegas,,Lote por evento,/foto/FOTO-A25C453C71,,10,SI,a25c453c7178fb392024ff78af8b9de18eaf9da81a53e7003f9347c2e84890b4,204684,1,Consejos Comunitarios,cuautla-consejos-comunitarios,2026-09-21,"Poligonos coordinados por  Dante Alquicira 2026. Oriente Sur/Cuautla, Mel Villegas/Consejos Comunitarios/WhatsApp Image 2026-09-21 at 11.58.05 AM.jpeg"
FOTO-F02DC0AADC,WhatsApp Image 2026-09-21 at 11.58.10 AM.jpeg,157wvoLPksZRjOR9nbLKMlROgpUo8hClB,https://drive.google.com/file/d/157wvoLPksZRjOR9nbLKMlROgpUo8hClB/view,MUNICIPIO,MOSTRAR_MUNICIPIO,Oriente,Cuautla,,Oriente,Cuautla,,0,Promotor,Mel Villegas,,Lote por evento,/foto/FOTO-F02DC0AADC,,10,SI,f02dc0aadc6d31340c0262a42fab51e493ea5d779681c4cb7a12de58f6f2fa11,221593,1,Consejos Comunitarios,cuautla-consejos-comunitarios,2026-09-21,"Poligonos coordinados por  Dante Alquicira 2026. Oriente Sur/Cuautla, Mel Villegas/Consejos Comunitarios/WhatsApp Image 2026-09-21 at 11.58.10 AM.jpeg"
FOTO-C70D210F21,WhatsApp Image 2026-09-21 at 11.58.13 AM.jpeg,1ot0hIY-NfbwApotywINFkPXhtfalnUlY,https://drive.google.com/file/d/1ot0hIY-NfbwApotywINFkPXhtfalnUlY/view,MUNICIPIO,MOSTRAR_MUNICIPIO,Oriente,Cuautla,,Oriente,Cuautla,,0,Promotor,Mel Villegas,,Lote por evento,/foto/FOTO-C70D210F21,,10,SI,c70d210f2106a8f5585dfb48ed3b67d2d5c06b311ebdd627870cd1c60b288445,125563,1,Consejos Comunitarios,cuautla-consejos-comunitarios,2026-09-21,"Poligonos coordinados por  Dante Alquicira 2026. Oriente Sur/Cuautla, Mel Villegas/Consejos Comunitarios/WhatsApp Image 2026-09-21 at 11.58.13 AM.jpeg"
FOTO-6C3A1735C2,WhatsApp Image 2026-09-21 at 11.52.59 AM.jpeg,1b2lPxqfoItSr6Xyz0eo9sZNirhiXRqDZ,https://drive.google.com/file/d/1b2lPxqfoItSr6Xyz0eo9sZNirhiXRqDZ/view,MUNICIPIO,MOSTRAR_MUNICIPIO,Oriente,Cuautla,,Oriente,Cuautla,,0,Promotor,Mel Villegas,,Lote por evento,/foto/FOTO-6C3A1735C2,,10,SI,6c3a1735c2045152183fec3e2427665edf0f375faf976d50e28c9e6c108403cb,164383,1,Cultivo de Hongos,cuautla-cultivo-de-hongos,2026-09-21,"Poligonos coordinados por  Dante Alquicira 2026. Oriente Sur/Cuautla, Mel Villegas/Cultivo de Hongos/WhatsApp Image 2026-09-21 at 11.52.59 AM.jpeg"
FOTO-94FD4417FA,WhatsApp Image 2026-09-21 at 11.57.13 AM.jpeg,1RKvrwfWZcVs1wnpPtloyMKpjINY9gjK0,https://drive.google.com/file/d/1RKvrwfWZcVs1wnpPtloyMKpjINY9gjK0/view,MUNICIPIO,MOSTRAR_MUNICIPIO,Oriente,Cuautla,,Oriente,Cuautla,,0,Promotor,Mel Villegas,,Lote por evento,/foto/FOTO-94FD4417FA,,10,SI,94fd4417fa0da1119b9884b7f40cea9871b0f3634ee5c7782cf650e558ef00e7,185000,1,Cultivo de Hongos,cuautla-cultivo-de-hongos,2026-09-21,"Poligonos coordinados por  Dante Alquicira 2026. Oriente Sur/Cuautla, Mel Villegas/Cultivo de Hongos/WhatsApp Image 2026-09-21 at 11.57.13 AM.jpeg"
FOTO-A4234629CF,WhatsApp Image 2026-09-21 at 11.57.30 AM.jpeg,1WKP6tIV16pCthypD2fbx0qtppqm35ytu,https://drive.google.com/file/d/1WKP6tIV16pCthypD2fbx0qtppqm35ytu/view,MUNICIPIO,MOSTRAR_MUNICIPIO,Oriente,Cuautla,,Oriente,Cuautla,,0,Promotor,Mel Villegas,,Lote por evento,/foto/FOTO-A4234629CF,,10,SI,a4234629cf3e45bd0445dd2d1d115f240c8cca90a6e048a81ef1d6ba077c8d7f,202909,1,Cultivo de Hongos,cuautla-cultivo-de-hongos,2026-09-21,"Poligonos coordinados por  Dante Alquicira 2026. Oriente Sur/Cuautla, Mel Villegas/Cultivo de Hongos/WhatsApp Image 2026-09-21 at 11.57.30 AM.jpeg"
FOTO-2D2DC6B297,Curso de Pizza y Lazagna. ICATMOR en Iztaccihuatl. 26012026.jpeg,1TUbb2ysUlckh306JjerdxGffpcj5a7uK,https://drive.google.com/file/d/1TUbb2ysUlckh306JjerdxGffpcj5a7uK/view,MUNICIPIO,MOSTRAR_MUNICIPIO,Oriente,Cuautla,,Oriente,Cuautla,,0,Promotor,Mel Villegas,,Lote por evento,/foto/FOTO-2D2DC6B297,,10,SI,2d2dc6b2974f3873cb2072890fc948e12a7ad066b7efa997d98e39d27ba705ce,196447,1,Curso ICATMOR,cuautla-curso-icatmor,2026-01-26,"Poligonos coordinados por  Dante Alquicira 2026. Oriente Sur/Cuautla, Mel Villegas/Curso ICATMOR/Curso de Pizza y Lazagna. ICATMOR en Iztaccihuatl. 26012026.jpeg"
FOTO-3678421F49,Entrega de Cebolla  2026-09-21.jpeg,1R6aNnmscEOALy9VuuvAR58ri6bzWeDM5,https://drive.google.com/file/d/1R6aNnmscEOALy9VuuvAR58ri6bzWeDM5/view,MUNICIPIO,MOSTRAR_MUNICIPIO,Oriente,Cuautla,,Oriente,Cuautla,,0,Promotor,Mel Villegas,,Lote por evento,/foto/FOTO-3678421F49,,10,SI,3678421f499fe4bc198d604cf2681e86987b29e4486a81e59907738cb83b5400,372427,1,Entrega de Verdura,cuautla-entrega-de-verdura,2026-09-21,"Poligonos coordinados por  Dante Alquicira 2026. Oriente Sur/Cuautla, Mel Villegas/Entrega de Verdura/Entrega de Cebolla  2026-09-21.jpeg"
FOTO-5C828A6D73,Entrega de Jitomate 1 2026-09-21.jpeg,1hhtVKQUh5NFJOtGm9EEaHegC_VYz__d7,https://drive.google.com/file/d/1hhtVKQUh5NFJOtGm9EEaHegC_VYz__d7/view,MUNICIPIO,MOSTRAR_MUNICIPIO,Oriente,Cuautla,,Oriente,Cuautla,,0,Promotor,Mel Villegas,,Lote por evento,/foto/FOTO-5C828A6D73,,10,SI,5c828a6d7346c9922bc84dedf64ca7dc85defcefdd3eeadc83dd981af282806f,342283,1,Entrega de Verdura,cuautla-entrega-de-verdura,2026-09-21,"Poligonos coordinados por  Dante Alquicira 2026. Oriente Sur/Cuautla, Mel Villegas/Entrega de Verdura/Entrega de Jitomate 1 2026-09-21.jpeg"
FOTO-1B8F5A79AE,Entrega de Jitomate 2 2026-09-21.jpeg,1MdgnXEyeLeENyRRtYsJ45_bPHdxvP5sx,https://drive.google.com/file/d/1MdgnXEyeLeENyRRtYsJ45_bPHdxvP5sx/view,MUNICIPIO,MOSTRAR_MUNICIPIO,Oriente,Cuautla,,Oriente,Cuautla,,0,Promotor,Mel Villegas,,Lote por evento,/foto/FOTO-1B8F5A79AE,,10,SI,1b8f5a79aec4df31916253b8169d9b68e43af68dae7109233f991d8969114641,306907,1,Entrega de Verdura,cuautla-entrega-de-verdura,2026-09-21,"Poligonos coordinados por  Dante Alquicira 2026. Oriente Sur/Cuautla, Mel Villegas/Entrega de Verdura/Entrega de Jitomate 2 2026-09-21.jpeg"
FOTO-ED04975C98,Entrega de Jitomate 3 2026-09-21.jpeg,1BkJhL-a64qgZvOLMvlSsK2h6LqusI5ac,https://drive.google.com/file/d/1BkJhL-a64qgZvOLMvlSsK2h6LqusI5ac/view,MUNICIPIO,MOSTRAR_MUNICIPIO,Oriente,Cuautla,,Oriente,Cuautla,,0,Promotor,Mel Villegas,,Lote por evento,/foto/FOTO-ED04975C98,,10,SI,ed04975c987a2e2eb6157ab1879d48b8636327c023c203e9993c9de9b5c884b5,223721,1,Entrega de Verdura,cuautla-entrega-de-verdura,2026-09-21,"Poligonos coordinados por  Dante Alquicira 2026. Oriente Sur/Cuautla, Mel Villegas/Entrega de Verdura/Entrega de Jitomate 3 2026-09-21.jpeg"
FOTO-0E62438A46,Entrega de Jitomate 4 2026-09-21.jpeg,1NtSnltjoVOGoYOZ0Tohcb6N0fd0O7aVX,https://drive.google.com/file/d/1NtSnltjoVOGoYOZ0Tohcb6N0fd0O7aVX/view,MUNICIPIO,MOSTRAR_MUNICIPIO,Oriente,Cuautla,,Oriente,Cuautla,,0,Promotor,Mel Villegas,,Lote por evento,/foto/FOTO-0E62438A46,,10,SI,0e62438a46114f451ddab07ec6dfc58c689ce5ae97042428d2915f6382952816,259510,1,Entrega de Verdura,cuautla-entrega-de-verdura,2026-09-21,"Poligonos coordinados por  Dante Alquicira 2026. Oriente Sur/Cuautla, Mel Villegas/Entrega de Verdura/Entrega de Jitomate 4 2026-09-21.jpeg"
FOTO-7D44A8227C,Entrega de Jitomate 5 2026-09-21.jpeg,1ORp8XMUX3c8Bou5DF6Qa8huq0bMRaQ3w,https://drive.google.com/file/d/1ORp8XMUX3c8Bou5DF6Qa8huq0bMRaQ3w/view,MUNICIPIO,MOSTRAR_MUNICIPIO,Oriente,Cuautla,,Oriente,Cuautla,,0,Promotor,Mel Villegas,,Lote por evento,/foto/FOTO-7D44A8227C,,10,SI,7d44a8227c18296d91cab9647a78c18be28f69e24965ee09b1d30a2753f60ba2,285174,1,Entrega de Verdura,cuautla-entrega-de-verdura,2026-09-21,"Poligonos coordinados por  Dante Alquicira 2026. Oriente Sur/Cuautla, Mel Villegas/Entrega de Verdura/Entrega de Jitomate 5 2026-09-21.jpeg"
FOTO-4CB72DAAE5,Entrega de Jitomate 6 2026-09-21.jpeg,1S0KAKkVoKVOeeEcGwQa7tvgkIly4goDo,https://drive.google.com/file/d/1S0KAKkVoKVOeeEcGwQa7tvgkIly4goDo/view,MUNICIPIO,MOSTRAR_MUNICIPIO,Oriente,Cuautla,,Oriente,Cuautla,,0,Promotor,Mel Villegas,,Lote por evento,/foto/FOTO-4CB72DAAE5,,10,SI,4cb72daae517f5ecddde4f1f53ade252a9e78672629cf7a7a1491fe73be660b4,231344,1,Entrega de Verdura,cuautla-entrega-de-verdura,2026-09-21,"Poligonos coordinados por  Dante Alquicira 2026. Oriente Sur/Cuautla, Mel Villegas/Entrega de Verdura/Entrega de Jitomate 6 2026-09-21.jpeg"
FOTO-5529CBBF9D,Entrega de Jitomate 7 2026-09-21.jpeg,17RMBS-8-tiV7gGSV_ZBFCMNeOCSOJQ13,https://drive.google.com/file/d/17RMBS-8-tiV7gGSV_ZBFCMNeOCSOJQ13/view,MUNICIPIO,MOSTRAR_MUNICIPIO,Oriente,Cuautla,,Oriente,Cuautla,,0,Promotor,Mel Villegas,,Lote por evento,/foto/FOTO-5529CBBF9D,,10,SI,5529cbbf9dd9bca090f15fb609c536a6f86a395033e383d8b3096327a7901c8f,341520,1,Entrega de Verdura,cuautla-entrega-de-verdura,2026-09-21,"Poligonos coordinados por  Dante Alquicira 2026. Oriente Sur/Cuautla, Mel Villegas/Entrega de Verdura/Entrega de Jitomate 7 2026-09-21.jpeg"
FOTO-482B4F4665,Entrega de Jitomate 8 2026-09-21.jpeg,1MJLgKqyJxsUMAnvGqQ7DvmZ0Ob5Aq3LJ,https://drive.google.com/file/d/1MJLgKqyJxsUMAnvGqQ7DvmZ0Ob5Aq3LJ/view,MUNICIPIO,MOSTRAR_MUNICIPIO,Oriente,Cuautla,,Oriente,Cuautla,,0,Promotor,Mel Villegas,,Lote por evento,/foto/FOTO-482B4F4665,,10,SI,482b4f466544de8cbb3494e35b1527cfc6029b9ff8dba55a3d2968e3b898f9dc,331511,1,Entrega de Verdura,cuautla-entrega-de-verdura,2026-09-21,"Poligonos coordinados por  Dante Alquicira 2026. Oriente Sur/Cuautla, Mel Villegas/Entrega de Verdura/Entrega de Jitomate 8 2026-09-21.jpeg"
FOTO-D5E34464B6,Entrega de Pepino 1. 2026-09-21.jpeg,1RoTkMeDhqNJM4vlUY254g_PV-Vbd6SmG,https://drive.google.com/file/d/1RoTkMeDhqNJM4vlUY254g_PV-Vbd6SmG/view,MUNICIPIO,MOSTRAR_MUNICIPIO,Oriente,Cuautla,,Oriente,Cuautla,,0,Promotor,Mel Villegas,,Lote por evento,/foto/FOTO-D5E34464B6,,10,SI,d5e34464b68eea272e1d32b419e20d26842c78e28e899b859effae033438494c,405228,1,Entrega de Verdura,cuautla-entrega-de-verdura,2026-09-21,"Poligonos coordinados por  Dante Alquicira 2026. Oriente Sur/Cuautla, Mel Villegas/Entrega de Verdura/Entrega de Pepino 1. 2026-09-21.jpeg"
FOTO-29A5FFEB62,Entrega de Pepino 3. 2026-09-21.jpeg,1FPuadJu6NnVBYspZTNWeU68dEtywzdWI,https://drive.google.com/file/d/1FPuadJu6NnVBYspZTNWeU68dEtywzdWI/view,MUNICIPIO,MOSTRAR_MUNICIPIO,Oriente,Cuautla,,Oriente,Cuautla,,0,Promotor,Mel Villegas,,Lote por evento,/foto/FOTO-29A5FFEB62,,10,SI,29a5ffeb6286842d6520f4fee659341f6a696342136a5d209f22c495b8c9e249,342582,1,Entrega de Verdura,cuautla-entrega-de-verdura,2026-09-21,"Poligonos coordinados por  Dante Alquicira 2026. Oriente Sur/Cuautla, Mel Villegas/Entrega de Verdura/Entrega de Pepino 3. 2026-09-21.jpeg"
FOTO-7704C30F61,Entrega de Pepino 4. 2026-09-21.jpeg,11puQpOyHVSWccDeBqkCQXXteH3yJkpRr,https://drive.google.com/file/d/11puQpOyHVSWccDeBqkCQXXteH3yJkpRr/view,MUNICIPIO,MOSTRAR_MUNICIPIO,Oriente,Cuautla,,Oriente,Cuautla,,0,Promotor,Mel Villegas,,Lote por evento,/foto/FOTO-7704C30F61,,10,SI,7704c30f616b531410cf8c9fabcaa58f1a738820f68815440a9549bdae2db09b,244833,1,Entrega de Verdura,cuautla-entrega-de-verdura,2026-09-21,"Poligonos coordinados por  Dante Alquicira 2026. Oriente Sur/Cuautla, Mel Villegas/Entrega de Verdura/Entrega de Pepino 4. 2026-09-21.jpeg"
FOTO-C36ACDEF25,Entrega de Pepino 5. 2026-09-21.jpeg,1Xy2g00x6F2u5eaCvLiWvbFJQaXAMisyw,https://drive.google.com/file/d/1Xy2g00x6F2u5eaCvLiWvbFJQaXAMisyw/view,MUNICIPIO,MOSTRAR_MUNICIPIO,Oriente,Cuautla,,Oriente,Cuautla,,0,Promotor,Mel Villegas,,Lote por evento,/foto/FOTO-C36ACDEF25,,10,SI,c36acdef25c15398b3ce93fb68483ede3560e9b1e2def108e62e884afa4d2794,268751,1,Entrega de Verdura,cuautla-entrega-de-verdura,2026-09-21,"Poligonos coordinados por  Dante Alquicira 2026. Oriente Sur/Cuautla, Mel Villegas/Entrega de Verdura/Entrega de Pepino 5. 2026-09-21.jpeg"
FOTO-294C4DA076,Entrega de Pepino 6. 2026-09-21.jpeg,10AMZ2WXsqPk70mW24IBd0_XiSr2dLS2-,https://drive.google.com/file/d/10AMZ2WXsqPk70mW24IBd0_XiSr2dLS2-/view,MUNICIPIO,MOSTRAR_MUNICIPIO,Oriente,Cuautla,,Oriente,Cuautla,,0,Promotor,Mel Villegas,,Lote por evento,/foto/FOTO-294C4DA076,,10,SI,294c4da076c3af65c7728e9b03d0a2bf95dcf49786a65a6438ef2c291abde6e2,205823,1,Entrega de Verdura,cuautla-entrega-de-verdura,2026-09-21,"Poligonos coordinados por  Dante Alquicira 2026. Oriente Sur/Cuautla, Mel Villegas/Entrega de Verdura/Entrega de Pepino 6. 2026-09-21.jpeg"
FOTO-00E04A36B6,Entrega de Pepino 7. 2026-09-21.jpeg,1XxZh2T9Sx1nFowAiBaTpqLu7i4m8UtCZ,https://drive.google.com/file/d/1XxZh2T9Sx1nFowAiBaTpqLu7i4m8UtCZ/view,MUNICIPIO,MOSTRAR_MUNICIPIO,Oriente,Cuautla,,Oriente,Cuautla,,0,Promotor,Mel Villegas,,Lote por evento,/foto/FOTO-00E04A36B6,,10,SI,00e04a36b62e9e1c1f509508b92ec0d3b86fa9a965b900277f9c4893db821e99,274594,1,Entrega de Verdura,cuautla-entrega-de-verdura,2026-09-21,"Poligonos coordinados por  Dante Alquicira 2026. Oriente Sur/Cuautla, Mel Villegas/Entrega de Verdura/Entrega de Pepino 7. 2026-09-21.jpeg"
FOTO-FE6F323985,Primer Encuentro Estatal de Consejos Comunitarios  2026-09-21.jpeg,1OkDLvqEQRT9rzQB3tKpxMXPkUZQlL5rR,https://drive.google.com/file/d/1OkDLvqEQRT9rzQB3tKpxMXPkUZQlL5rR/view,MUNICIPIO,MOSTRAR_MUNICIPIO,Oriente,Cuautla,,Oriente,Cuautla,,0,Promotor,Mel Villegas,,Lote por evento,/foto/FOTO-FE6F323985,,10,SI,fe6f323985ec7721b64b200a3bfc29f8f5c0c6a7081dd08849c7add74e030fdb,274586,1,Entrega de Verdura,cuautla-entrega-de-verdura,2026-09-21,"Poligonos coordinados por  Dante Alquicira 2026. Oriente Sur/Cuautla, Mel Villegas/Entrega de Verdura/Primer Encuentro Estatal de Consejos Comunitarios  2026-09-21.jpeg"
FOTO-868DEC8729,WhatsApp Image 2026-09-21 at 11.58.02 AM (1).jpeg,1Zr3Jeh5gURXRzxZlWQRFfxij-1c-Fb6p,https://drive.google.com/file/d/1Zr3Jeh5gURXRzxZlWQRFfxij-1c-Fb6p/view,MUNICIPIO,MOSTRAR_MUNICIPIO,Oriente,Cuautla,,Oriente,Cuautla,,0,Promotor,Mel Villegas,,Lote por evento,/foto/FOTO-868DEC8729,,10,SI,868dec8729612fa83d75f050e0e6cd99a5185b3b0b2fa87db6bb2fb56279f1d6,326364,1,Entrega de Verdura,cuautla-entrega-de-verdura,2026-09-21,"Poligonos coordinados por  Dante Alquicira 2026. Oriente Sur/Cuautla, Mel Villegas/Entrega de Verdura/WhatsApp Image 2026-09-21 at 11.58.02 AM (1).jpeg"
FOTO-2988EBCF55,WhatsApp Image 2026-09-21 at 11.57.17 AM.jpeg,198FCcIN9XSABBu8E7DG2FFWW04-tKrO0,https://drive.google.com/file/d/198FCcIN9XSABBu8E7DG2FFWW04-tKrO0/view,MUNICIPIO,MOSTRAR_MUNICIPIO,Oriente,Cuautla,,Oriente,Cuautla,,0,Promotor,Mel Villegas,,Lote por evento,/foto/FOTO-2988EBCF55,,10,SI,2988ebcf551780a0cdac3121c3abb930be89bb8703b36fd603c080608a806b03,360405,1,Faena,cuautla-faena,2026-09-21,"Poligonos coordinados por  Dante Alquicira 2026. Oriente Sur/Cuautla, Mel Villegas/Faena/WhatsApp Image 2026-09-21 at 11.57.17 AM.jpeg"
FOTO-3BE1FCBD8D,WhatsApp Image 2026-09-21 at 11.57.28 AM.jpeg,1fiCuFjw515Sq55S-YwOjhuXvk1pk8J9U,https://drive.google.com/file/d/1fiCuFjw515Sq55S-YwOjhuXvk1pk8J9U/view,MUNICIPIO,MOSTRAR_MUNICIPIO,Oriente,Cuautla,,Oriente,Cuautla,,0,Promotor,Mel Villegas,,Lote por evento,/foto/FOTO-3BE1FCBD8D,,10,SI,3be1fcbd8df5c85cc772115ba87e74f59b0739c6dc8565c29dc8824f7ff2da6b,440546,1,Faena,cuautla-faena,2026-09-21,"Poligonos coordinados por  Dante Alquicira 2026. Oriente Sur/Cuautla, Mel Villegas/Faena/WhatsApp Image 2026-09-21 at 11.57.28 AM.jpeg"
FOTO-994588493B,WhatsApp Image 2026-09-21 at 11.57.56 AM.jpeg,13lvM_PalZ-KBUfcuza45w6bNftvDPZCx,https://drive.google.com/file/d/13lvM_PalZ-KBUfcuza45w6bNftvDPZCx/view,MUNICIPIO,MOSTRAR_MUNICIPIO,Oriente,Cuautla,,Oriente,Cuautla,,0,Promotor,Mel Villegas,,Lote por evento,/foto/FOTO-994588493B,,10,SI,994588493b9766d5d12510484176e4ed0773b082f946f6f501bff214b15c5dcc,281897,1,Faena,cuautla-faena,2026-09-21,"Poligonos coordinados por  Dante Alquicira 2026. Oriente Sur/Cuautla, Mel Villegas/Faena/WhatsApp Image 2026-09-21 at 11.57.56 AM.jpeg"
FOTO-3F89BA0531,WhatsApp Image 2026-09-21 at 11.57.57 AM.jpeg,1hzXl_F-7rbRGTY5W6kmjjuj6SPRfiPiv,https://drive.google.com/file/d/1hzXl_F-7rbRGTY5W6kmjjuj6SPRfiPiv/view,MUNICIPIO,MOSTRAR_MUNICIPIO,Oriente,Cuautla,,Oriente,Cuautla,,0,Promotor,Mel Villegas,,Lote por evento,/foto/FOTO-3F89BA0531,,10,SI,3f89ba053165470dd4b83fc86a42336fcea9ed1c22f0d1ffd73e6d80e3dd29bb,235975,1,Faena,cuautla-faena,2026-09-21,"Poligonos coordinados por  Dante Alquicira 2026. Oriente Sur/Cuautla, Mel Villegas/Faena/WhatsApp Image 2026-09-21 at 11.57.57 AM.jpeg"
FOTO-F677316372,WhatsApp Image 2026-09-21 at 11.57.58 AM.jpeg,1IhvfEKIaAN5wGkVWcSO_bYkwOOut1NxM,https://drive.google.com/file/d/1IhvfEKIaAN5wGkVWcSO_bYkwOOut1NxM/view,MUNICIPIO,MOSTRAR_MUNICIPIO,Oriente,Cuautla,,Oriente,Cuautla,,0,Promotor,Mel Villegas,,Lote por evento,/foto/FOTO-F677316372,,10,SI,f677316372c36f2cfe45d6c48c3a7efb99b25edd8a10cfbca955a64d3ef669d4,256563,1,Faena,cuautla-faena,2026-09-21,"Poligonos coordinados por  Dante Alquicira 2026. Oriente Sur/Cuautla, Mel Villegas/Faena/WhatsApp Image 2026-09-21 at 11.57.58 AM.jpeg"
FOTO-591892EE15,WhatsApp Image 2026-09-21 at 11.53.10 AM (1).jpeg,1O2Bba_kP3whuWYhobjMnBHe-o3qsMAHj,https://drive.google.com/file/d/1O2Bba_kP3whuWYhobjMnBHe-o3qsMAHj/view,MUNICIPIO,MOSTRAR_MUNICIPIO,Oriente,Cuautla,,Oriente,Cuautla,,0,Promotor,Mel Villegas,,Lote por evento,/foto/FOTO-591892EE15,,10,SI,591892ee15a436c88642afcfdfca69464302d14818d4dbac3e22749ce7fe19fc,270024,1,Medicina Tradicional,cuautla-medicina-tradicional,2026-09-21,"Poligonos coordinados por  Dante Alquicira 2026. Oriente Sur/Cuautla, Mel Villegas/Medicina Tradicional/WhatsApp Image 2026-09-21 at 11.53.10 AM (1).jpeg"
FOTO-D5FBB45939,WhatsApp Image 2026-09-21 at 11.53.10 AM.jpeg,1EfLmhdIf5J9WeCEyvaWDxanRTjozv4up,https://drive.google.com/file/d/1EfLmhdIf5J9WeCEyvaWDxanRTjozv4up/view,MUNICIPIO,MOSTRAR_MUNICIPIO,Oriente,Cuautla,,Oriente,Cuautla,,0,Promotor,Mel Villegas,,Lote por evento,/foto/FOTO-D5FBB45939,,10,SI,d5fbb459395b5db932ff386a40b46516636d479834822216e71ecd6a4b791f74,304451,1,Medicina Tradicional,cuautla-medicina-tradicional,2026-09-21,"Poligonos coordinados por  Dante Alquicira 2026. Oriente Sur/Cuautla, Mel Villegas/Medicina Tradicional/WhatsApp Image 2026-09-21 at 11.53.10 AM.jpeg"
FOTO-19C517AFE2,WhatsApp Image 2026-09-21 at 11.53.11 AM.jpeg,1pRn52oBgPyL6SYNurBtn8XFT2Vt8dCYm,https://drive.google.com/file/d/1pRn52oBgPyL6SYNurBtn8XFT2Vt8dCYm/view,MUNICIPIO,MOSTRAR_MUNICIPIO,Oriente,Cuautla,,Oriente,Cuautla,,0,Promotor,Mel Villegas,,Lote por evento,/foto/FOTO-19C517AFE2,,10,SI,19c517afe2e937fe30dc1b0f791350c69aeb2dd305d0bc24ab1e9c977b0fa6f4,295722,1,Medicina Tradicional,cuautla-medicina-tradicional,2026-09-21,"Poligonos coordinados por  Dante Alquicira 2026. Oriente Sur/Cuautla, Mel Villegas/Medicina Tradicional/WhatsApp Image 2026-09-21 at 11.53.11 AM.jpeg"
FOTO-7A4E2056E1,"Constancias de residencia para piso firme, Cuautla, Melani Villegas 2026-09-04.jpeg",14v8p5pEA2nyiOXWy_JCO8ikeD-3PkPs4,https://drive.google.com/file/d/14v8p5pEA2nyiOXWy_JCO8ikeD-3PkPs4/view,MUNICIPIO,MOSTRAR_MUNICIPIO,Oriente,Cuautla,,Oriente,Cuautla,,0,Promotor,Mel Villegas,,Lote por evento,/foto/FOTO-7A4E2056E1,,10,SI,7a4e2056e1085b3f40e93273675c45a61bfd278ec313ef9b5ad665b24ed6bfea,135715,1,PIso Firme,cuautla-piso-firme,2026-09-04,"Poligonos coordinados por  Dante Alquicira 2026. Oriente Sur/Cuautla, Mel Villegas/PIso Firme/Constancias de residencia para piso firme, Cuautla, Melani Villegas 2026-09-04.jpeg"
FOTO-D30D73CFB1,WhatsApp Image 2026-09-21 at 11.53.03 AM (2).jpeg,1N4-v85zpVq5ZmQOHT3Y_m32Gshr05JX5,https://drive.google.com/file/d/1N4-v85zpVq5ZmQOHT3Y_m32Gshr05JX5/view,MUNICIPIO,MOSTRAR_MUNICIPIO,Oriente,Cuautla,,Oriente,Cuautla,,0,Promotor,Mel Villegas,,Lote por evento,/foto/FOTO-D30D73CFB1,,10,SI,d30d73cfb12a6167a3002fcea2b50507c004706e3357c701b270d7d45ddfb595,375094,1,PIso Firme,cuautla-piso-firme,2026-09-21,"Poligonos coordinados por  Dante Alquicira 2026. Oriente Sur/Cuautla, Mel Villegas/PIso Firme/WhatsApp Image 2026-09-21 at 11.53.03 AM (2).jpeg"
FOTO-A4AF691E64,WhatsApp Image 2026-09-21 at 11.57.29 AM.jpeg,1GeBw4L4xDiIVTLrHvG-Bpk6px4U7KIBu,https://drive.google.com/file/d/1GeBw4L4xDiIVTLrHvG-Bpk6px4U7KIBu/view,MUNICIPIO,MOSTRAR_MUNICIPIO,Oriente,Cuautla,,Oriente,Cuautla,,0,Promotor,Mel Villegas,,Lote por evento,/foto/FOTO-A4AF691E64,,10,SI,a4af691e64e6dbd823c1d4df4948cf56db2916ef7a59362ee5f9b22d2b0c4cde,289283,1,PIso Firme,cuautla-piso-firme,2026-09-21,"Poligonos coordinados por  Dante Alquicira 2026. Oriente Sur/Cuautla, Mel Villegas/PIso Firme/WhatsApp Image 2026-09-21 at 11.57.29 AM.jpeg"
FOTO-78525B106C,WhatsApp Image 2026-09-21 at 11.57.32 AM.jpeg,1F4m4VEsoPBjmKadFmRdvHJFrPDTqtYjY,https://drive.google.com/file/d/1F4m4VEsoPBjmKadFmRdvHJFrPDTqtYjY/view,MUNICIPIO,MOSTRAR_MUNICIPIO,Oriente,Cuautla,,Oriente,Cuautla,,0,Promotor,Mel Villegas,,Lote por evento,/foto/FOTO-78525B106C,,10,SI,78525b106c57aba4e7f2ccca9be249ed15a28f65043e823564ca870667741863,258196,1,PIso Firme,cuautla-piso-firme,2026-09-21,"Poligonos coordinados por  Dante Alquicira 2026. Oriente Sur/Cuautla, Mel Villegas/PIso Firme/WhatsApp Image 2026-09-21 at 11.57.32 AM.jpeg"
FOTO-BD9564E56C,WhatsApp Image 2026-09-21 at 11.57.33 AM.jpeg,1jGjhVbml6ADM29igl__cyuyXnqQA1bx-,https://drive.google.com/file/d/1jGjhVbml6ADM29igl__cyuyXnqQA1bx-/view,MUNICIPIO,MOSTRAR_MUNICIPIO,Oriente,Cuautla,,Oriente,Cuautla,,0,Promotor,Mel Villegas,,Lote por evento,/foto/FOTO-BD9564E56C,,10,SI,bd9564e56cbe4ab139cf65fa4144d4755e7b364edd60287b9a3c7d75ba57ce75,379339,1,PIso Firme,cuautla-piso-firme,2026-09-21,"Poligonos coordinados por  Dante Alquicira 2026. Oriente Sur/Cuautla, Mel Villegas/PIso Firme/WhatsApp Image 2026-09-21 at 11.57.33 AM.jpeg"
FOTO-A45E8234CF,WhatsApp Image 2026-09-21 at 11.57.34 AM.jpeg,1AoVMVyY1K1tK0MPbbJ0sotMtxoh5l9gg,https://drive.google.com/file/d/1AoVMVyY1K1tK0MPbbJ0sotMtxoh5l9gg/view,MUNICIPIO,MOSTRAR_MUNICIPIO,Oriente,Cuautla,,Oriente,Cuautla,,0,Promotor,Mel Villegas,,Lote por evento,/foto/FOTO-A45E8234CF,,10,SI,a45e8234cf1877d04b485d59687e9ac31cc5f94d9dfa6f59564735ea8d6283d0,312545,1,PIso Firme,cuautla-piso-firme,2026-09-21,"Poligonos coordinados por  Dante Alquicira 2026. Oriente Sur/Cuautla, Mel Villegas/PIso Firme/WhatsApp Image 2026-09-21 at 11.57.34 AM.jpeg"
FOTO-15807389F9,WhatsApp Image 2026-09-21 at 11.57.37 AM.jpeg,1Eby29inxXMNXC0XhiZC9l_GToanA5hsE,https://drive.google.com/file/d/1Eby29inxXMNXC0XhiZC9l_GToanA5hsE/view,MUNICIPIO,MOSTRAR_MUNICIPIO,Oriente,Cuautla,,Oriente,Cuautla,,0,Promotor,Mel Villegas,,Lote por evento,/foto/FOTO-15807389F9,,10,SI,15807389f949d7aa691e0dc1177ed36648b4f3a8d217b5cd501fe70f887b2c69,422061,1,PIso Firme,cuautla-piso-firme,2026-09-21,"Poligonos coordinados por  Dante Alquicira 2026. Oriente Sur/Cuautla, Mel Villegas/PIso Firme/WhatsApp Image 2026-09-21 at 11.57.37 AM.jpeg"
FOTO-B7580F1509,WhatsApp Image 2026-09-21 at 11.58.06 AM.jpeg,1-tai_ilr5f_AVy_vo5sG6YATj9GZSJXa,https://drive.google.com/file/d/1-tai_ilr5f_AVy_vo5sG6YATj9GZSJXa/view,MUNICIPIO,MOSTRAR_MUNICIPIO,Oriente,Cuautla,,Oriente,Cuautla,,0,Promotor,Mel Villegas,,Lote por evento,/foto/FOTO-B7580F1509,,10,SI,b7580f1509da7925a97bdcb44994e7068ecce5c903640d872366a902d269db6b,243638,1,PIso Firme,cuautla-piso-firme,2026-09-21,"Poligonos coordinados por  Dante Alquicira 2026. Oriente Sur/Cuautla, Mel Villegas/PIso Firme/WhatsApp Image 2026-09-21 at 11.58.06 AM.jpeg"
FOTO-80FE2996B8,Taller de Barro  2026-09-21.jpeg,1TXiAkcuSamtAsTZyLUTOP__WAdxGjQZz,https://drive.google.com/file/d/1TXiAkcuSamtAsTZyLUTOP__WAdxGjQZz/view,MUNICIPIO,MOSTRAR_MUNICIPIO,Oriente,Cuautla,,Oriente,Cuautla,,0,Promotor,Mel Villegas,,Lote por evento,/foto/FOTO-80FE2996B8,,10,SI,80fe2996b827062d181551e2444c722bacb66efc7cbf20cdc78499b263f53628,340025,1,Taller de Barro,cuautla-taller-de-barro,2026-09-21,"Poligonos coordinados por  Dante Alquicira 2026. Oriente Sur/Cuautla, Mel Villegas/Taller de Barro/Taller de Barro  2026-09-21.jpeg"
FOTO-72819DC4A1,Taller de Barro 2  2026-09-21.jpeg,14aaG2IRUbPYFR5QG8T1Z9VDI5FfG_QCW,https://drive.google.com/file/d/14aaG2IRUbPYFR5QG8T1Z9VDI5FfG_QCW/view,MUNICIPIO,MOSTRAR_MUNICIPIO,Oriente,Cuautla,,Oriente,Cuautla,,0,Promotor,Mel Villegas,,Lote por evento,/foto/FOTO-72819DC4A1,,10,SI,72819dc4a1706b6fc1241880cf4ff9ff16c5e9caa9ca054ddcccc28ab4cf6e19,194158,1,Taller de Barro,cuautla-taller-de-barro,2026-09-21,"Poligonos coordinados por  Dante Alquicira 2026. Oriente Sur/Cuautla, Mel Villegas/Taller de Barro/Taller de Barro 2  2026-09-21.jpeg"
FOTO-6D8B6FE7FC,WhatsApp Image 2026-09-21 at 11.53.04 AM (1).jpeg,1JSe5NqbBJA3l4c_sQsHmXnoEbojL-CRS,https://drive.google.com/file/d/1JSe5NqbBJA3l4c_sQsHmXnoEbojL-CRS/view,MUNICIPIO,MOSTRAR_MUNICIPIO,Oriente,Cuautla,,Oriente,Cuautla,,0,Promotor,Mel Villegas,,Lote por evento,/foto/FOTO-6D8B6FE7FC,,10,SI,6d8b6fe7fc807832b627e7b817b0aad628fb31a6f7733eb34badea465a43d924,255177,1,Taller de Barro,cuautla-taller-de-barro,2026-09-21,"Poligonos coordinados por  Dante Alquicira 2026. Oriente Sur/Cuautla, Mel Villegas/Taller de Barro/WhatsApp Image 2026-09-21 at 11.53.04 AM (1).jpeg"
FOTO-9AAB3B4050,Música 2026-09-21.jpeg,1DCcEE_nP05JlYHeXTLeGAb82lFojm3zX,https://drive.google.com/file/d/1DCcEE_nP05JlYHeXTLeGAb82lFojm3zX/view,MUNICIPIO,MOSTRAR_MUNICIPIO,Oriente,Cuautla,,Oriente,Cuautla,,0,Promotor,Mel Villegas,,Lote por evento,/foto/FOTO-9AAB3B4050,,10,SI,9aab3b40501e14b59b07c9b16888052cb8423564664b092ee6897f699a87994d,377992,1,Taller de Música,cuautla-taller-de-musica,2026-09-21,"Poligonos coordinados por  Dante Alquicira 2026. Oriente Sur/Cuautla, Mel Villegas/Taller de Música/Música 2026-09-21.jpeg"
FOTO-87C1C0A6D4,WhatsApp Image 2026-09-21 at 11.57.43 AM (1).jpeg,1zZp7urgtdYS3kdHttV1kAql1d7ALY2r9,https://drive.google.com/file/d/1zZp7urgtdYS3kdHttV1kAql1d7ALY2r9/view,MUNICIPIO,MOSTRAR_MUNICIPIO,Oriente,Cuautla,,Oriente,Cuautla,,0,Promotor,Mel Villegas,,Lote por evento,/foto/FOTO-87C1C0A6D4,,10,SI,87c1c0a6d4cba1b43870f7221115821ab72341011140b140ea067dbc0c241dad,355480,1,Taller de Música,cuautla-taller-de-musica,2026-09-21,"Poligonos coordinados por  Dante Alquicira 2026. Oriente Sur/Cuautla, Mel Villegas/Taller de Música/WhatsApp Image 2026-09-21 at 11.57.43 AM (1).jpeg"
FOTO-85F1F2FB64,WhatsApp Image 2026-09-21 at 11.57.44 AM.jpeg,1LepPYHokefDy9fYgKMiTD-qCikgnHJjo,https://drive.google.com/file/d/1LepPYHokefDy9fYgKMiTD-qCikgnHJjo/view,MUNICIPIO,MOSTRAR_MUNICIPIO,Oriente,Cuautla,,Oriente,Cuautla,,0,Promotor,Mel Villegas,,Lote por evento,/foto/FOTO-85F1F2FB64,,10,SI,85f1f2fb6493b74ac8b9acc1fef1921816ba40250e5062e3d24ba142d2de4d90,380205,1,Taller de Música,cuautla-taller-de-musica,2026-09-21,"Poligonos coordinados por  Dante Alquicira 2026. Oriente Sur/Cuautla, Mel Villegas/Taller de Música/WhatsApp Image 2026-09-21 at 11.57.44 AM.jpeg"
FOTO-BA0D351421,WhatsApp Image 2026-09-21 at 11.58.01 AM.jpeg,1BbExDYkDjSNONHz5P8rYiPQddHn-HsWe,https://drive.google.com/file/d/1BbExDYkDjSNONHz5P8rYiPQddHn-HsWe/view,MUNICIPIO,MOSTRAR_MUNICIPIO,Oriente,Cuautla,,Oriente,Cuautla,,0,Promotor,Mel Villegas,,Lote por evento,/foto/FOTO-BA0D351421,,10,SI,ba0d351421e4e6fe258023b6f92c5de231f9244b79f9059a9d0fa23692a6ed8c,226568,1,Taller de Música,cuautla-taller-de-musica,2026-09-21,"Poligonos coordinados por  Dante Alquicira 2026. Oriente Sur/Cuautla, Mel Villegas/Taller de Música/WhatsApp Image 2026-09-21 at 11.58.01 AM.jpeg"
FOTO-5D4B59586F,WhatsApp Image 2026-09-21 at 11.58.02 AM.jpeg,1VSqmnLdYvpWXTI77E3H5J_LZhzbEiP-6,https://drive.google.com/file/d/1VSqmnLdYvpWXTI77E3H5J_LZhzbEiP-6/view,MUNICIPIO,MOSTRAR_MUNICIPIO,Oriente,Cuautla,,Oriente,Cuautla,,0,Promotor,Mel Villegas,,Lote por evento,/foto/FOTO-5D4B59586F,,10,SI,5d4b59586f24661988b43da4de25f42022117bb6932df3d2f44bc595457a2a8b,170397,1,Taller de Música,cuautla-taller-de-musica,2026-09-21,"Poligonos coordinados por  Dante Alquicira 2026. Oriente Sur/Cuautla, Mel Villegas/Taller de Música/WhatsApp Image 2026-09-21 at 11.58.02 AM.jpeg"
FOTO-FD280D5479,Campaña de lentes en Jonacatepec 2.jpeg,1YrMGRFjTPDU2hQ32Uh_-BjVuX_sidd3A,https://drive.google.com/file/d/1YrMGRFjTPDU2hQ32Uh_-BjVuX_sidd3A/view,MUNICIPIO,MOSTRAR_MUNICIPIO,Oriente,Jonacatepec de Leandro Valle,,Oriente,Jonacatepec de Leandro Valle,,0,Promotor,Anahí Barreto Benitez,,Lote por evento,/foto/FOTO-FD280D5479,,10,SI,fd280d547928605534729df111f951d8ac6e58629b5efdb3431300d1cb37b63f,250474,1,Campaña de lentes,jonacatepec-de-leandro-valle-campana-de-lentes,,"Poligonos coordinados por  Dante Alquicira 2026. Oriente Sur/Jonacatepec, Anahí Barreto Benitez/Campaña de lentes/Campaña de lentes en Jonacatepec 2.jpeg"
FOTO-D51C4F57D1,Campaña de lentes en Jonacatepec 3.jpeg,1q8O9e-2U4GFvCxG97gSskT-TXBeOWvj_,https://drive.google.com/file/d/1q8O9e-2U4GFvCxG97gSskT-TXBeOWvj_/view,MUNICIPIO,MOSTRAR_MUNICIPIO,Oriente,Jonacatepec de Leandro Valle,,Oriente,Jonacatepec de Leandro Valle,,0,Promotor,Anahí Barreto Benitez,,Lote por evento,/foto/FOTO-D51C4F57D1,,10,SI,d51c4f57d165f36674d74b8d87ee4a9895152c52004410e0c9cb5d27c520e49a,221431,1,Campaña de lentes,jonacatepec-de-leandro-valle-campana-de-lentes,,"Poligonos coordinados por  Dante Alquicira 2026. Oriente Sur/Jonacatepec, Anahí Barreto Benitez/Campaña de lentes/Campaña de lentes en Jonacatepec 3.jpeg"
FOTO-A373075A9F,Campaña de lentes en Jonacatepec.jpeg,1zmR0_UTn57MNinMV8DONFtfTT_00sXCg,https://drive.google.com/file/d/1zmR0_UTn57MNinMV8DONFtfTT_00sXCg/view,MUNICIPIO,MOSTRAR_MUNICIPIO,Oriente,Jonacatepec de Leandro Valle,,Oriente,Jonacatepec de Leandro Valle,,0,Promotor,Anahí Barreto Benitez,,Lote por evento,/foto/FOTO-A373075A9F,,10,SI,a373075a9f1f1d569477d0900faa3746b66bf242d3ea9bdbcc23fbc893822f42,221393,1,Campaña de lentes,jonacatepec-de-leandro-valle-campana-de-lentes,,"Poligonos coordinados por  Dante Alquicira 2026. Oriente Sur/Jonacatepec, Anahí Barreto Benitez/Campaña de lentes/Campaña de lentes en Jonacatepec.jpeg"
FOTO-3A2E0DBE5F,Asamblea de la Col. Piedra Rajada 1.jpeg,1bPvZo5a5OGJiVq-nCot30ehVmFS_sbqv,https://drive.google.com/file/d/1bPvZo5a5OGJiVq-nCot30ehVmFS_sbqv/view,MUNICIPIO,MOSTRAR_MUNICIPIO,Oriente,Jonacatepec de Leandro Valle,,Oriente,Jonacatepec de Leandro Valle,,0,Promotor,Anahí Barreto Benitez,,Lote por evento,/foto/FOTO-3A2E0DBE5F,,10,SI,3a2e0dbe5fe07d853f09350c5cf52b5df677a6536136f926930423c16d8565bd,205195,1,Consejos Comunitarios,jonacatepec-de-leandro-valle-consejos-comunitarios,,"Poligonos coordinados por  Dante Alquicira 2026. Oriente Sur/Jonacatepec, Anahí Barreto Benitez/Consejos Comunitarios/Asamblea de la Col. Piedra Rajada 1.jpeg"
FOTO-8999D69380,Asamblea de la Col. Piedra Rajada 3.jpeg,1ArKhJeNVjVueRG07-mXzhCvzDfzErpbj,https://drive.google.com/file/d/1ArKhJeNVjVueRG07-mXzhCvzDfzErpbj/view,MUNICIPIO,MOSTRAR_MUNICIPIO,Oriente,Jonacatepec de Leandro Valle,,Oriente,Jonacatepec de Leandro Valle,,0,Promotor,Anahí Barreto Benitez,,Lote por evento,/foto/FOTO-8999D69380,,10,SI,8999d69380252e4d6b4d99c1971ffd99b0efebacf5a7a41b76dd4ab0a2d5bc91,159716,1,Consejos Comunitarios,jonacatepec-de-leandro-valle-consejos-comunitarios,,"Poligonos coordinados por  Dante Alquicira 2026. Oriente Sur/Jonacatepec, Anahí Barreto Benitez/Consejos Comunitarios/Asamblea de la Col. Piedra Rajada 3.jpeg"
FOTO-C36F8C3B41,Asamblea de la Col. Piedra Rajada 4.jpeg,14xucrk2_EbxaOBMPIUthx6aDq2gCsZ4I,https://drive.google.com/file/d/14xucrk2_EbxaOBMPIUthx6aDq2gCsZ4I/view,MUNICIPIO,MOSTRAR_MUNICIPIO,Oriente,Jonacatepec de Leandro Valle,,Oriente,Jonacatepec de Leandro Valle,,0,Promotor,Anahí Barreto Benitez,,Lote por evento,/foto/FOTO-C36F8C3B41,,10,SI,c36f8c3b419cd598c4b84baa0635db449acad5d094ff3c980ed2d22303ea551e,223334,1,Consejos Comunitarios,jonacatepec-de-leandro-valle-consejos-comunitarios,,"Poligonos coordinados por  Dante Alquicira 2026. Oriente Sur/Jonacatepec, Anahí Barreto Benitez/Consejos Comunitarios/Asamblea de la Col. Piedra Rajada 4.jpeg"
FOTO-45D1FBEAB3,Consejo COmunitario en Jonacatepec 2026-05-18 at 7.37.55 PM.jpeg,1Mi9x1jYtoyyOH6MDp52djEqoqRSM7Ah_,https://drive.google.com/file/d/1Mi9x1jYtoyyOH6MDp52djEqoqRSM7Ah_/view,MUNICIPIO,MOSTRAR_MUNICIPIO,Oriente,Jonacatepec de Leandro Valle,,Oriente,Jonacatepec de Leandro Valle,,0,Promotor,Anahí Barreto Benitez,,Lote por evento,/foto/FOTO-45D1FBEAB3,,10,SI,45d1fbeab312ade1f342e9d7f878c41fd3e9265dd79b252040eeb4fcc1add734,299763,1,Consejos Comunitarios,jonacatepec-de-leandro-valle-consejos-comunitarios,2026-05-18,"Poligonos coordinados por  Dante Alquicira 2026. Oriente Sur/Jonacatepec, Anahí Barreto Benitez/Consejos Comunitarios/Consejo COmunitario en Jonacatepec 2026-05-18 at 7.37.55 PM.jpeg"
FOTO-8974E4B327,Puente Colorado 1.jpeg,15sFH2DiJBq3bnF8ZlUMHodI8lDyCnNfO,https://drive.google.com/file/d/15sFH2DiJBq3bnF8ZlUMHodI8lDyCnNfO/view,MUNICIPIO,MOSTRAR_MUNICIPIO,Oriente,Jonacatepec de Leandro Valle,,Oriente,Jonacatepec de Leandro Valle,,0,Promotor,Anahí Barreto Benitez,,Lote por evento,/foto/FOTO-8974E4B327,,10,SI,8974e4b3278f4bd674379eb7ea7eb00b0f00ddcd53c0d35b78b91bb0ca584901,217971,1,Consejos Comunitarios,jonacatepec-de-leandro-valle-consejos-comunitarios,,"Poligonos coordinados por  Dante Alquicira 2026. Oriente Sur/Jonacatepec, Anahí Barreto Benitez/Consejos Comunitarios/Puente Colorado 1.jpeg"
FOTO-19A80A12FB,Puente Colorado 2.jpeg,1A2WFPPyLWFrnzVah1VypPkMtPjvhxciF,https://drive.google.com/file/d/1A2WFPPyLWFrnzVah1VypPkMtPjvhxciF/view,MUNICIPIO,MOSTRAR_MUNICIPIO,Oriente,Jonacatepec de Leandro Valle,,Oriente,Jonacatepec de Leandro Valle,,0,Promotor,Anahí Barreto Benitez,,Lote por evento,/foto/FOTO-19A80A12FB,,10,SI,19a80a12fb8aa6054bfee0c30cb509e37f7d6310d15a68f7e4f53091a3c0ddda,235274,1,Consejos Comunitarios,jonacatepec-de-leandro-valle-consejos-comunitarios,,"Poligonos coordinados por  Dante Alquicira 2026. Oriente Sur/Jonacatepec, Anahí Barreto Benitez/Consejos Comunitarios/Puente Colorado 2.jpeg"
FOTO-4968C36796,Puente Colorado 3.jpeg,1tN1UV9MLKPJP04jNTkm1PHjSyXazyL4g,https://drive.google.com/file/d/1tN1UV9MLKPJP04jNTkm1PHjSyXazyL4g/view,MUNICIPIO,MOSTRAR_MUNICIPIO,Oriente,Jonacatepec de Leandro Valle,,Oriente,Jonacatepec de Leandro Valle,,0,Promotor,Anahí Barreto Benitez,,Lote por evento,/foto/FOTO-4968C36796,,10,SI,4968c36796b45e87028488a54c14529018ee12f7d178974e4ec39c858f435cb4,280755,1,Consejos Comunitarios,jonacatepec-de-leandro-valle-consejos-comunitarios,,"Poligonos coordinados por  Dante Alquicira 2026. Oriente Sur/Jonacatepec, Anahí Barreto Benitez/Consejos Comunitarios/Puente Colorado 3.jpeg"
FOTO-3C2BF50330,Puente Colorado 4.jpeg,1ipuIh2FhLe7DcfEiCE1Y1f0Wo17BN2eS,https://drive.google.com/file/d/1ipuIh2FhLe7DcfEiCE1Y1f0Wo17BN2eS/view,MUNICIPIO,MOSTRAR_MUNICIPIO,Oriente,Jonacatepec de Leandro Valle,,Oriente,Jonacatepec de Leandro Valle,,0,Promotor,Anahí Barreto Benitez,,Lote por evento,/foto/FOTO-3C2BF50330,,10,SI,3c2bf5033042b93a0383b9dba580c2e164e80eecb4c5e6de4b94f0f1709a465f,279852,1,Consejos Comunitarios,jonacatepec-de-leandro-valle-consejos-comunitarios,,"Poligonos coordinados por  Dante Alquicira 2026. Oriente Sur/Jonacatepec, Anahí Barreto Benitez/Consejos Comunitarios/Puente Colorado 4.jpeg"
FOTO-21CE46FD73,"Reunión de consejo 2, Jonacatepec. 26062026.jpeg",1YvkOr7QokSNTOhEaAXal0tpJu52lkZvm,https://drive.google.com/file/d/1YvkOr7QokSNTOhEaAXal0tpJu52lkZvm/view,MUNICIPIO,MOSTRAR_MUNICIPIO,Oriente,Jonacatepec de Leandro Valle,,Oriente,Jonacatepec de Leandro Valle,,0,Promotor,Anahí Barreto Benitez,,Lote por evento,/foto/FOTO-21CE46FD73,,10,SI,21ce46fd73238068aa9f6a032922dd4ab18a4276d1e20133abfd3d51006a77c1,270156,1,Consejos Comunitarios,jonacatepec-de-leandro-valle-consejos-comunitarios,2026-06-26,"Poligonos coordinados por  Dante Alquicira 2026. Oriente Sur/Jonacatepec, Anahí Barreto Benitez/Consejos Comunitarios/Reunión de consejo 2, Jonacatepec. 26062026.jpeg"
FOTO-30DE50B4D9,Reunión de consejo comunitario en Jonacatepec 03032026.jpeg,1Fbye2ovsplQzfxJ-TeogFHoXOpFgg52o,https://drive.google.com/file/d/1Fbye2ovsplQzfxJ-TeogFHoXOpFgg52o/view,MUNICIPIO,MOSTRAR_MUNICIPIO,Oriente,Jonacatepec de Leandro Valle,,Oriente,Jonacatepec de Leandro Valle,,0,Promotor,Anahí Barreto Benitez,,Lote por evento,/foto/FOTO-30DE50B4D9,,10,SI,30de50b4d92cec9e490260f177401e20a63bf10e0a37e1c4c3df2054895179d7,266475,1,Consejos Comunitarios,jonacatepec-de-leandro-valle-consejos-comunitarios,2026-03-03,"Poligonos coordinados por  Dante Alquicira 2026. Oriente Sur/Jonacatepec, Anahí Barreto Benitez/Consejos Comunitarios/Reunión de consejo comunitario en Jonacatepec 03032026.jpeg"
FOTO-53CD0ED846,Reunión de consejo comunitario en Jonacatepec 05032026.jpeg,1Jl-ETOIyZS8OQDSRchYIj9GzNoX79YBf,https://drive.google.com/file/d/1Jl-ETOIyZS8OQDSRchYIj9GzNoX79YBf/view,MUNICIPIO,MOSTRAR_MUNICIPIO,Oriente,Jonacatepec de Leandro Valle,,Oriente,Jonacatepec de Leandro Valle,,0,Promotor,Anahí Barreto Benitez,,Lote por evento,/foto/FOTO-53CD0ED846,,10,SI,53cd0ed84635bb3f02ba6553a07c1c11bf692a4325b25a990255a6700ef6a4d3,264223,1,Consejos Comunitarios,jonacatepec-de-leandro-valle-consejos-comunitarios,2026-03-05,"Poligonos coordinados por  Dante Alquicira 2026. Oriente Sur/Jonacatepec, Anahí Barreto Benitez/Consejos Comunitarios/Reunión de consejo comunitario en Jonacatepec 05032026.jpeg"
FOTO-8F525ED2E7,Reunión de consejo comunitario en Jonacatepec 1 05032026.jpeg,1a_BKQpvzmkckDDNCxsQa8wmJ-Gv1vUW-,https://drive.google.com/file/d/1a_BKQpvzmkckDDNCxsQa8wmJ-Gv1vUW-/view,MUNICIPIO,MOSTRAR_MUNICIPIO,Oriente,Jonacatepec de Leandro Valle,,Oriente,Jonacatepec de Leandro Valle,,0,Promotor,Anahí Barreto Benitez,,Lote por evento,/foto/FOTO-8F525ED2E7,,10,SI,8f525ed2e78c75b82ad100dace9dcd609b4ff422ea466c929516c29e0942d623,307698,1,Consejos Comunitarios,jonacatepec-de-leandro-valle-consejos-comunitarios,2026-03-05,"Poligonos coordinados por  Dante Alquicira 2026. Oriente Sur/Jonacatepec, Anahí Barreto Benitez/Consejos Comunitarios/Reunión de consejo comunitario en Jonacatepec 1 05032026.jpeg"
FOTO-F2406616C7,Reunión de consejo comunitario en Jonacatepec 2. 05032026.jpeg,1uCEJbTBMUKaag24D5CRgv425NdaBevN_,https://drive.google.com/file/d/1uCEJbTBMUKaag24D5CRgv425NdaBevN_/view,MUNICIPIO,MOSTRAR_MUNICIPIO,Oriente,Jonacatepec de Leandro Valle,,Oriente,Jonacatepec de Leandro Valle,,0,Promotor,Anahí Barreto Benitez,,Lote por evento,/foto/FOTO-F2406616C7,,10,SI,f2406616c7fce59daf2963a8f514f91944c48f2bced917b8a434a6bc82a54c58,301392,1,Consejos Comunitarios,jonacatepec-de-leandro-valle-consejos-comunitarios,2026-03-05,"Poligonos coordinados por  Dante Alquicira 2026. Oriente Sur/Jonacatepec, Anahí Barreto Benitez/Consejos Comunitarios/Reunión de consejo comunitario en Jonacatepec 2. 05032026.jpeg"
FOTO-0B1EA945C3,Reunión de consejo comunitario en Jonacatepec 3.  05032026.jpeg,1VgELDK8Ss5z9KJtlk3fCcWyyPnDg-kRZ,https://drive.google.com/file/d/1VgELDK8Ss5z9KJtlk3fCcWyyPnDg-kRZ/view,MUNICIPIO,MOSTRAR_MUNICIPIO,Oriente,Jonacatepec de Leandro Valle,,Oriente,Jonacatepec de Leandro Valle,,0,Promotor,Anahí Barreto Benitez,,Lote por evento,/foto/FOTO-0B1EA945C3,,10,SI,0b1ea945c34271271edefab2875d3fd7a8703ecfd3148e1cbac328258f8effac,303858,1,Consejos Comunitarios,jonacatepec-de-leandro-valle-consejos-comunitarios,2026-03-05,"Poligonos coordinados por  Dante Alquicira 2026. Oriente Sur/Jonacatepec, Anahí Barreto Benitez/Consejos Comunitarios/Reunión de consejo comunitario en Jonacatepec 3.  05032026.jpeg"
FOTO-537CD112B5,"Reunión de consejo, Jonacatepec. 26062026.jpeg",1WRIhBHJr9evNY3SAUpQbIrEwOvE9OF2q,https://drive.google.com/file/d/1WRIhBHJr9evNY3SAUpQbIrEwOvE9OF2q/view,MUNICIPIO,MOSTRAR_MUNICIPIO,Oriente,Jonacatepec de Leandro Valle,,Oriente,Jonacatepec de Leandro Valle,,0,Promotor,Anahí Barreto Benitez,,Lote por evento,/foto/FOTO-537CD112B5,,10,SI,537cd112b5f1f54ae9fbbc9d9cf0622c16166a207379039cdf118e78b7dffbfd,162066,1,Consejos Comunitarios,jonacatepec-de-leandro-valle-consejos-comunitarios,2026-06-26,"Poligonos coordinados por  Dante Alquicira 2026. Oriente Sur/Jonacatepec, Anahí Barreto Benitez/Consejos Comunitarios/Reunión de consejo, Jonacatepec. 26062026.jpeg"
FOTO-510D58322D,Reunión de Consejos en Jonacatepec 2026-05-24 at 9.17.59 PM.jpeg,1xfS-odgmHyCHSSAPCHt_Sg_2tMjwuemE,https://drive.google.com/file/d/1xfS-odgmHyCHSSAPCHt_Sg_2tMjwuemE/view,MUNICIPIO,MOSTRAR_MUNICIPIO,Oriente,Jonacatepec de Leandro Valle,,Oriente,Jonacatepec de Leandro Valle,,0,Promotor,Anahí Barreto Benitez,,Lote por evento,/foto/FOTO-510D58322D,,10,SI,510d58322dc25b70cf47b7853b2bd036a1b429281cf38bbe0931a4b6c1503b26,140052,1,Consejos Comunitarios,jonacatepec-de-leandro-valle-consejos-comunitarios,2026-05-24,"Poligonos coordinados por  Dante Alquicira 2026. Oriente Sur/Jonacatepec, Anahí Barreto Benitez/Consejos Comunitarios/Reunión de Consejos en Jonacatepec 2026-05-24 at 9.17.59 PM.jpeg"
FOTO-60F41DC13B,Reunión en Jonacatepec 2026-05-24 at 9.17.59 PM.jpeg,1xbkXxcsFdZSw2Y-iRIhPBUDrSit5vXaZ,https://drive.google.com/file/d/1xbkXxcsFdZSw2Y-iRIhPBUDrSit5vXaZ/view,MUNICIPIO,MOSTRAR_MUNICIPIO,Oriente,Jonacatepec de Leandro Valle,,Oriente,Jonacatepec de Leandro Valle,,0,Promotor,Anahí Barreto Benitez,,Lote por evento,/foto/FOTO-60F41DC13B,,10,SI,60f41dc13b12b3811e5d82538772b6550fbd3510403909c4ba6d1093ef6ddfb8,173975,1,Consejos Comunitarios,jonacatepec-de-leandro-valle-consejos-comunitarios,2026-05-24,"Poligonos coordinados por  Dante Alquicira 2026. Oriente Sur/Jonacatepec, Anahí Barreto Benitez/Consejos Comunitarios/Reunión en Jonacatepec 2026-05-24 at 9.17.59 PM.jpeg"
FOTO-3123F9794C,"Reunión en Puente Colorado, Jonacatepec 2026-09-01.jpeg",18cu-7Q1CD2a72J--YUTXh6W1EoXRvuhw,https://drive.google.com/file/d/18cu-7Q1CD2a72J--YUTXh6W1EoXRvuhw/view,MUNICIPIO,MOSTRAR_MUNICIPIO,Oriente,Jonacatepec de Leandro Valle,,Oriente,Jonacatepec de Leandro Valle,,0,Promotor,Anahí Barreto Benitez,,Lote por evento,/foto/FOTO-3123F9794C,,10,SI,3123f9794c397ff6db3fb3b732d0a6c80d964d5bf671e3fd4da48c73dae13714,215040,1,Consejos Comunitarios,jonacatepec-de-leandro-valle-consejos-comunitarios,2026-09-01,"Poligonos coordinados por  Dante Alquicira 2026. Oriente Sur/Jonacatepec, Anahí Barreto Benitez/Consejos Comunitarios/Reunión en Puente Colorado, Jonacatepec 2026-09-01.jpeg"
FOTO-6C9346BC82,San Martín Jonacatepec 2026-05-24 at 3.58.07 PM.jpeg,1J1MZvSPZJBVjmcMljS7zOxQ2YGUdPdqd,https://drive.google.com/file/d/1J1MZvSPZJBVjmcMljS7zOxQ2YGUdPdqd/view,MUNICIPIO,MOSTRAR_MUNICIPIO,Oriente,Jonacatepec de Leandro Valle,,Oriente,Jonacatepec de Leandro Valle,,0,Promotor,Anahí Barreto Benitez,,Lote por evento,/foto/FOTO-6C9346BC82,,10,SI,6c9346bc828dbaf63fd0ec9231ed87adab11ec2fbc8ca21f7952bae422bc10ed,217843,1,Consejos Comunitarios,jonacatepec-de-leandro-valle-consejos-comunitarios,2026-05-24,"Poligonos coordinados por  Dante Alquicira 2026. Oriente Sur/Jonacatepec, Anahí Barreto Benitez/Consejos Comunitarios/San Martín Jonacatepec 2026-05-24 at 3.58.07 PM.jpeg"
FOTO-FA15BBAA21,Tetelilla 1.jpeg,1pb8bG2IO_TBRV3V7wAXD5aWBYozxtlWo,https://drive.google.com/file/d/1pb8bG2IO_TBRV3V7wAXD5aWBYozxtlWo/view,MUNICIPIO,MOSTRAR_MUNICIPIO,Oriente,Jonacatepec de Leandro Valle,,Oriente,Jonacatepec de Leandro Valle,,0,Promotor,Anahí Barreto Benitez,,Lote por evento,/foto/FOTO-FA15BBAA21,,10,SI,fa15bbaa2109f6e31841b6670b8c509152c481ce339d91ccf5e84898e914bd12,232468,1,Consejos Comunitarios,jonacatepec-de-leandro-valle-consejos-comunitarios,,"Poligonos coordinados por  Dante Alquicira 2026. Oriente Sur/Jonacatepec, Anahí Barreto Benitez/Consejos Comunitarios/Tetelilla 1.jpeg"
FOTO-3CFC6D9E7F,Tetelilla 2.jpeg,1FZFyLIL-FhNx-AYKokWOw6OxBXW3zRM7,https://drive.google.com/file/d/1FZFyLIL-FhNx-AYKokWOw6OxBXW3zRM7/view,MUNICIPIO,MOSTRAR_MUNICIPIO,Oriente,Jonacatepec de Leandro Valle,,Oriente,Jonacatepec de Leandro Valle,,0,Promotor,Anahí Barreto Benitez,,Lote por evento,/foto/FOTO-3CFC6D9E7F,,10,SI,3cfc6d9e7f43b7cf14a30213fdb2a4c14162e92d34c0dc889a52eb26563ecb97,213063,1,Consejos Comunitarios,jonacatepec-de-leandro-valle-consejos-comunitarios,,"Poligonos coordinados por  Dante Alquicira 2026. Oriente Sur/Jonacatepec, Anahí Barreto Benitez/Consejos Comunitarios/Tetelilla 2.jpeg"
FOTO-EDFBB18219,Tetelilla 3.jpeg,1D_rtkzqdQgRLwyD4dQZ5TBFlZe12N836,https://drive.google.com/file/d/1D_rtkzqdQgRLwyD4dQZ5TBFlZe12N836/view,MUNICIPIO,MOSTRAR_MUNICIPIO,Oriente,Jonacatepec de Leandro Valle,,Oriente,Jonacatepec de Leandro Valle,,0,Promotor,Anahí Barreto Benitez,,Lote por evento,/foto/FOTO-EDFBB18219,,10,SI,edfbb18219731319525a26aed80ee67e8707de3f6b095cab6c07dcec12f503b8,202884,1,Consejos Comunitarios,jonacatepec-de-leandro-valle-consejos-comunitarios,,"Poligonos coordinados por  Dante Alquicira 2026. Oriente Sur/Jonacatepec, Anahí Barreto Benitez/Consejos Comunitarios/Tetelilla 3.jpeg"
FOTO-13F38243AD,Tetelilla 4.jpeg,1m7r5yqR0ES4v5wEh_65F5ah7Rx2-66HE,https://drive.google.com/file/d/1m7r5yqR0ES4v5wEh_65F5ah7Rx2-66HE/view,MUNICIPIO,MOSTRAR_MUNICIPIO,Oriente,Jonacatepec de Leandro Valle,,Oriente,Jonacatepec de Leandro Valle,,0,Promotor,Anahí Barreto Benitez,,Lote por evento,/foto/FOTO-13F38243AD,,10,SI,13f38243adf797764cbfad3fa635b37b759ef89f8488d7824c5720df7d9d3791,110659,1,Consejos Comunitarios,jonacatepec-de-leandro-valle-consejos-comunitarios,,"Poligonos coordinados por  Dante Alquicira 2026. Oriente Sur/Jonacatepec, Anahí Barreto Benitez/Consejos Comunitarios/Tetelilla 4.jpeg"
FOTO-48D1435950,WhatsApp Image 2026-01-21 at 10.50.18 AM (2).jpeg,1JJmi-6fCqhmOKQ2d09u55YkoVArR_mPl,https://drive.google.com/file/d/1JJmi-6fCqhmOKQ2d09u55YkoVArR_mPl/view,MUNICIPIO,MOSTRAR_MUNICIPIO,Oriente,Jonacatepec de Leandro Valle,,Oriente,Jonacatepec de Leandro Valle,,0,Promotor,Anahí Barreto Benitez,,Lote por evento,/foto/FOTO-48D1435950,,10,SI,48d1435950e8d558287f878a2a0b88b11b7cce8a2fa20707451a7c53364f52c3,67625,1,Consejos Comunitarios,jonacatepec-de-leandro-valle-consejos-comunitarios,2026-01-21,"Poligonos coordinados por  Dante Alquicira 2026. Oriente Sur/Jonacatepec, Anahí Barreto Benitez/Consejos Comunitarios/WhatsApp Image 2026-01-21 at 10.50.18 AM (2).jpeg"
FOTO-FA2899DAAC,WhatsApp Image 2026-01-21 at 10.50.23 AM.jpeg,1nlihl_tF85aujBSDy_R9PZ4AIgyJadxY,https://drive.google.com/file/d/1nlihl_tF85aujBSDy_R9PZ4AIgyJadxY/view,MUNICIPIO,MOSTRAR_MUNICIPIO,Oriente,Jonacatepec de Leandro Valle,,Oriente,Jonacatepec de Leandro Valle,,0,Promotor,Anahí Barreto Benitez,,Lote por evento,/foto/FOTO-FA2899DAAC,,10,SI,fa2899daac03d17bafbc8a67afe752b9391773bf3447109a6749a8616372a2e3,124334,1,Consejos Comunitarios,jonacatepec-de-leandro-valle-consejos-comunitarios,2026-01-21,"Poligonos coordinados por  Dante Alquicira 2026. Oriente Sur/Jonacatepec, Anahí Barreto Benitez/Consejos Comunitarios/WhatsApp Image 2026-01-21 at 10.50.23 AM.jpeg"
FOTO-B85716DD54,WhatsApp Image 2026-01-21 at 10.50.32 AM (2).jpeg,18xbpafmrPRjjwPlaRj3tOpCLNt8j-m7l,https://drive.google.com/file/d/18xbpafmrPRjjwPlaRj3tOpCLNt8j-m7l/view,MUNICIPIO,MOSTRAR_MUNICIPIO,Oriente,Jonacatepec de Leandro Valle,,Oriente,Jonacatepec de Leandro Valle,,0,Promotor,Anahí Barreto Benitez,,Lote por evento,/foto/FOTO-B85716DD54,,10,SI,b85716dd5406f9cb3ea0c30156764c668afe5089ddb34ce651e18cdcb34ff683,102565,1,Consejos Comunitarios,jonacatepec-de-leandro-valle-consejos-comunitarios,2026-01-21,"Poligonos coordinados por  Dante Alquicira 2026. Oriente Sur/Jonacatepec, Anahí Barreto Benitez/Consejos Comunitarios/WhatsApp Image 2026-01-21 at 10.50.32 AM (2).jpeg"
FOTO-D738569BD8,"Curso de Gelatina Artísitica, Jonacatepec, 26 de Junio de 2026..jpeg",1p23xDY_lzaqOe2yFuVYChmvbmf8zA9GO,https://drive.google.com/file/d/1p23xDY_lzaqOe2yFuVYChmvbmf8zA9GO/view,MUNICIPIO,MOSTRAR_MUNICIPIO,Oriente,Jonacatepec de Leandro Valle,,Oriente,Jonacatepec de Leandro Valle,,0,Promotor,Anahí Barreto Benitez,,Lote por evento,/foto/FOTO-D738569BD8,,10,SI,d738569bd8482ad5d8f5065d4c12a76ab562cffb3797010d734429f2afa222e6,180103,1,Curso ICATMOR,jonacatepec-de-leandro-valle-curso-icatmor,2026-06-26,"Poligonos coordinados por  Dante Alquicira 2026. Oriente Sur/Jonacatepec, Anahí Barreto Benitez/Curso ICATMOR/Curso de Gelatina Artísitica, Jonacatepec, 26 de Junio de 2026..jpeg"
FOTO-355A677593,"Taller de Globoflexia en Jonacatepec 2, 22062026.jpeg",1tL0dl5Ee20iiYd0gkvT3PwQ_UCoUdhQc,https://drive.google.com/file/d/1tL0dl5Ee20iiYd0gkvT3PwQ_UCoUdhQc/view,MUNICIPIO,MOSTRAR_MUNICIPIO,Oriente,Jonacatepec de Leandro Valle,,Oriente,Jonacatepec de Leandro Valle,,0,Promotor,Anahí Barreto Benitez,,Lote por evento,/foto/FOTO-355A677593,,10,SI,355a6775937e245bb202ec6426fcb6e4f0fd913cff12d82e157ddb24c5b09e85,183647,1,Curso ICATMOR,jonacatepec-de-leandro-valle-curso-icatmor,2026-06-22,"Poligonos coordinados por  Dante Alquicira 2026. Oriente Sur/Jonacatepec, Anahí Barreto Benitez/Curso ICATMOR/Taller de Globoflexia en Jonacatepec 2, 22062026.jpeg"
FOTO-EC6D34BEF9,"Taller de Globoflexia en Jonacatepec, 22062026.jpeg",116L3_rupbL4N9RzzgkA5IALR0o57Kb79,https://drive.google.com/file/d/116L3_rupbL4N9RzzgkA5IALR0o57Kb79/view,MUNICIPIO,MOSTRAR_MUNICIPIO,Oriente,Jonacatepec de Leandro Valle,,Oriente,Jonacatepec de Leandro Valle,,0,Promotor,Anahí Barreto Benitez,,Lote por evento,/foto/FOTO-EC6D34BEF9,,10,SI,ec6d34bef9441ed8072219fc4651fe2c100bba1db80455d448b61ad7d5851395,207807,1,Curso ICATMOR,jonacatepec-de-leandro-valle-curso-icatmor,2026-06-22,"Poligonos coordinados por  Dante Alquicira 2026. Oriente Sur/Jonacatepec, Anahí Barreto Benitez/Curso ICATMOR/Taller de Globoflexia en Jonacatepec, 22062026.jpeg"
FOTO-7F849F1C7C,Entrega de Juguetes 1.jpeg,1AzNd-0AhWLwwwDqqLyaB5usGRGyt3U8d,https://drive.google.com/file/d/1AzNd-0AhWLwwwDqqLyaB5usGRGyt3U8d/view,MUNICIPIO,MOSTRAR_MUNICIPIO,Oriente,Jonacatepec de Leandro Valle,,Oriente,Jonacatepec de Leandro Valle,,0,Promotor,Anahí Barreto Benitez,,Lote por evento,/foto/FOTO-7F849F1C7C,,10,SI,7f849f1c7cf2e38b5bad48dbae0ac0e71ee2b287776918e0daf4e6bb6edcac21,309505,1,Entrega de juguetes,jonacatepec-de-leandro-valle-entrega-de-juguetes,,"Poligonos coordinados por  Dante Alquicira 2026. Oriente Sur/Jonacatepec, Anahí Barreto Benitez/Entrega de juguetes/Entrega de Juguetes 1.jpeg"
FOTO-9563577378,Entrega de Juguetes 2.jpeg,13zZGlAMKWfGrRH_3f2DX-CBZLZSY_fNW,https://drive.google.com/file/d/13zZGlAMKWfGrRH_3f2DX-CBZLZSY_fNW/view,MUNICIPIO,MOSTRAR_MUNICIPIO,Oriente,Jonacatepec de Leandro Valle,,Oriente,Jonacatepec de Leandro Valle,,0,Promotor,Anahí Barreto Benitez,,Lote por evento,/foto/FOTO-9563577378,,10,SI,9563577378101e1f07c83960fd2feb46e4852bf95e7c50be1048dc8870b9da54,355078,1,Entrega de juguetes,jonacatepec-de-leandro-valle-entrega-de-juguetes,,"Poligonos coordinados por  Dante Alquicira 2026. Oriente Sur/Jonacatepec, Anahí Barreto Benitez/Entrega de juguetes/Entrega de Juguetes 2.jpeg"
FOTO-9CF93B49F3,Entrega de Juguetes 3.jpeg,1E3ijNk7He8nP7bhysFAxHWIo9WIlrDxG,https://drive.google.com/file/d/1E3ijNk7He8nP7bhysFAxHWIo9WIlrDxG/view,MUNICIPIO,MOSTRAR_MUNICIPIO,Oriente,Jonacatepec de Leandro Valle,,Oriente,Jonacatepec de Leandro Valle,,0,Promotor,Anahí Barreto Benitez,,Lote por evento,/foto/FOTO-9CF93B49F3,,10,SI,9cf93b49f3dd027d2cf5bedf280199c5fd4049463bc6d7fc11cc6f781e6ece67,404927,1,Entrega de juguetes,jonacatepec-de-leandro-valle-entrega-de-juguetes,,"Poligonos coordinados por  Dante Alquicira 2026. Oriente Sur/Jonacatepec, Anahí Barreto Benitez/Entrega de juguetes/Entrega de Juguetes 3.jpeg"
FOTO-58970B37C2,Entrega de Juguetes 4.jpeg,1oTC6KtkrqBEDMzosbG7Zu2gOjMXi2mzR,https://drive.google.com/file/d/1oTC6KtkrqBEDMzosbG7Zu2gOjMXi2mzR/view,MUNICIPIO,MOSTRAR_MUNICIPIO,Oriente,Jonacatepec de Leandro Valle,,Oriente,Jonacatepec de Leandro Valle,,0,Promotor,Anahí Barreto Benitez,,Lote por evento,/foto/FOTO-58970B37C2,,10,SI,58970b37c21f1f38eeb170e1e4b940114c37726ffd91206fe63ccb8018a87b13,381496,1,Entrega de juguetes,jonacatepec-de-leandro-valle-entrega-de-juguetes,,"Poligonos coordinados por  Dante Alquicira 2026. Oriente Sur/Jonacatepec, Anahí Barreto Benitez/Entrega de juguetes/Entrega de Juguetes 4.jpeg"
FOTO-3B6C3EC0BF,Entrega de Juguetes 6.jpeg,18ZyKO19Q_gkND6lMwo6V1io3YGcMABxE,https://drive.google.com/file/d/18ZyKO19Q_gkND6lMwo6V1io3YGcMABxE/view,MUNICIPIO,MOSTRAR_MUNICIPIO,Oriente,Jonacatepec de Leandro Valle,,Oriente,Jonacatepec de Leandro Valle,,0,Promotor,Anahí Barreto Benitez,,Lote por evento,/foto/FOTO-3B6C3EC0BF,,10,SI,3b6c3ec0bfb8dc4078803c09f60c933ef155c6beee56444d45f1a22b8545fd2e,395135,1,Entrega de juguetes,jonacatepec-de-leandro-valle-entrega-de-juguetes,,"Poligonos coordinados por  Dante Alquicira 2026. Oriente Sur/Jonacatepec, Anahí Barreto Benitez/Entrega de juguetes/Entrega de Juguetes 6.jpeg"
FOTO-6F494E3ECB,Medicina tradicional en Tetelilla 1.jpeg,1kP0PrzulSb-T3uC3HJz7nU9HFRzY0iiQ,https://drive.google.com/file/d/1kP0PrzulSb-T3uC3HJz7nU9HFRzY0iiQ/view,MUNICIPIO,MOSTRAR_MUNICIPIO,Oriente,Jonacatepec de Leandro Valle,,Oriente,Jonacatepec de Leandro Valle,,0,Promotor,Anahí Barreto Benitez,,Lote por evento,/foto/FOTO-6F494E3ECB,,10,SI,6f494e3ecbf885f6f7f71b87b35b7413dbe212e33389c6c70f91eb6dcff912d5,2090315,1,Medicina Tradicional,jonacatepec-de-leandro-valle-medicina-tradicional,,"Poligonos coordinados por  Dante Alquicira 2026. Oriente Sur/Jonacatepec, Anahí Barreto Benitez/Medicina Tradicional/Medicina tradicional en Tetelilla 1.jpeg"
FOTO-4EFD381BA8,Medicina tradicional en Tetelilla 2.jpeg,1wYyWWIAL6xvkmZ2gaMeJ7G9B2Ojv3ZMc,https://drive.google.com/file/d/1wYyWWIAL6xvkmZ2gaMeJ7G9B2Ojv3ZMc/view,MUNICIPIO,MOSTRAR_MUNICIPIO,Oriente,Jonacatepec de Leandro Valle,,Oriente,Jonacatepec de Leandro Valle,,0,Promotor,Anahí Barreto Benitez,,Lote por evento,/foto/FOTO-4EFD381BA8,,10,SI,4efd381ba8b2b7e9b20eac82c52104a8116c09c24f4e5ba52a4ec1646ed8d362,110937,1,Medicina Tradicional,jonacatepec-de-leandro-valle-medicina-tradicional,,"Poligonos coordinados por  Dante Alquicira 2026. Oriente Sur/Jonacatepec, Anahí Barreto Benitez/Medicina Tradicional/Medicina tradicional en Tetelilla 2.jpeg"
FOTO-B2286F791F,Medicina tradicional en Tetelilla 3.jpeg,1Ai8Ho1Pwqm1JBI6x3z4JuatwLq13NRNP,https://drive.google.com/file/d/1Ai8Ho1Pwqm1JBI6x3z4JuatwLq13NRNP/view,MUNICIPIO,MOSTRAR_MUNICIPIO,Oriente,Jonacatepec de Leandro Valle,,Oriente,Jonacatepec de Leandro Valle,,0,Promotor,Anahí Barreto Benitez,,Lote por evento,/foto/FOTO-B2286F791F,,10,SI,b2286f791fb1a4a3886f03f7ce6ba02894b162b17743cffcdc454a7d0e8e6fc4,180218,1,Medicina Tradicional,jonacatepec-de-leandro-valle-medicina-tradicional,,"Poligonos coordinados por  Dante Alquicira 2026. Oriente Sur/Jonacatepec, Anahí Barreto Benitez/Medicina Tradicional/Medicina tradicional en Tetelilla 3.jpeg"
FOTO-3665D3E2A7,Medicina tradicional en Tetelilla 4.jpeg,1Pfk_DW5F7iwwLQLUsv5aPqOiH5Dw9aOc,https://drive.google.com/file/d/1Pfk_DW5F7iwwLQLUsv5aPqOiH5Dw9aOc/view,MUNICIPIO,MOSTRAR_MUNICIPIO,Oriente,Jonacatepec de Leandro Valle,,Oriente,Jonacatepec de Leandro Valle,,0,Promotor,Anahí Barreto Benitez,,Lote por evento,/foto/FOTO-3665D3E2A7,,10,SI,3665d3e2a7ce37679069e9121fcb9001d153571854589332571c973d2f1c8732,263336,1,Medicina Tradicional,jonacatepec-de-leandro-valle-medicina-tradicional,,"Poligonos coordinados por  Dante Alquicira 2026. Oriente Sur/Jonacatepec, Anahí Barreto Benitez/Medicina Tradicional/Medicina tradicional en Tetelilla 4.jpeg"
FOTO-821B37E6EB,Medicina tradicional en Tetelilla 5.jpeg,1PzZRoa50niAd5lGIE9sDjrYZ-Y0q0gOx,https://drive.google.com/file/d/1PzZRoa50niAd5lGIE9sDjrYZ-Y0q0gOx/view,MUNICIPIO,MOSTRAR_MUNICIPIO,Oriente,Jonacatepec de Leandro Valle,,Oriente,Jonacatepec de Leandro Valle,,0,Promotor,Anahí Barreto Benitez,,Lote por evento,/foto/FOTO-821B37E6EB,,10,SI,821b37e6eb25a90b8d43523569a047a0d5d4b35aed4182ec72b018cb0883f49b,248320,1,Medicina Tradicional,jonacatepec-de-leandro-valle-medicina-tradicional,,"Poligonos coordinados por  Dante Alquicira 2026. Oriente Sur/Jonacatepec, Anahí Barreto Benitez/Medicina Tradicional/Medicina tradicional en Tetelilla 5.jpeg"
FOTO-962501644D,Medicina tradicional en Tetelilla 6.jpeg,1_ExsYOtveWNH60ofsurC_D7UEIanho1S,https://drive.google.com/file/d/1_ExsYOtveWNH60ofsurC_D7UEIanho1S/view,MUNICIPIO,MOSTRAR_MUNICIPIO,Oriente,Jonacatepec de Leandro Valle,,Oriente,Jonacatepec de Leandro Valle,,0,Promotor,Anahí Barreto Benitez,,Lote por evento,/foto/FOTO-962501644D,,10,SI,962501644d84a48b5812fe21d328f63da488cae4cd0ab21cb5f8d02630549ff8,270411,1,Medicina Tradicional,jonacatepec-de-leandro-valle-medicina-tradicional,,"Poligonos coordinados por  Dante Alquicira 2026. Oriente Sur/Jonacatepec, Anahí Barreto Benitez/Medicina Tradicional/Medicina tradicional en Tetelilla 6.jpeg"
FOTO-F13A3ADE7C,Entrega de Material al equipo de Fútbol  Sangre Azteca del Proyecto Petate de Colores 1.jpeg,1g3_ahcFpnkeIywipNi32i_G-YEIS---3,https://drive.google.com/file/d/1g3_ahcFpnkeIywipNi32i_G-YEIS---3/view,MUNICIPIO,MOSTRAR_MUNICIPIO,Oriente,Jonacatepec de Leandro Valle,,Oriente,Jonacatepec de Leandro Valle,,0,Promotor,Anahí Barreto Benitez,,Lote por evento,/foto/FOTO-F13A3ADE7C,,10,SI,f13a3ade7cbb6ed8c7b79e0dafe6c648cb2c6a41646e8a5a5c7b7ee2db796275,406712,1,Petate de Colores,jonacatepec-de-leandro-valle-petate-de-colores,,"Poligonos coordinados por  Dante Alquicira 2026. Oriente Sur/Jonacatepec, Anahí Barreto Benitez/Petate de Colores/Entrega de Material al equipo de Fútbol  Sangre Azteca del Proyecto Petate de Colores 1.jpeg"
FOTO-7EADB2D0A2,Entrega de Material al equipo de Fútbol  Sangre Azteca del Proyecto Petate de Colores 2.jpeg,1CE5_YNBzvwJSbPnnQ7CHYvbT_ERYcYtO,https://drive.google.com/file/d/1CE5_YNBzvwJSbPnnQ7CHYvbT_ERYcYtO/view,MUNICIPIO,MOSTRAR_MUNICIPIO,Oriente,Jonacatepec de Leandro Valle,,Oriente,Jonacatepec de Leandro Valle,,0,Promotor,Anahí Barreto Benitez,,Lote por evento,/foto/FOTO-7EADB2D0A2,,10,SI,7eadb2d0a2f0bcdb4be841b93e5bd415a27d261e2ce93d4275287ebea858ad71,419257,1,Petate de Colores,jonacatepec-de-leandro-valle-petate-de-colores,,"Poligonos coordinados por  Dante Alquicira 2026. Oriente Sur/Jonacatepec, Anahí Barreto Benitez/Petate de Colores/Entrega de Material al equipo de Fútbol  Sangre Azteca del Proyecto Petate de Colores 2.jpeg"
FOTO-29DC1E3107,Entrega de Material al equipo de Fútbol  Sangre Azteca del Proyecto Petate de Colores 3.jpeg,1sXoP3Y97MH3XznUObXrROVLIk5eNWpVi,https://drive.google.com/file/d/1sXoP3Y97MH3XznUObXrROVLIk5eNWpVi/view,MUNICIPIO,MOSTRAR_MUNICIPIO,Oriente,Jonacatepec de Leandro Valle,,Oriente,Jonacatepec de Leandro Valle,,0,Promotor,Anahí Barreto Benitez,,Lote por evento,/foto/FOTO-29DC1E3107,,10,SI,29dc1e3107ece8f18ca9a94ce02f2e045cb9a127643cfa474d7f171d40bb9b57,294805,1,Petate de Colores,jonacatepec-de-leandro-valle-petate-de-colores,,"Poligonos coordinados por  Dante Alquicira 2026. Oriente Sur/Jonacatepec, Anahí Barreto Benitez/Petate de Colores/Entrega de Material al equipo de Fútbol  Sangre Azteca del Proyecto Petate de Colores 3.jpeg"
FOTO-37078519FC,Entrega de Material al equipo de Fútbol  Sangre Azteca del Proyecto Petate de Colores 4.jpeg,1G4V_5MgaIXwI9WN6X8wr6FVUpBVcFWUk,https://drive.google.com/file/d/1G4V_5MgaIXwI9WN6X8wr6FVUpBVcFWUk/view,MUNICIPIO,MOSTRAR_MUNICIPIO,Oriente,Jonacatepec de Leandro Valle,,Oriente,Jonacatepec de Leandro Valle,,0,Promotor,Anahí Barreto Benitez,,Lote por evento,/foto/FOTO-37078519FC,,10,SI,37078519fce2b1f79ebe32a9b2524138914f56f86aea6a56b651adcedac8d69f,128305,1,Petate de Colores,jonacatepec-de-leandro-valle-petate-de-colores,,"Poligonos coordinados por  Dante Alquicira 2026. Oriente Sur/Jonacatepec, Anahí Barreto Benitez/Petate de Colores/Entrega de Material al equipo de Fútbol  Sangre Azteca del Proyecto Petate de Colores 4.jpeg"
FOTO-65F7DF0C62,Entrega de Material al equipo de Fútbol  Sangre Azteca del Proyecto Petate de Colores 5.jpeg,1-lvU043cRldSQwUCajDxwqv4QYMleWEr,https://drive.google.com/file/d/1-lvU043cRldSQwUCajDxwqv4QYMleWEr/view,MUNICIPIO,MOSTRAR_MUNICIPIO,Oriente,Jonacatepec de Leandro Valle,,Oriente,Jonacatepec de Leandro Valle,,0,Promotor,Anahí Barreto Benitez,,Lote por evento,/foto/FOTO-65F7DF0C62,,10,SI,65f7df0c626e04766231231e78eaeb5d11ba756fb0471d5f4a4ed83bf6d152dc,166010,1,Petate de Colores,jonacatepec-de-leandro-valle-petate-de-colores,,"Poligonos coordinados por  Dante Alquicira 2026. Oriente Sur/Jonacatepec, Anahí Barreto Benitez/Petate de Colores/Entrega de Material al equipo de Fútbol  Sangre Azteca del Proyecto Petate de Colores 5.jpeg"
FOTO-B2624EDDAB,Entrega de Material al equipo de Fútbol  Sangre Azteca del Proyecto Petate de Colores 6.jpeg,1P_Yq4jNAvqrEuqItaQzFNzGUydkkM-h5,https://drive.google.com/file/d/1P_Yq4jNAvqrEuqItaQzFNzGUydkkM-h5/view,MUNICIPIO,MOSTRAR_MUNICIPIO,Oriente,Jonacatepec de Leandro Valle,,Oriente,Jonacatepec de Leandro Valle,,0,Promotor,Anahí Barreto Benitez,,Lote por evento,/foto/FOTO-B2624EDDAB,,10,SI,b2624eddab72a9d012f803c93e861a161440513e7fa813d50c95e1f25500a1ae,130890,1,Petate de Colores,jonacatepec-de-leandro-valle-petate-de-colores,,"Poligonos coordinados por  Dante Alquicira 2026. Oriente Sur/Jonacatepec, Anahí Barreto Benitez/Petate de Colores/Entrega de Material al equipo de Fútbol  Sangre Azteca del Proyecto Petate de Colores 6.jpeg"
FOTO-9849A8022F,Entrega de Material al equipo de Fútbol  Sangre Azteca del Proyecto Petate de Colores 7.jpeg,1ivMgk6vFxAZZ3K9EsadgCBtdZ6Jm2mBg,https://drive.google.com/file/d/1ivMgk6vFxAZZ3K9EsadgCBtdZ6Jm2mBg/view,MUNICIPIO,MOSTRAR_MUNICIPIO,Oriente,Jonacatepec de Leandro Valle,,Oriente,Jonacatepec de Leandro Valle,,0,Promotor,Anahí Barreto Benitez,,Lote por evento,/foto/FOTO-9849A8022F,,10,SI,9849a8022f3f4dde4e5f20703ea8772738142ec440370f40d0207ec33f540b9d,155730,1,Petate de Colores,jonacatepec-de-leandro-valle-petate-de-colores,,"Poligonos coordinados por  Dante Alquicira 2026. Oriente Sur/Jonacatepec, Anahí Barreto Benitez/Petate de Colores/Entrega de Material al equipo de Fútbol  Sangre Azteca del Proyecto Petate de Colores 7.jpeg"
FOTO-C706C1FAF2,Invitación para entrega de materiales del proyecto Petate de Colores..jpeg,1UKTOsZ4ukRA4sM_59gdFfiGEUSEAXO0K,https://drive.google.com/file/d/1UKTOsZ4ukRA4sM_59gdFfiGEUSEAXO0K/view,MUNICIPIO,MOSTRAR_MUNICIPIO,Oriente,Jonacatepec de Leandro Valle,,Oriente,Jonacatepec de Leandro Valle,,0,Promotor,Anahí Barreto Benitez,,Lote por evento,/foto/FOTO-C706C1FAF2,,10,SI,c706c1faf24f95aef1ab8cc1a7dc91507b5e1e4613af10dad66d246796922cd2,215549,1,Petate de Colores,jonacatepec-de-leandro-valle-petate-de-colores,,"Poligonos coordinados por  Dante Alquicira 2026. Oriente Sur/Jonacatepec, Anahí Barreto Benitez/Petate de Colores/Invitación para entrega de materiales del proyecto Petate de Colores..jpeg"
FOTO-FE139ED2DC,Registro de piso firme en Jonacatepec 1 2026-09-08.jpeg,18RNm5Xwq6_IkmSnvxKluo31L06FeUr3S,https://drive.google.com/file/d/18RNm5Xwq6_IkmSnvxKluo31L06FeUr3S/view,MUNICIPIO,MOSTRAR_MUNICIPIO,Oriente,Jonacatepec de Leandro Valle,,Oriente,Jonacatepec de Leandro Valle,,0,Promotor,Anahí Barreto Benitez,,Lote por evento,/foto/FOTO-FE139ED2DC,,10,SI,fe139ed2dcb33f0a5011f12bc04bb1b17767be45ce2e6914e5555271fa532fa1,155183,1,Piso Firme,jonacatepec-de-leandro-valle-piso-firme,2026-09-08,"Poligonos coordinados por  Dante Alquicira 2026. Oriente Sur/Jonacatepec, Anahí Barreto Benitez/Piso Firme/Registro de piso firme en Jonacatepec 1 2026-09-08.jpeg"
FOTO-73BA40D058,Registro de piso firme en Jonacatepec 2 2026-09-08.jpeg,1_NGvaNb8ngCY7AI_NhihwhNTy9tNXIwg,https://drive.google.com/file/d/1_NGvaNb8ngCY7AI_NhihwhNTy9tNXIwg/view,MUNICIPIO,MOSTRAR_MUNICIPIO,Oriente,Jonacatepec de Leandro Valle,,Oriente,Jonacatepec de Leandro Valle,,0,Promotor,Anahí Barreto Benitez,,Lote por evento,/foto/FOTO-73BA40D058,,10,SI,73ba40d05896e51f1e52dff1844c109ad1b1b1844d9352f5c3465379037cf700,170012,1,Piso Firme,jonacatepec-de-leandro-valle-piso-firme,2026-09-08,"Poligonos coordinados por  Dante Alquicira 2026. Oriente Sur/Jonacatepec, Anahí Barreto Benitez/Piso Firme/Registro de piso firme en Jonacatepec 2 2026-09-08.jpeg"
FOTO-7BD4C42FD7,Registro de piso firme en Jonacatepec 3 2026-09-08.jpeg,1AtXkpCcEFwKTokv8Ona05BTgaibfGO8m,https://drive.google.com/file/d/1AtXkpCcEFwKTokv8Ona05BTgaibfGO8m/view,MUNICIPIO,MOSTRAR_MUNICIPIO,Oriente,Jonacatepec de Leandro Valle,,Oriente,Jonacatepec de Leandro Valle,,0,Promotor,Anahí Barreto Benitez,,Lote por evento,/foto/FOTO-7BD4C42FD7,,10,SI,7bd4c42fd7319fb0c7d515ee552bb4953adf7dd5c5e4b3714b6d23ab8ba3eadf,169928,1,Piso Firme,jonacatepec-de-leandro-valle-piso-firme,2026-09-08,"Poligonos coordinados por  Dante Alquicira 2026. Oriente Sur/Jonacatepec, Anahí Barreto Benitez/Piso Firme/Registro de piso firme en Jonacatepec 3 2026-09-08.jpeg"
FOTO-1F2659E03A,Registros FISE piso Firme Jonacatepec 2026-09-09.jpeg,1sfPJSZv2Poode0YLrv4NlxDZhv-eXn-A,https://drive.google.com/file/d/1sfPJSZv2Poode0YLrv4NlxDZhv-eXn-A/view,MUNICIPIO,MOSTRAR_MUNICIPIO,Oriente,Jonacatepec de Leandro Valle,,Oriente,Jonacatepec de Leandro Valle,,0,Promotor,Anahí Barreto Benitez,,Lote por evento,/foto/FOTO-1F2659E03A,,10,SI,1f2659e03a5104e35d9b7a6e2a999b5a6f076ed9db2c70f92e5ba5624e8f6d3d,75229,1,Piso Firme,jonacatepec-de-leandro-valle-piso-firme,2026-09-09,"Poligonos coordinados por  Dante Alquicira 2026. Oriente Sur/Jonacatepec, Anahí Barreto Benitez/Piso Firme/Registros FISE piso Firme Jonacatepec 2026-09-09.jpeg"
FOTO-3D93F4BA70,Reunión con médicos para atención y servicios.jpeg,1hbMcy7WNVKfslsLBp3ZCEdtNkc9OFMIg,https://drive.google.com/file/d/1hbMcy7WNVKfslsLBp3ZCEdtNkc9OFMIg/view,MUNICIPIO,MOSTRAR_MUNICIPIO,Oriente,Jonacatepec de Leandro Valle,,Oriente,Jonacatepec de Leandro Valle,,0,Promotor,Anahí Barreto Benitez,,Lote por evento,/foto/FOTO-3D93F4BA70,,10,SI,3d93f4ba70389cef533a28fdbee55dcae3fe5451a1b6c79d17a25763af769c44,115774,1,Reunión con médicos para atención y servicios,jonacatepec-de-leandro-valle-reunion-con-medicos-para-atencion-y-servicios,,"Poligonos coordinados por  Dante Alquicira 2026. Oriente Sur/Jonacatepec, Anahí Barreto Benitez/Reunión con médicos para atención y servicios.jpeg"
FOTO-A0E7EB6713,"Taller de Cartoneria y hoja de Totomoxtle, en Jonacatepec. 2 2026-09-04.jpeg",1gdcuLBZ-o2omUkWQ5ZTM8dk4vXgr-HGf,https://drive.google.com/file/d/1gdcuLBZ-o2omUkWQ5ZTM8dk4vXgr-HGf/view,MUNICIPIO,MOSTRAR_MUNICIPIO,Oriente,Jonacatepec de Leandro Valle,,Oriente,Jonacatepec de Leandro Valle,,0,Promotor,Anahí Barreto Benitez,,Lote por evento,/foto/FOTO-A0E7EB6713,,10,SI,a0e7eb6713d0770a7b37df4cec86fe8ec4a0f2a1b175d4ceced86fbd887ef23f,298481,1,Taller de hojas Totomoztle,jonacatepec-de-leandro-valle-taller-de-hojas-totomoztle,2026-09-04,"Poligonos coordinados por  Dante Alquicira 2026. Oriente Sur/Jonacatepec, Anahí Barreto Benitez/Taller de hojas Totomoztle/Taller de Cartoneria y hoja de Totomoxtle, en Jonacatepec. 2 2026-09-04.jpeg"
FOTO-2A9623A77C,"Taller de Cartoneria y hoja de Totomoxtle, en Jonacatepec. 2026-09-04.jpeg",1_x2O5u2-XjtSK2U0SqtFqxm6ZBXz-DTj,https://drive.google.com/file/d/1_x2O5u2-XjtSK2U0SqtFqxm6ZBXz-DTj/view,MUNICIPIO,MOSTRAR_MUNICIPIO,Oriente,Jonacatepec de Leandro Valle,,Oriente,Jonacatepec de Leandro Valle,,0,Promotor,Anahí Barreto Benitez,,Lote por evento,/foto/FOTO-2A9623A77C,,10,SI,2a9623a77c209c00dfc58e905453b7c00c063df8458060b0328d040f104a2444,242201,1,Taller de hojas Totomoztle,jonacatepec-de-leandro-valle-taller-de-hojas-totomoztle,2026-09-04,"Poligonos coordinados por  Dante Alquicira 2026. Oriente Sur/Jonacatepec, Anahí Barreto Benitez/Taller de hojas Totomoztle/Taller de Cartoneria y hoja de Totomoxtle, en Jonacatepec. 2026-09-04.jpeg"
FOTO-3E3ED43D4F,Taller hojas de Totomoztle 1 Jonacatepec 2026-09-14.jpeg,1jA9c6Z4Pbyg5IC2D1jm0BNyEhUfJvLK1,https://drive.google.com/file/d/1jA9c6Z4Pbyg5IC2D1jm0BNyEhUfJvLK1/view,MUNICIPIO,MOSTRAR_MUNICIPIO,Oriente,Jonacatepec de Leandro Valle,,Oriente,Jonacatepec de Leandro Valle,,0,Promotor,Anahí Barreto Benitez,,Lote por evento,/foto/FOTO-3E3ED43D4F,,10,SI,3e3ed43d4fdca2d037815b749ebb9d20597c82b1f5007c87c02e14bb24f68279,260085,1,Taller de hojas Totomoztle,jonacatepec-de-leandro-valle-taller-de-hojas-totomoztle,2026-09-14,"Poligonos coordinados por  Dante Alquicira 2026. Oriente Sur/Jonacatepec, Anahí Barreto Benitez/Taller de hojas Totomoztle/Taller hojas de Totomoztle 1 Jonacatepec 2026-09-14.jpeg"
FOTO-5679E573A4,Taller hojas de Totomoztle 2 Jonacatepec 2026-09-14.jpeg,1-QJHpefSiiCWQa8eRfP9ec9VwmGvS_qM,https://drive.google.com/file/d/1-QJHpefSiiCWQa8eRfP9ec9VwmGvS_qM/view,MUNICIPIO,MOSTRAR_MUNICIPIO,Oriente,Jonacatepec de Leandro Valle,,Oriente,Jonacatepec de Leandro Valle,,0,Promotor,Anahí Barreto Benitez,,Lote por evento,/foto/FOTO-5679E573A4,,10,SI,5679e573a4efe07d1dc9aeecd6e7bde98dc30081df20b70a5001ea765c3789f6,171883,1,Taller de hojas Totomoztle,jonacatepec-de-leandro-valle-taller-de-hojas-totomoztle,2026-09-14,"Poligonos coordinados por  Dante Alquicira 2026. Oriente Sur/Jonacatepec, Anahí Barreto Benitez/Taller de hojas Totomoztle/Taller hojas de Totomoztle 2 Jonacatepec 2026-09-14.jpeg"
FOTO-812638A988,Taller hojas de Totomoztle 3 Jonacatepec  2026-09-14.jpeg,1LKgIXscm0dCSCPn9VPpEtPvM095W3tMq,https://drive.google.com/file/d/1LKgIXscm0dCSCPn9VPpEtPvM095W3tMq/view,MUNICIPIO,MOSTRAR_MUNICIPIO,Oriente,Jonacatepec de Leandro Valle,,Oriente,Jonacatepec de Leandro Valle,,0,Promotor,Anahí Barreto Benitez,,Lote por evento,/foto/FOTO-812638A988,,10,SI,812638a98882ce0c5d7483b76e8c0fc9d42d9e04a3f8fac190f6cf4e8672ed00,220136,1,Taller de hojas Totomoztle,jonacatepec-de-leandro-valle-taller-de-hojas-totomoztle,2026-09-14,"Poligonos coordinados por  Dante Alquicira 2026. Oriente Sur/Jonacatepec, Anahí Barreto Benitez/Taller de hojas Totomoztle/Taller hojas de Totomoztle 3 Jonacatepec  2026-09-14.jpeg"
FOTO-0A066ADB72,Taller cultural de música en comunidades de Jonacatepec 1 2026-09-10.jpeg,1SVJfjO1UKN-MXuS3DN5R5p09jz-qfJ3_,https://drive.google.com/file/d/1SVJfjO1UKN-MXuS3DN5R5p09jz-qfJ3_/view,MUNICIPIO,MOSTRAR_MUNICIPIO,Oriente,Jonacatepec de Leandro Valle,,Oriente,Jonacatepec de Leandro Valle,,0,Promotor,Anahí Barreto Benitez,,Lote por evento,/foto/FOTO-0A066ADB72,,10,SI,0a066adb7241f887a39b0408b6c55d6f644b762a64e30d96f911b89647804c7c,241766,1,Taller de Música,jonacatepec-de-leandro-valle-taller-de-musica,2026-09-10,"Poligonos coordinados por  Dante Alquicira 2026. Oriente Sur/Jonacatepec, Anahí Barreto Benitez/Taller de Música/Taller cultural de música en comunidades de Jonacatepec 1 2026-09-10.jpeg"
FOTO-4052A21572,Taller cultural de música en comunidades de Jonacatepec 2 2026-09-10.jpeg,1atL79MWsiQTZTq6r7OQzAL2EwI4Gy6eL,https://drive.google.com/file/d/1atL79MWsiQTZTq6r7OQzAL2EwI4Gy6eL/view,MUNICIPIO,MOSTRAR_MUNICIPIO,Oriente,Jonacatepec de Leandro Valle,,Oriente,Jonacatepec de Leandro Valle,,0,Promotor,Anahí Barreto Benitez,,Lote por evento,/foto/FOTO-4052A21572,,10,SI,4052a21572fd9172bde28bb125a3fd043163da97f0c5a8db86ce98c08226dbf8,206335,1,Taller de Música,jonacatepec-de-leandro-valle-taller-de-musica,2026-09-10,"Poligonos coordinados por  Dante Alquicira 2026. Oriente Sur/Jonacatepec, Anahí Barreto Benitez/Taller de Música/Taller cultural de música en comunidades de Jonacatepec 2 2026-09-10.jpeg"
FOTO-4496440423,Taller cultural de música en comunidades de Jonacatepec 3 2026-09-10.jpeg,1PYNJGMSWzzagRI6CfguCPgYJasK_rj9A,https://drive.google.com/file/d/1PYNJGMSWzzagRI6CfguCPgYJasK_rj9A/view,MUNICIPIO,MOSTRAR_MUNICIPIO,Oriente,Jonacatepec de Leandro Valle,,Oriente,Jonacatepec de Leandro Valle,,0,Promotor,Anahí Barreto Benitez,,Lote por evento,/foto/FOTO-4496440423,,10,SI,4496440423f9f814aff43d7f1c221eb2d3155757e9afe72dd7c2e7ab2666bc2e,244151,1,Taller de Música,jonacatepec-de-leandro-valle-taller-de-musica,2026-09-10,"Poligonos coordinados por  Dante Alquicira 2026. Oriente Sur/Jonacatepec, Anahí Barreto Benitez/Taller de Música/Taller cultural de música en comunidades de Jonacatepec 3 2026-09-10.jpeg"
FOTO-421A05921D,Taller cultural de música en comunidades de Jonacatepec 4 2026-09-10.jpeg,1z9nKOGZZ3wmVOjItAcJ7ro7Nz6bfBqKQ,https://drive.google.com/file/d/1z9nKOGZZ3wmVOjItAcJ7ro7Nz6bfBqKQ/view,MUNICIPIO,MOSTRAR_MUNICIPIO,Oriente,Jonacatepec de Leandro Valle,,Oriente,Jonacatepec de Leandro Valle,,0,Promotor,Anahí Barreto Benitez,,Lote por evento,/foto/FOTO-421A05921D,,10,SI,421a05921de4023669bbaa27a05131aee58921aef97e07e2d94a3b79d158e3dc,175306,1,Taller de Música,jonacatepec-de-leandro-valle-taller-de-musica,2026-09-10,"Poligonos coordinados por  Dante Alquicira 2026. Oriente Sur/Jonacatepec, Anahí Barreto Benitez/Taller de Música/Taller cultural de música en comunidades de Jonacatepec 4 2026-09-10.jpeg"
FOTO-2EBC70D16D,"Taller de música en col. San Martín, Jonacatepec 1 2026-09-08.jpeg",1YIG9vAl3_29Z8ALam73ltgJXV4aIFLlk,https://drive.google.com/file/d/1YIG9vAl3_29Z8ALam73ltgJXV4aIFLlk/view,MUNICIPIO,MOSTRAR_MUNICIPIO,Oriente,Jonacatepec de Leandro Valle,,Oriente,Jonacatepec de Leandro Valle,,0,Promotor,Anahí Barreto Benitez,,Lote por evento,/foto/FOTO-2EBC70D16D,,10,SI,2ebc70d16dd90a0318c93453aae9d7108d226a820a0fa194504e49d2fdab346e,228413,1,Taller de Música,jonacatepec-de-leandro-valle-taller-de-musica,2026-09-08,"Poligonos coordinados por  Dante Alquicira 2026. Oriente Sur/Jonacatepec, Anahí Barreto Benitez/Taller de Música/Taller de música en col. San Martín, Jonacatepec 1 2026-09-08.jpeg"
FOTO-22226B8591,"Taller de música en col. San Martín, Jonacatepec 2 2026-09-08.jpeg",17-dJhEksdq_3WmuIpiBCcueiDixW2Kdj,https://drive.google.com/file/d/17-dJhEksdq_3WmuIpiBCcueiDixW2Kdj/view,MUNICIPIO,MOSTRAR_MUNICIPIO,Oriente,Jonacatepec de Leandro Valle,,Oriente,Jonacatepec de Leandro Valle,,0,Promotor,Anahí Barreto Benitez,,Lote por evento,/foto/FOTO-22226B8591,,10,SI,22226b85910114e8998a74e85104a01c19bdc6345c78bb54a3400b951b365381,272930,1,Taller de Música,jonacatepec-de-leandro-valle-taller-de-musica,2026-09-08,"Poligonos coordinados por  Dante Alquicira 2026. Oriente Sur/Jonacatepec, Anahí Barreto Benitez/Taller de Música/Taller de música en col. San Martín, Jonacatepec 2 2026-09-08.jpeg"
FOTO-0E9A47BBD8,"Taller de música en col. San Martín, Jonacatepec 3 2026-09-08.jpeg",1CAszX-SqENGC08TygdodCYxIWnnzMuoM,https://drive.google.com/file/d/1CAszX-SqENGC08TygdodCYxIWnnzMuoM/view,MUNICIPIO,MOSTRAR_MUNICIPIO,Oriente,Jonacatepec de Leandro Valle,,Oriente,Jonacatepec de Leandro Valle,,0,Promotor,Anahí Barreto Benitez,,Lote por evento,/foto/FOTO-0E9A47BBD8,,10,SI,0e9a47bbd8c1b1281a113f7270838f42fcf60da9d702017e6027c10278c56aac,241923,1,Taller de Música,jonacatepec-de-leandro-valle-taller-de-musica,2026-09-08,"Poligonos coordinados por  Dante Alquicira 2026. Oriente Sur/Jonacatepec, Anahí Barreto Benitez/Taller de Música/Taller de música en col. San Martín, Jonacatepec 3 2026-09-08.jpeg"
FOTO-C47A2F9E7C,"Taller de música en col. San Martín, Jonacatepec 4 2026-09-08.jpeg",11l6UTDv5RyLgxTP01Jd_CjuRKQMV3R0u,https://drive.google.com/file/d/11l6UTDv5RyLgxTP01Jd_CjuRKQMV3R0u/view,MUNICIPIO,MOSTRAR_MUNICIPIO,Oriente,Jonacatepec de Leandro Valle,,Oriente,Jonacatepec de Leandro Valle,,0,Promotor,Anahí Barreto Benitez,,Lote por evento,/foto/FOTO-C47A2F9E7C,,10,SI,c47a2f9e7cb0449dd7c8dec90b5170ffeb6f1b6e02dd9c2a505ad510c108ff63,253843,1,Taller de Música,jonacatepec-de-leandro-valle-taller-de-musica,2026-09-08,"Poligonos coordinados por  Dante Alquicira 2026. Oriente Sur/Jonacatepec, Anahí Barreto Benitez/Taller de Música/Taller de música en col. San Martín, Jonacatepec 4 2026-09-08.jpeg"
FOTO-9CD2D93248,"Taller de Música en la Col. San Martín, Jonacatepec  1 2026-09-01.jpeg",12bSn3wwIartCexaNL9zRnQ7I8Oq18ri2,https://drive.google.com/file/d/12bSn3wwIartCexaNL9zRnQ7I8Oq18ri2/view,MUNICIPIO,MOSTRAR_MUNICIPIO,Oriente,Jonacatepec de Leandro Valle,,Oriente,Jonacatepec de Leandro Valle,,0,Promotor,Anahí Barreto Benitez,,Lote por evento,/foto/FOTO-9CD2D93248,,10,SI,9cd2d9324861edc116210f779c2988dc192703a0eda9944cf6b4775f3b79d043,292082,1,Taller de Música,jonacatepec-de-leandro-valle-taller-de-musica,2026-09-01,"Poligonos coordinados por  Dante Alquicira 2026. Oriente Sur/Jonacatepec, Anahí Barreto Benitez/Taller de Música/Taller de Música en la Col. San Martín, Jonacatepec  1 2026-09-01.jpeg"
FOTO-80F9D53B69,"Taller de Música en la Col. San Martín, Jonacatepec  2 2026-09-01.jpeg",1ENexYmQTk4iuoofSoXauCAsUqtkKdMNb,https://drive.google.com/file/d/1ENexYmQTk4iuoofSoXauCAsUqtkKdMNb/view,MUNICIPIO,MOSTRAR_MUNICIPIO,Oriente,Jonacatepec de Leandro Valle,,Oriente,Jonacatepec de Leandro Valle,,0,Promotor,Anahí Barreto Benitez,,Lote por evento,/foto/FOTO-80F9D53B69,,10,SI,80f9d53b69491af94f8009e0dfa3b7f64e2d8a7d4f8364f09b8afc4695a93839,281011,1,Taller de Música,jonacatepec-de-leandro-valle-taller-de-musica,2026-09-01,"Poligonos coordinados por  Dante Alquicira 2026. Oriente Sur/Jonacatepec, Anahí Barreto Benitez/Taller de Música/Taller de Música en la Col. San Martín, Jonacatepec  2 2026-09-01.jpeg"
FOTO-1623785C36,"Taller de Música en la Col. San Martín, Jonacatepec  3 2026-09-01.jpeg",14PPYRBA7VRk6ji6eVyxGvi7KGNShs1Fi,https://drive.google.com/file/d/14PPYRBA7VRk6ji6eVyxGvi7KGNShs1Fi/view,MUNICIPIO,MOSTRAR_MUNICIPIO,Oriente,Jonacatepec de Leandro Valle,,Oriente,Jonacatepec de Leandro Valle,,0,Promotor,Anahí Barreto Benitez,,Lote por evento,/foto/FOTO-1623785C36,,10,SI,1623785c3614f08748d13ed10f9a234087b8d3d56547512b6edac9c3d0f22e96,244763,1,Taller de Música,jonacatepec-de-leandro-valle-taller-de-musica,2026-09-01,"Poligonos coordinados por  Dante Alquicira 2026. Oriente Sur/Jonacatepec, Anahí Barreto Benitez/Taller de Música/Taller de Música en la Col. San Martín, Jonacatepec  3 2026-09-01.jpeg"
FOTO-AB118F13EE,"Taller de Música, Jonacatepec 2, 26 de junio de 2026.jpeg",1MQceBxI1e9D7K0U-sF-TYku3xZ5INk7G,https://drive.google.com/file/d/1MQceBxI1e9D7K0U-sF-TYku3xZ5INk7G/view,MUNICIPIO,MOSTRAR_MUNICIPIO,Oriente,Jonacatepec de Leandro Valle,,Oriente,Jonacatepec de Leandro Valle,,0,Promotor,Anahí Barreto Benitez,,Lote por evento,/foto/FOTO-AB118F13EE,,10,SI,ab118f13ee1c8860f28d4d0e204eacce6711f5c5f583a692e1a14f03cbbde7d9,380020,1,Taller de Música,jonacatepec-de-leandro-valle-taller-de-musica,2026-06-26,"Poligonos coordinados por  Dante Alquicira 2026. Oriente Sur/Jonacatepec, Anahí Barreto Benitez/Taller de Música/Taller de Música, Jonacatepec 2, 26 de junio de 2026.jpeg"
FOTO-1D372A61E5,"Taller de Música, Jonacatepec 2, 28 de junio de 2026.jpeg",1y2UIiP8zz7oas2f-lN_9CB4dzYbx6slW,https://drive.google.com/file/d/1y2UIiP8zz7oas2f-lN_9CB4dzYbx6slW/view,MUNICIPIO,MOSTRAR_MUNICIPIO,Oriente,Jonacatepec de Leandro Valle,,Oriente,Jonacatepec de Leandro Valle,,0,Promotor,Anahí Barreto Benitez,,Lote por evento,/foto/FOTO-1D372A61E5,,10,SI,1d372a61e5671b77c5fd2e64b517de750d72e5e4d1fcb6af446cc6dec8821c3a,306788,1,Taller de Música,jonacatepec-de-leandro-valle-taller-de-musica,2026-06-28,"Poligonos coordinados por  Dante Alquicira 2026. Oriente Sur/Jonacatepec, Anahí Barreto Benitez/Taller de Música/Taller de Música, Jonacatepec 2, 28 de junio de 2026.jpeg"
FOTO-6D6EAA8E33,"Taller de Música, Jonacatepec 3, 26 de junio de 2026.jpeg",1a4qm7I4qYEk8U6yZntu43u2js8C69VAm,https://drive.google.com/file/d/1a4qm7I4qYEk8U6yZntu43u2js8C69VAm/view,MUNICIPIO,MOSTRAR_MUNICIPIO,Oriente,Jonacatepec de Leandro Valle,,Oriente,Jonacatepec de Leandro Valle,,0,Promotor,Anahí Barreto Benitez,,Lote por evento,/foto/FOTO-6D6EAA8E33,,10,SI,6d6eaa8e33ec459ef1ab4d504bba9dd7d7bc69ec9f14edb27770e9b711a17c5a,404312,1,Taller de Música,jonacatepec-de-leandro-valle-taller-de-musica,2026-06-26,"Poligonos coordinados por  Dante Alquicira 2026. Oriente Sur/Jonacatepec, Anahí Barreto Benitez/Taller de Música/Taller de Música, Jonacatepec 3, 26 de junio de 2026.jpeg"
FOTO-AC8BE4A9A3,"Taller de Música, Jonacatepec, 26 de junio de 2026.jpeg",1b2c_c0H5Bka8JgdDwi4uvM31FrLRgMri,https://drive.google.com/file/d/1b2c_c0H5Bka8JgdDwi4uvM31FrLRgMri/view,MUNICIPIO,MOSTRAR_MUNICIPIO,Oriente,Jonacatepec de Leandro Valle,,Oriente,Jonacatepec de Leandro Valle,,0,Promotor,Anahí Barreto Benitez,,Lote por evento,/foto/FOTO-AC8BE4A9A3,,10,SI,ac8be4a9a362e8a4d9d7b0a9eba78f51c8f2c92909287533150c64840c15833b,332184,1,Taller de Música,jonacatepec-de-leandro-valle-taller-de-musica,2026-06-26,"Poligonos coordinados por  Dante Alquicira 2026. Oriente Sur/Jonacatepec, Anahí Barreto Benitez/Taller de Música/Taller de Música, Jonacatepec, 26 de junio de 2026.jpeg"
FOTO-DD4196FAD1,"Taller de Música, Jonacatepec, 28 de junio de 2026.jpeg",1dOUYwfGnHfBqArt6xYxhThQMCo9KhlK2,https://drive.google.com/file/d/1dOUYwfGnHfBqArt6xYxhThQMCo9KhlK2/view,MUNICIPIO,MOSTRAR_MUNICIPIO,Oriente,Jonacatepec de Leandro Valle,,Oriente,Jonacatepec de Leandro Valle,,0,Promotor,Anahí Barreto Benitez,,Lote por evento,/foto/FOTO-DD4196FAD1,,10,SI,dd4196fad16d9370744943290f6d3f95c5f84b2cb85a62c194259a3f6574872d,321515,1,Taller de Música,jonacatepec-de-leandro-valle-taller-de-musica,2026-06-28,"Poligonos coordinados por  Dante Alquicira 2026. Oriente Sur/Jonacatepec, Anahí Barreto Benitez/Taller de Música/Taller de Música, Jonacatepec, 28 de junio de 2026.jpeg"
FOTO-0CAE8F90B8,"Taller de Música, Puente Colorado, Jonacatepec 1 2026-09-05.jpeg",1jaUi9NBY3McEO3UC9hfJDtk0Jiwn_xl5,https://drive.google.com/file/d/1jaUi9NBY3McEO3UC9hfJDtk0Jiwn_xl5/view,MUNICIPIO,MOSTRAR_MUNICIPIO,Oriente,Jonacatepec de Leandro Valle,,Oriente,Jonacatepec de Leandro Valle,,0,Promotor,Anahí Barreto Benitez,,Lote por evento,/foto/FOTO-0CAE8F90B8,,10,SI,0cae8f90b8feb7c4192c190eabeb48c25181e0f336dc936c94ff5cf31dc80fe2,383819,1,Taller de Música,jonacatepec-de-leandro-valle-taller-de-musica,2026-09-05,"Poligonos coordinados por  Dante Alquicira 2026. Oriente Sur/Jonacatepec, Anahí Barreto Benitez/Taller de Música/Taller de Música, Puente Colorado, Jonacatepec 1 2026-09-05.jpeg"
FOTO-B5C0DE3200,"Taller de Música, Puente Colorado, Jonacatepec 2 2026-09-05.jpeg",1rxepgCgj6fhmHVnEikk6zHjw-0RSvvPT,https://drive.google.com/file/d/1rxepgCgj6fhmHVnEikk6zHjw-0RSvvPT/view,MUNICIPIO,MOSTRAR_MUNICIPIO,Oriente,Jonacatepec de Leandro Valle,,Oriente,Jonacatepec de Leandro Valle,,0,Promotor,Anahí Barreto Benitez,,Lote por evento,/foto/FOTO-B5C0DE3200,,10,SI,b5c0de32002963de34b95b07967a9312db9ad762c9bb8bd61e4604fa872a8ac9,438793,1,Taller de Música,jonacatepec-de-leandro-valle-taller-de-musica,2026-09-05,"Poligonos coordinados por  Dante Alquicira 2026. Oriente Sur/Jonacatepec, Anahí Barreto Benitez/Taller de Música/Taller de Música, Puente Colorado, Jonacatepec 2 2026-09-05.jpeg"
FOTO-9C39163F28,"Taller de Música, Puente Colorado, Jonacatepec 3 2026-09-05.jpeg",1spFdX0B-P5rVl7-jGBqb4uLZ6m-qKmcf,https://drive.google.com/file/d/1spFdX0B-P5rVl7-jGBqb4uLZ6m-qKmcf/view,MUNICIPIO,MOSTRAR_MUNICIPIO,Oriente,Jonacatepec de Leandro Valle,,Oriente,Jonacatepec de Leandro Valle,,0,Promotor,Anahí Barreto Benitez,,Lote por evento,/foto/FOTO-9C39163F28,,10,SI,9c39163f28ce5c4a440ef1a5d06b43bdba4dcc818acf2f3b4ad3e5e8f06eb5be,364360,1,Taller de Música,jonacatepec-de-leandro-valle-taller-de-musica,2026-09-05,"Poligonos coordinados por  Dante Alquicira 2026. Oriente Sur/Jonacatepec, Anahí Barreto Benitez/Taller de Música/Taller de Música, Puente Colorado, Jonacatepec 3 2026-09-05.jpeg"
FOTO-434DE9389B,"Taller de Música, Puente Colorado, Jonacatepec 4 2026-09-05.jpeg",1gcsBDKxdJG-4BnxFZMSbx2k6RMb1y8Fq,https://drive.google.com/file/d/1gcsBDKxdJG-4BnxFZMSbx2k6RMb1y8Fq/view,MUNICIPIO,MOSTRAR_MUNICIPIO,Oriente,Jonacatepec de Leandro Valle,,Oriente,Jonacatepec de Leandro Valle,,0,Promotor,Anahí Barreto Benitez,,Lote por evento,/foto/FOTO-434DE9389B,,10,SI,434de9389b2eea5a0431821564c4085e67c5bb6567b2c3c25fe9b672f14d855b,281587,1,Taller de Música,jonacatepec-de-leandro-valle-taller-de-musica,2026-09-05,"Poligonos coordinados por  Dante Alquicira 2026. Oriente Sur/Jonacatepec, Anahí Barreto Benitez/Taller de Música/Taller de Música, Puente Colorado, Jonacatepec 4 2026-09-05.jpeg"
FOTO-372D34559E,"Asamblea General en Emiliano Zapata, sobre Plan de Acción Y piso Firme, Tepalcingo 1 2026-09-07.jpeg",1XKAQ2shSBX6J8EBunM8bZJrdbcoIp5f1,https://drive.google.com/file/d/1XKAQ2shSBX6J8EBunM8bZJrdbcoIp5f1/view,MUNICIPIO,MOSTRAR_MUNICIPIO,Oriente,Tepalcingo,,Oriente,Tepalcingo,,0,Promotor,Suhita Rodríguez Cortez,,Lote por evento,/foto/FOTO-372D34559E,,10,SI,372d34559ef89fee0b2c4fcc60b516d03e76258f7e4305daf08ffcff89d2a206,387449,1,Consejos Comunitarios,tepalcingo-consejos-comunitarios,2026-09-07,"Poligonos coordinados por  Dante Alquicira 2026. Oriente Sur/Tepalcingo, Suhita Rodríguez Cortez/Consejos Comunitarios/Asamblea General en Emiliano Zapata, sobre Plan de Acción Y piso Firme, Tepalcingo 1 2026-09-07.jpeg"
FOTO-92A85DB9C8,"Asamblea General en Emiliano Zapata, sobre Plan de Acción Y piso Firme, Tepalcingo 2026-09-07.jpeg",1acH3QNOae-KMPAEHEAawaY2WIzneov_g,https://drive.google.com/file/d/1acH3QNOae-KMPAEHEAawaY2WIzneov_g/view,MUNICIPIO,MOSTRAR_MUNICIPIO,Oriente,Tepalcingo,,Oriente,Tepalcingo,,0,Promotor,Suhita Rodríguez Cortez,,Lote por evento,/foto/FOTO-92A85DB9C8,,10,SI,92a85db9c89cc374be53c57817d3c3b7045f61bd01493add5e1ec08424229ddf,398149,1,Consejos Comunitarios,tepalcingo-consejos-comunitarios,2026-09-07,"Poligonos coordinados por  Dante Alquicira 2026. Oriente Sur/Tepalcingo, Suhita Rodríguez Cortez/Consejos Comunitarios/Asamblea General en Emiliano Zapata, sobre Plan de Acción Y piso Firme, Tepalcingo 2026-09-07.jpeg"
FOTO-173E817E70,Consejo de Buenos Aires Tepalcingo 1.jpeg,1PPiuwT6fyvMtlKr49hbnMk0oBEkxG8YW,https://drive.google.com/file/d/1PPiuwT6fyvMtlKr49hbnMk0oBEkxG8YW/view,MUNICIPIO,MOSTRAR_MUNICIPIO,Oriente,Tepalcingo,,Oriente,Tepalcingo,,0,Promotor,Suhita Rodríguez Cortez,,Lote por evento,/foto/FOTO-173E817E70,,10,SI,173e817e70899409c6dd253a7670c8df7b65d58bea2b1c3cca1185285160f7ae,275669,1,Consejos Comunitarios,tepalcingo-consejos-comunitarios,,"Poligonos coordinados por  Dante Alquicira 2026. Oriente Sur/Tepalcingo, Suhita Rodríguez Cortez/Consejos Comunitarios/Consejo de Buenos Aires Tepalcingo 1.jpeg"
FOTO-37FE7D4E19,Consejo de Buenos Aires Tepalcingo 2.jpeg,1k8J9PsBivMtr6jv9xDi7P_hKbWwWfv-7,https://drive.google.com/file/d/1k8J9PsBivMtr6jv9xDi7P_hKbWwWfv-7/view,MUNICIPIO,MOSTRAR_MUNICIPIO,Oriente,Tepalcingo,,Oriente,Tepalcingo,,0,Promotor,Suhita Rodríguez Cortez,,Lote por evento,/foto/FOTO-37FE7D4E19,,10,SI,37fe7d4e199707e27f837b3e27ec8c17d49455aa51ea0b9e3d6c2d3b003c3cf1,360564,1,Consejos Comunitarios,tepalcingo-consejos-comunitarios,,"Poligonos coordinados por  Dante Alquicira 2026. Oriente Sur/Tepalcingo, Suhita Rodríguez Cortez/Consejos Comunitarios/Consejo de Buenos Aires Tepalcingo 2.jpeg"
FOTO-75873A3DA7,Consejo de Buenos Aires Tepalcingo 3.jpeg,13JBEEqUplItDknwjWgNK3PApj9S0Yxht,https://drive.google.com/file/d/13JBEEqUplItDknwjWgNK3PApj9S0Yxht/view,MUNICIPIO,MOSTRAR_MUNICIPIO,Oriente,Tepalcingo,,Oriente,Tepalcingo,,0,Promotor,Suhita Rodríguez Cortez,,Lote por evento,/foto/FOTO-75873A3DA7,,10,SI,75873a3da7c41faf2662c009213c6462d0592c826527db70934fabab0fd89280,346142,1,Consejos Comunitarios,tepalcingo-consejos-comunitarios,,"Poligonos coordinados por  Dante Alquicira 2026. Oriente Sur/Tepalcingo, Suhita Rodríguez Cortez/Consejos Comunitarios/Consejo de Buenos Aires Tepalcingo 3.jpeg"
FOTO-6724D9DDAF,Consejo de Buenos Aires Tepalcingo 4.jpeg,1OCn5UGr85_Bg5EwOellqhl-QBvt05PM6,https://drive.google.com/file/d/1OCn5UGr85_Bg5EwOellqhl-QBvt05PM6/view,MUNICIPIO,MOSTRAR_MUNICIPIO,Oriente,Tepalcingo,,Oriente,Tepalcingo,,0,Promotor,Suhita Rodríguez Cortez,,Lote por evento,/foto/FOTO-6724D9DDAF,,10,SI,6724d9ddaf530f32e8ac6c77dc63212f95c19f05fdae12d21d440bb52d11ea89,333424,1,Consejos Comunitarios,tepalcingo-consejos-comunitarios,,"Poligonos coordinados por  Dante Alquicira 2026. Oriente Sur/Tepalcingo, Suhita Rodríguez Cortez/Consejos Comunitarios/Consejo de Buenos Aires Tepalcingo 4.jpeg"
FOTO-271477BDD3,Consejo de Buenos Aires Tepalcingo 5.jpeg,1p_9yLnlYmdo-T-xB5ysh9i_k-yigBUTY,https://drive.google.com/file/d/1p_9yLnlYmdo-T-xB5ysh9i_k-yigBUTY/view,MUNICIPIO,MOSTRAR_MUNICIPIO,Oriente,Tepalcingo,,Oriente,Tepalcingo,,0,Promotor,Suhita Rodríguez Cortez,,Lote por evento,/foto/FOTO-271477BDD3,,10,SI,271477bdd3d5a3e046f7e38019766a99139cf0726eb4ac7f290db2163f81a41d,294963,1,Consejos Comunitarios,tepalcingo-consejos-comunitarios,,"Poligonos coordinados por  Dante Alquicira 2026. Oriente Sur/Tepalcingo, Suhita Rodríguez Cortez/Consejos Comunitarios/Consejo de Buenos Aires Tepalcingo 5.jpeg"
FOTO-3FB4D5A733,"Consejo de Emiliano Zapata, Tepalcingo 1.jpeg",1Oui_gmk1OafU3uRwlG9LAtaYbfaj56uv,https://drive.google.com/file/d/1Oui_gmk1OafU3uRwlG9LAtaYbfaj56uv/view,MUNICIPIO,MOSTRAR_MUNICIPIO,Oriente,Tepalcingo,,Oriente,Tepalcingo,,0,Promotor,Suhita Rodríguez Cortez,,Lote por evento,/foto/FOTO-3FB4D5A733,,10,SI,3fb4d5a733150d1369d1131df0c72b44be45b9f57de8d3d16635e2956e0338ab,407488,1,Consejos Comunitarios,tepalcingo-consejos-comunitarios,,"Poligonos coordinados por  Dante Alquicira 2026. Oriente Sur/Tepalcingo, Suhita Rodríguez Cortez/Consejos Comunitarios/Consejo de Emiliano Zapata, Tepalcingo 1.jpeg"
FOTO-8EE3F17601,"Consejo de Emiliano Zapata, Tepalcingo 2.jpeg",1WfP8ebTxFFdDCgrk65vaEGVpZwUjFDbo,https://drive.google.com/file/d/1WfP8ebTxFFdDCgrk65vaEGVpZwUjFDbo/view,MUNICIPIO,MOSTRAR_MUNICIPIO,Oriente,Tepalcingo,,Oriente,Tepalcingo,,0,Promotor,Suhita Rodríguez Cortez,,Lote por evento,/foto/FOTO-8EE3F17601,,10,SI,8ee3f17601e6b3e0f44008661c3d7ff990d8a71221385af3f2692fdaaa608026,415449,1,Consejos Comunitarios,tepalcingo-consejos-comunitarios,,"Poligonos coordinados por  Dante Alquicira 2026. Oriente Sur/Tepalcingo, Suhita Rodríguez Cortez/Consejos Comunitarios/Consejo de Emiliano Zapata, Tepalcingo 2.jpeg"
FOTO-243ED6E99A,"Consejo de Emiliano Zapata, Tepalcingo 3.jpeg",1lKuLwKqxhgHzM2o2eRAjhmfJ_8apmlQv,https://drive.google.com/file/d/1lKuLwKqxhgHzM2o2eRAjhmfJ_8apmlQv/view,MUNICIPIO,MOSTRAR_MUNICIPIO,Oriente,Tepalcingo,,Oriente,Tepalcingo,,0,Promotor,Suhita Rodríguez Cortez,,Lote por evento,/foto/FOTO-243ED6E99A,,10,SI,243ed6e99a93bb8325054388ac7073da36fcc441cb5ebbb845d6ef922158d161,362084,1,Consejos Comunitarios,tepalcingo-consejos-comunitarios,,"Poligonos coordinados por  Dante Alquicira 2026. Oriente Sur/Tepalcingo, Suhita Rodríguez Cortez/Consejos Comunitarios/Consejo de Emiliano Zapata, Tepalcingo 3.jpeg"
FOTO-172B4C5487,"Consejo de Emiliano Zapata, Tepalcingo 4.jpeg",1XS2ww3HVBNe0Njl6M0DIke4vktYvUNRM,https://drive.google.com/file/d/1XS2ww3HVBNe0Njl6M0DIke4vktYvUNRM/view,MUNICIPIO,MOSTRAR_MUNICIPIO,Oriente,Tepalcingo,,Oriente,Tepalcingo,,0,Promotor,Suhita Rodríguez Cortez,,Lote por evento,/foto/FOTO-172B4C5487,,10,SI,172b4c5487bf7d7a230ef3e515d37d4916715800bdc36303c952a6d36a16c904,346189,1,Consejos Comunitarios,tepalcingo-consejos-comunitarios,,"Poligonos coordinados por  Dante Alquicira 2026. Oriente Sur/Tepalcingo, Suhita Rodríguez Cortez/Consejos Comunitarios/Consejo de Emiliano Zapata, Tepalcingo 4.jpeg"
FOTO-BD65B7D85F,Consejo de Emiliano Zapata. Reunión para tomar acuerdos 1..jpeg,1BLZuFpEKs3-tYHNs8bDja3GoxFpmWhUy,https://drive.google.com/file/d/1BLZuFpEKs3-tYHNs8bDja3GoxFpmWhUy/view,MUNICIPIO,MOSTRAR_MUNICIPIO,Oriente,Tepalcingo,,Oriente,Tepalcingo,,0,Promotor,Suhita Rodríguez Cortez,,Lote por evento,/foto/FOTO-BD65B7D85F,,10,SI,bd65b7d85fade84cc85788f247250bb80f6343b22f2d843ca2e3ba3184748156,562463,1,Consejos Comunitarios,tepalcingo-consejos-comunitarios,,"Poligonos coordinados por  Dante Alquicira 2026. Oriente Sur/Tepalcingo, Suhita Rodríguez Cortez/Consejos Comunitarios/Consejo de Emiliano Zapata. Reunión para tomar acuerdos 1..jpeg"
FOTO-119EEFA5AB,Consejo de Emiliano Zapata. Reunión para tomar acuerdos 2..jpeg,1031lobD6DoaSNpbEmkP4lg94rcgehXlb,https://drive.google.com/file/d/1031lobD6DoaSNpbEmkP4lg94rcgehXlb/view,MUNICIPIO,MOSTRAR_MUNICIPIO,Oriente,Tepalcingo,,Oriente,Tepalcingo,,0,Promotor,Suhita Rodríguez Cortez,,Lote por evento,/foto/FOTO-119EEFA5AB,,10,SI,119eefa5abe1c23aa21bc3aa47a1ba9bc4bd0e65572c6b4c40531cc3276de503,442156,1,Consejos Comunitarios,tepalcingo-consejos-comunitarios,,"Poligonos coordinados por  Dante Alquicira 2026. Oriente Sur/Tepalcingo, Suhita Rodríguez Cortez/Consejos Comunitarios/Consejo de Emiliano Zapata. Reunión para tomar acuerdos 2..jpeg"
FOTO-F61BC94BC6,"Consejo de Golondrinas, Tepalcingo..jpeg",1rgI7acZDAMk-3bqMcxWNEKqujVoZ9Mr9,https://drive.google.com/file/d/1rgI7acZDAMk-3bqMcxWNEKqujVoZ9Mr9/view,MUNICIPIO,MOSTRAR_MUNICIPIO,Oriente,Tepalcingo,,Oriente,Tepalcingo,,0,Promotor,Suhita Rodríguez Cortez,,Lote por evento,/foto/FOTO-F61BC94BC6,,10,SI,f61bc94bc6d1237ac070ff14d77ead5fe0980a3c0b253adef3ffc52cc95fd64a,383769,1,Consejos Comunitarios,tepalcingo-consejos-comunitarios,,"Poligonos coordinados por  Dante Alquicira 2026. Oriente Sur/Tepalcingo, Suhita Rodríguez Cortez/Consejos Comunitarios/Consejo de Golondrinas, Tepalcingo..jpeg"
FOTO-285DC8FE57,Consejo La Joya de Tepalcingo 1..jpeg,1SaQQV0B0875NUp5e7-FHdDkaVdSO0_EJ,https://drive.google.com/file/d/1SaQQV0B0875NUp5e7-FHdDkaVdSO0_EJ/view,MUNICIPIO,MOSTRAR_MUNICIPIO,Oriente,Tepalcingo,,Oriente,Tepalcingo,,0,Promotor,Suhita Rodríguez Cortez,,Lote por evento,/foto/FOTO-285DC8FE57,,10,SI,285dc8fe5704bfbda18729f714f78df9de02914a979744dfa195f2c4eeb9d9b3,564948,1,Consejos Comunitarios,tepalcingo-consejos-comunitarios,,"Poligonos coordinados por  Dante Alquicira 2026. Oriente Sur/Tepalcingo, Suhita Rodríguez Cortez/Consejos Comunitarios/Consejo La Joya de Tepalcingo 1..jpeg"
FOTO-AA79EFA722,Consejo La Joya de Tepalcingo 2..jpeg,1iyxVlXTUhZ_ErHi0guMkXFOApmZLCJ7B,https://drive.google.com/file/d/1iyxVlXTUhZ_ErHi0guMkXFOApmZLCJ7B/view,MUNICIPIO,MOSTRAR_MUNICIPIO,Oriente,Tepalcingo,,Oriente,Tepalcingo,,0,Promotor,Suhita Rodríguez Cortez,,Lote por evento,/foto/FOTO-AA79EFA722,,10,SI,aa79efa722ac9542d38657433cdeb1653a679939d575b81831cf7df4aca7f227,515977,1,Consejos Comunitarios,tepalcingo-consejos-comunitarios,,"Poligonos coordinados por  Dante Alquicira 2026. Oriente Sur/Tepalcingo, Suhita Rodríguez Cortez/Consejos Comunitarios/Consejo La Joya de Tepalcingo 2..jpeg"
FOTO-7715D068D8,Consejo La Joya de Tepalcingo 3..jpeg,1XMqR2PI2CvBeVqZwwA4Z3okcIIDIY9Xv,https://drive.google.com/file/d/1XMqR2PI2CvBeVqZwwA4Z3okcIIDIY9Xv/view,MUNICIPIO,MOSTRAR_MUNICIPIO,Oriente,Tepalcingo,,Oriente,Tepalcingo,,0,Promotor,Suhita Rodríguez Cortez,,Lote por evento,/foto/FOTO-7715D068D8,,10,SI,7715d068d8333836daf366aa23c09681c875aa3b603ffe2c5241dc275c505894,539889,1,Consejos Comunitarios,tepalcingo-consejos-comunitarios,,"Poligonos coordinados por  Dante Alquicira 2026. Oriente Sur/Tepalcingo, Suhita Rodríguez Cortez/Consejos Comunitarios/Consejo La Joya de Tepalcingo 3..jpeg"
FOTO-1A7C9262A0,Consejo La Joya de Tepalcingo 4..jpeg,1oZmywko-gdpulClU08BrTii8uoHkiI8B,https://drive.google.com/file/d/1oZmywko-gdpulClU08BrTii8uoHkiI8B/view,MUNICIPIO,MOSTRAR_MUNICIPIO,Oriente,Tepalcingo,,Oriente,Tepalcingo,,0,Promotor,Suhita Rodríguez Cortez,,Lote por evento,/foto/FOTO-1A7C9262A0,,10,SI,1a7c9262a0d053aa28f17bc3c3d2980c2ad5246d63d6590a423cda8e8c6de988,619359,1,Consejos Comunitarios,tepalcingo-consejos-comunitarios,,"Poligonos coordinados por  Dante Alquicira 2026. Oriente Sur/Tepalcingo, Suhita Rodríguez Cortez/Consejos Comunitarios/Consejo La Joya de Tepalcingo 4..jpeg"
FOTO-CCA7E60489,Consejo La Joya de Tepalcingo 5..jpeg,16vrAJVpaafuU-jM1yYC0N8P0lWE8plqq,https://drive.google.com/file/d/16vrAJVpaafuU-jM1yYC0N8P0lWE8plqq/view,MUNICIPIO,MOSTRAR_MUNICIPIO,Oriente,Tepalcingo,,Oriente,Tepalcingo,,0,Promotor,Suhita Rodríguez Cortez,,Lote por evento,/foto/FOTO-CCA7E60489,,10,SI,cca7e60489540a3bfd346c05bde977a16798e3ced356ddd06fe968efd8597b06,355571,1,Consejos Comunitarios,tepalcingo-consejos-comunitarios,,"Poligonos coordinados por  Dante Alquicira 2026. Oriente Sur/Tepalcingo, Suhita Rodríguez Cortez/Consejos Comunitarios/Consejo La Joya de Tepalcingo 5..jpeg"
FOTO-55D40E58B1,"Consejo Palo Revuelto, Tepalcingo..jpeg",1CkmDaysdZdPaxfXLAhn8T3ZdvopG9-lP,https://drive.google.com/file/d/1CkmDaysdZdPaxfXLAhn8T3ZdvopG9-lP/view,MUNICIPIO,MOSTRAR_MUNICIPIO,Oriente,Tepalcingo,,Oriente,Tepalcingo,,0,Promotor,Suhita Rodríguez Cortez,,Lote por evento,/foto/FOTO-55D40E58B1,,10,SI,55d40e58b1cc8e4f8bb4ed45f8055a6758d37b8d892c0a30245f8b496aa8e812,399871,1,Consejos Comunitarios,tepalcingo-consejos-comunitarios,,"Poligonos coordinados por  Dante Alquicira 2026. Oriente Sur/Tepalcingo, Suhita Rodríguez Cortez/Consejos Comunitarios/Consejo Palo Revuelto, Tepalcingo..jpeg"
FOTO-0DE483E8F2,"Consejo Palo Revuelto,Tepalcingo.jpeg",1axtdv_iXU1SWKVbQb38ouuBHk2xXJ8Vx,https://drive.google.com/file/d/1axtdv_iXU1SWKVbQb38ouuBHk2xXJ8Vx/view,MUNICIPIO,MOSTRAR_MUNICIPIO,Oriente,Tepalcingo,,Oriente,Tepalcingo,,0,Promotor,Suhita Rodríguez Cortez,,Lote por evento,/foto/FOTO-0DE483E8F2,,10,SI,0de483e8f254ef85fbb31facc4440d004b66b18536d18f6ae364236005c8d9d3,426894,1,Consejos Comunitarios,tepalcingo-consejos-comunitarios,,"Poligonos coordinados por  Dante Alquicira 2026. Oriente Sur/Tepalcingo, Suhita Rodríguez Cortez/Consejos Comunitarios/Consejo Palo Revuelto,Tepalcingo.jpeg"
FOTO-C849D7237A,Convivencia  2026-06-01.jpeg,151DrLVX2uXNXNa4jjGzlTIzFjTuMUPJj,https://drive.google.com/file/d/151DrLVX2uXNXNa4jjGzlTIzFjTuMUPJj/view,MUNICIPIO,MOSTRAR_MUNICIPIO,Oriente,Tepalcingo,,Oriente,Tepalcingo,,0,Promotor,Suhita Rodríguez Cortez,,Lote por evento,/foto/FOTO-C849D7237A,,10,SI,c849d7237a7b20f0a0feb1fe5a7cef7cbde4f567c657d9cb98f0ef219c074597,494178,1,Consejos Comunitarios,tepalcingo-consejos-comunitarios,2026-06-01,"Poligonos coordinados por  Dante Alquicira 2026. Oriente Sur/Tepalcingo, Suhita Rodríguez Cortez/Consejos Comunitarios/Convivencia  2026-06-01.jpeg"
FOTO-F3FB64DF78,Convivencia 2026-06-01.jpeg,1qSUYIfyASv2s541Wer8goXig7SCiIK5E,https://drive.google.com/file/d/1qSUYIfyASv2s541Wer8goXig7SCiIK5E/view,MUNICIPIO,MOSTRAR_MUNICIPIO,Oriente,Tepalcingo,,Oriente,Tepalcingo,,0,Promotor,Suhita Rodríguez Cortez,,Lote por evento,/foto/FOTO-F3FB64DF78,,10,SI,f3fb64df78ba5a07549d80e028016eb3f21bc0e3cb4e081aaf9ef0dbd31c5863,314075,1,Consejos Comunitarios,tepalcingo-consejos-comunitarios,2026-06-01,"Poligonos coordinados por  Dante Alquicira 2026. Oriente Sur/Tepalcingo, Suhita Rodríguez Cortez/Consejos Comunitarios/Convivencia 2026-06-01.jpeg"
FOTO-6F7AF79B32,La joya reunión con consejo para tomar acuerdos 1.jpeg,126Vngeoo3qWTtsdK0BaiVaVkQnYAxkV_,https://drive.google.com/file/d/126Vngeoo3qWTtsdK0BaiVaVkQnYAxkV_/view,MUNICIPIO,MOSTRAR_MUNICIPIO,Oriente,Tepalcingo,,Oriente,Tepalcingo,,0,Promotor,Suhita Rodríguez Cortez,,Lote por evento,/foto/FOTO-6F7AF79B32,,10,SI,6f7af79b323991ba773f118b55c54c21341b4573d16eae5022c573f85449bc0b,298885,1,Consejos Comunitarios,tepalcingo-consejos-comunitarios,,"Poligonos coordinados por  Dante Alquicira 2026. Oriente Sur/Tepalcingo, Suhita Rodríguez Cortez/Consejos Comunitarios/La joya reunión con consejo para tomar acuerdos 1.jpeg"
FOTO-AEA71532B1,La joya reunión con consejo para tomar acuerdos 2.jpeg,1jy1mSDA0lRTXgvcrzkCb8vv2R0MHZMLa,https://drive.google.com/file/d/1jy1mSDA0lRTXgvcrzkCb8vv2R0MHZMLa/view,MUNICIPIO,MOSTRAR_MUNICIPIO,Oriente,Tepalcingo,,Oriente,Tepalcingo,,0,Promotor,Suhita Rodríguez Cortez,,Lote por evento,/foto/FOTO-AEA71532B1,,10,SI,aea71532b1981359905a27376b9d8987bb15303f476fd996d674a5b2bd99ed0b,281913,1,Consejos Comunitarios,tepalcingo-consejos-comunitarios,,"Poligonos coordinados por  Dante Alquicira 2026. Oriente Sur/Tepalcingo, Suhita Rodríguez Cortez/Consejos Comunitarios/La joya reunión con consejo para tomar acuerdos 2.jpeg"
FOTO-4E463998CC,"Segunda Asamblea General pra el Plan de Acciones en Palo Revuelto, Tepalcingo 1 2026-09-06.jpeg",1c2RmQgrxEjvYTatafyVC_xognKHAz8jF,https://drive.google.com/file/d/1c2RmQgrxEjvYTatafyVC_xognKHAz8jF/view,MUNICIPIO,MOSTRAR_MUNICIPIO,Oriente,Tepalcingo,,Oriente,Tepalcingo,,0,Promotor,Suhita Rodríguez Cortez,,Lote por evento,/foto/FOTO-4E463998CC,,10,SI,4e463998cc0ce9fefeef74afac2623331a8235759dcdf91be14c97836f4be436,333367,1,Consejos Comunitarios,tepalcingo-consejos-comunitarios,2026-09-06,"Poligonos coordinados por  Dante Alquicira 2026. Oriente Sur/Tepalcingo, Suhita Rodríguez Cortez/Consejos Comunitarios/Segunda Asamblea General pra el Plan de Acciones en Palo Revuelto, Tepalcingo 1 2026-09-06.jpeg"
FOTO-08710A3A11,"Segunda Asamblea General pra el Plan de Acciones en Palo Revuelto, Tepalcingo 2 2026-09-06.jpeg",1rlp7aVPNCQdliRxVPEpggHdPOg-hcCza,https://drive.google.com/file/d/1rlp7aVPNCQdliRxVPEpggHdPOg-hcCza/view,MUNICIPIO,MOSTRAR_MUNICIPIO,Oriente,Tepalcingo,,Oriente,Tepalcingo,,0,Promotor,Suhita Rodríguez Cortez,,Lote por evento,/foto/FOTO-08710A3A11,,10,SI,08710a3a1124d4bf1237ae42ae78445ef7660cae56c3cf1ae299818f6b0f813f,440412,1,Consejos Comunitarios,tepalcingo-consejos-comunitarios,2026-09-06,"Poligonos coordinados por  Dante Alquicira 2026. Oriente Sur/Tepalcingo, Suhita Rodríguez Cortez/Consejos Comunitarios/Segunda Asamblea General pra el Plan de Acciones en Palo Revuelto, Tepalcingo 2 2026-09-06.jpeg"
FOTO-2C646F9BBE,"Segunda Asamblea General pra el Plan de Acciones en Palo Revuelto, Tepalcingo 3 2026-09-06.jpeg",1RYPhYAGWr2tIGUyYp0wnTExBtNUivbs7,https://drive.google.com/file/d/1RYPhYAGWr2tIGUyYp0wnTExBtNUivbs7/view,MUNICIPIO,MOSTRAR_MUNICIPIO,Oriente,Tepalcingo,,Oriente,Tepalcingo,,0,Promotor,Suhita Rodríguez Cortez,,Lote por evento,/foto/FOTO-2C646F9BBE,,10,SI,2c646f9bbed2ded15c60f56cc3d8bf795ff68cadfa52b31a56d6aba30c8b9182,338899,1,Consejos Comunitarios,tepalcingo-consejos-comunitarios,2026-09-06,"Poligonos coordinados por  Dante Alquicira 2026. Oriente Sur/Tepalcingo, Suhita Rodríguez Cortez/Consejos Comunitarios/Segunda Asamblea General pra el Plan de Acciones en Palo Revuelto, Tepalcingo 3 2026-09-06.jpeg"
FOTO-40BC6777AF,"Segunda Asamblea General pra el Plan de Acciones en Palo Revuelto, Tepalcingo 4 2026-09-06.jpeg",1FBWEUNeH-TPSsS46J22ZRdLPVg7-Y-ap,https://drive.google.com/file/d/1FBWEUNeH-TPSsS46J22ZRdLPVg7-Y-ap/view,MUNICIPIO,MOSTRAR_MUNICIPIO,Oriente,Tepalcingo,,Oriente,Tepalcingo,,0,Promotor,Suhita Rodríguez Cortez,,Lote por evento,/foto/FOTO-40BC6777AF,,10,SI,40bc6777afa6affaf30afdc434cb6f4aff93c656970c54d3c01013b83c4b2c2e,368755,1,Consejos Comunitarios,tepalcingo-consejos-comunitarios,2026-09-06,"Poligonos coordinados por  Dante Alquicira 2026. Oriente Sur/Tepalcingo, Suhita Rodríguez Cortez/Consejos Comunitarios/Segunda Asamblea General pra el Plan de Acciones en Palo Revuelto, Tepalcingo 4 2026-09-06.jpeg"
FOTO-5234F11792,"Segunda Asamblea General pra el Plan de Acciones en Palo Revuelto, Tepalcingo 5 2026-09-06.jpeg",1IpdrPstrvmDFnABUZItEHqfYNdUmB3J_,https://drive.google.com/file/d/1IpdrPstrvmDFnABUZItEHqfYNdUmB3J_/view,MUNICIPIO,MOSTRAR_MUNICIPIO,Oriente,Tepalcingo,,Oriente,Tepalcingo,,0,Promotor,Suhita Rodríguez Cortez,,Lote por evento,/foto/FOTO-5234F11792,,10,SI,5234f11792f1c3069db997a91efdfa1ef087d54377af39aa27dc238853b74683,279076,1,Consejos Comunitarios,tepalcingo-consejos-comunitarios,2026-09-06,"Poligonos coordinados por  Dante Alquicira 2026. Oriente Sur/Tepalcingo, Suhita Rodríguez Cortez/Consejos Comunitarios/Segunda Asamblea General pra el Plan de Acciones en Palo Revuelto, Tepalcingo 5 2026-09-06.jpeg"
FOTO-B1D77D3E17,"Segunda Asamblea General pra el Plan de Acciones en Palo Revuelto, Tepalcingo 6 2026-09-06.jpeg",1WFIhRg70RR6i4kxI9t1deImFCDP7_0MY,https://drive.google.com/file/d/1WFIhRg70RR6i4kxI9t1deImFCDP7_0MY/view,MUNICIPIO,MOSTRAR_MUNICIPIO,Oriente,Tepalcingo,,Oriente,Tepalcingo,,0,Promotor,Suhita Rodríguez Cortez,,Lote por evento,/foto/FOTO-B1D77D3E17,,10,SI,b1d77d3e17ec31e155ce30017e9c0514310bd1aa33ae48b1df87153d4ff2ffb1,353685,1,Consejos Comunitarios,tepalcingo-consejos-comunitarios,2026-09-06,"Poligonos coordinados por  Dante Alquicira 2026. Oriente Sur/Tepalcingo, Suhita Rodríguez Cortez/Consejos Comunitarios/Segunda Asamblea General pra el Plan de Acciones en Palo Revuelto, Tepalcingo 6 2026-09-06.jpeg"
FOTO-2B5CAD6DEF,"Segunda Asamblea General pra el Plan de Acciones en Palo Revuelto, Tepalcingo 7 2026-09-06.jpeg",1Acs7Wr_2Puwyiw8CiVLRRV07ZbthY0ii,https://drive.google.com/file/d/1Acs7Wr_2Puwyiw8CiVLRRV07ZbthY0ii/view,MUNICIPIO,MOSTRAR_MUNICIPIO,Oriente,Tepalcingo,,Oriente,Tepalcingo,,0,Promotor,Suhita Rodríguez Cortez,,Lote por evento,/foto/FOTO-2B5CAD6DEF,,10,SI,2b5cad6def58f26ca19b47c36b32af209840bb435dab577c1c9a6ae7e307b4fb,281967,1,Consejos Comunitarios,tepalcingo-consejos-comunitarios,2026-09-06,"Poligonos coordinados por  Dante Alquicira 2026. Oriente Sur/Tepalcingo, Suhita Rodríguez Cortez/Consejos Comunitarios/Segunda Asamblea General pra el Plan de Acciones en Palo Revuelto, Tepalcingo 7 2026-09-06.jpeg"
FOTO-DBE808DD06,"Toma de Protesta del Consejo de Golondrinas, Tepalcingo..jpeg",1d7n_5YR0kSkLpGaq26zHFAA8JnkLnCsp,https://drive.google.com/file/d/1d7n_5YR0kSkLpGaq26zHFAA8JnkLnCsp/view,MUNICIPIO,MOSTRAR_MUNICIPIO,Oriente,Tepalcingo,,Oriente,Tepalcingo,,0,Promotor,Suhita Rodríguez Cortez,,Lote por evento,/foto/FOTO-DBE808DD06,,10,SI,dbe808dd065d755af93eac68b991bb355a8b5de2adabad84cf094559dd0d4706,429942,1,Consejos Comunitarios,tepalcingo-consejos-comunitarios,,"Poligonos coordinados por  Dante Alquicira 2026. Oriente Sur/Tepalcingo, Suhita Rodríguez Cortez/Consejos Comunitarios/Toma de Protesta del Consejo de Golondrinas, Tepalcingo..jpeg"
FOTO-C34B45EC2A,Entrega de Despensas del DIF 1.jpeg,1-qotlf9VQB6nbSfl2aqxKuZW7-stPeEI,https://drive.google.com/file/d/1-qotlf9VQB6nbSfl2aqxKuZW7-stPeEI/view,MUNICIPIO,MOSTRAR_MUNICIPIO,Oriente,Tepalcingo,,Oriente,Tepalcingo,,0,Promotor,Suhita Rodríguez Cortez,,Lote por evento,/foto/FOTO-C34B45EC2A,,10,SI,c34b45ec2a08989969f0809521b547d8cc6ca8e149258a893b1c489dee1cdeb4,330316,1,Entrega de Despensas del DIF,tepalcingo-entrega-de-despensas-del-dif,,"Poligonos coordinados por  Dante Alquicira 2026. Oriente Sur/Tepalcingo, Suhita Rodríguez Cortez/Entrega de Despensas del DIF/Entrega de Despensas del DIF 1.jpeg"
FOTO-47EB6D4216,Entrega de Despensas del DIF 2.jpeg,1_Mhtdt2hoDaOnK4QD93n3DmjPr-bhtar,https://drive.google.com/file/d/1_Mhtdt2hoDaOnK4QD93n3DmjPr-bhtar/view,MUNICIPIO,MOSTRAR_MUNICIPIO,Oriente,Tepalcingo,,Oriente,Tepalcingo,,0,Promotor,Suhita Rodríguez Cortez,,Lote por evento,/foto/FOTO-47EB6D4216,,10,SI,47eb6d421662f0bf2f3a99fa44166b22b68c543f4ec4aa825cef6bca7148370e,325735,1,Entrega de Despensas del DIF,tepalcingo-entrega-de-despensas-del-dif,,"Poligonos coordinados por  Dante Alquicira 2026. Oriente Sur/Tepalcingo, Suhita Rodríguez Cortez/Entrega de Despensas del DIF/Entrega de Despensas del DIF 2.jpeg"
FOTO-B5503ADBAD,Entrega de Despensas del DIF 3.jpeg,15FEnV0-2nnJCtzszGLwAPeAV5TQRhRoZ,https://drive.google.com/file/d/15FEnV0-2nnJCtzszGLwAPeAV5TQRhRoZ/view,MUNICIPIO,MOSTRAR_MUNICIPIO,Oriente,Tepalcingo,,Oriente,Tepalcingo,,0,Promotor,Suhita Rodríguez Cortez,,Lote por evento,/foto/FOTO-B5503ADBAD,,10,SI,b5503adbad6d72f117a0274d1b0542be2be02890992dff5317ab63a2466ff129,292330,1,Entrega de Despensas del DIF,tepalcingo-entrega-de-despensas-del-dif,,"Poligonos coordinados por  Dante Alquicira 2026. Oriente Sur/Tepalcingo, Suhita Rodríguez Cortez/Entrega de Despensas del DIF/Entrega de Despensas del DIF 3.jpeg"
FOTO-2F2EA96FF4,Entrega de Despensas del DIF 4.jpeg,1TAEibCY3HRafMY3RbCh4fqb-5jTlcrtn,https://drive.google.com/file/d/1TAEibCY3HRafMY3RbCh4fqb-5jTlcrtn/view,MUNICIPIO,MOSTRAR_MUNICIPIO,Oriente,Tepalcingo,,Oriente,Tepalcingo,,0,Promotor,Suhita Rodríguez Cortez,,Lote por evento,/foto/FOTO-2F2EA96FF4,,10,SI,2f2ea96ff4ee605e2386e23eba7f574d81a725ca95c83d5445c528e08f9799c1,285149,1,Entrega de Despensas del DIF,tepalcingo-entrega-de-despensas-del-dif,,"Poligonos coordinados por  Dante Alquicira 2026. Oriente Sur/Tepalcingo, Suhita Rodríguez Cortez/Entrega de Despensas del DIF/Entrega de Despensas del DIF 4.jpeg"
FOTO-DB7FC03821,Agradecimiento a la Gobernadora por el apoyo de jitomate en Territorios de Paz 2..jpeg,1xsiW2hxdi1LS4HCvfe4jroL7RJjZzE1L,https://drive.google.com/file/d/1xsiW2hxdi1LS4HCvfe4jroL7RJjZzE1L/view,MUNICIPIO,MOSTRAR_MUNICIPIO,Oriente,Tepalcingo,,Oriente,Tepalcingo,,0,Promotor,Suhita Rodríguez Cortez,,Lote por evento,/foto/FOTO-DB7FC03821,,10,SI,db7fc0382121ccf45954b6a658c40cb711b14f7536b0cebbd5d138dfd0dd8798,324822,1,Entrega de hortalizas. Tepalcingo,tepalcingo-entrega-de-hortalizas-tepalcingo,,"Poligonos coordinados por  Dante Alquicira 2026. Oriente Sur/Tepalcingo, Suhita Rodríguez Cortez/Entrega de hortalizas. Tepalcingo/Agradecimiento a la Gobernadora por el apoyo de jitomate en Territorios de Paz 2..jpeg"
FOTO-1258749AED,Agradecimiento a la Gobernadora por el apoyo de jitomate en Territorios de Paz 3..jpeg,1L1ZbTFLQv9GBynRXHfgY__VFToJjIDlI,https://drive.google.com/file/d/1L1ZbTFLQv9GBynRXHfgY__VFToJjIDlI/view,MUNICIPIO,MOSTRAR_MUNICIPIO,Oriente,Tepalcingo,,Oriente,Tepalcingo,,0,Promotor,Suhita Rodríguez Cortez,,Lote por evento,/foto/FOTO-1258749AED,,10,SI,1258749aeda64dffdde43e345f27468506c4d1ba425fd3976dfa8831d8565619,353261,1,Entrega de hortalizas. Tepalcingo,tepalcingo-entrega-de-hortalizas-tepalcingo,,"Poligonos coordinados por  Dante Alquicira 2026. Oriente Sur/Tepalcingo, Suhita Rodríguez Cortez/Entrega de hortalizas. Tepalcingo/Agradecimiento a la Gobernadora por el apoyo de jitomate en Territorios de Paz 3..jpeg"
FOTO-3EC95E6AB3,Entrega de Jitomate en Tepalcingo 1.jpeg,1OCE24u6w4cL9YnM3d7gWq1AtXQI_1LHT,https://drive.google.com/file/d/1OCE24u6w4cL9YnM3d7gWq1AtXQI_1LHT/view,MUNICIPIO,MOSTRAR_MUNICIPIO,Oriente,Tepalcingo,,Oriente,Tepalcingo,,0,Promotor,Suhita Rodríguez Cortez,,Lote por evento,/foto/FOTO-3EC95E6AB3,,10,SI,3ec95e6ab3ad9b558d67cdbf148585b8b6f01a7c165cbcc43aac966cf0d32779,405256,1,Entrega de hortalizas. Tepalcingo,tepalcingo-entrega-de-hortalizas-tepalcingo,,"Poligonos coordinados por  Dante Alquicira 2026. Oriente Sur/Tepalcingo, Suhita Rodríguez Cortez/Entrega de hortalizas. Tepalcingo/Entrega de Jitomate en Tepalcingo 1.jpeg"
FOTO-FBD271BF1E,Entrega de Jitomate en Tepalcingo 2.jpeg,1N45_kkW7JG87hUztiTs2nL2aMSR2Nkj1,https://drive.google.com/file/d/1N45_kkW7JG87hUztiTs2nL2aMSR2Nkj1/view,MUNICIPIO,MOSTRAR_MUNICIPIO,Oriente,Tepalcingo,,Oriente,Tepalcingo,,0,Promotor,Suhita Rodríguez Cortez,,Lote por evento,/foto/FOTO-FBD271BF1E,,10,SI,fbd271bf1eedb3eb579a22e6b0956e44ddbfa285b91c3a87a163c14d32b85742,457922,1,Entrega de hortalizas. Tepalcingo,tepalcingo-entrega-de-hortalizas-tepalcingo,,"Poligonos coordinados por  Dante Alquicira 2026. Oriente Sur/Tepalcingo, Suhita Rodríguez Cortez/Entrega de hortalizas. Tepalcingo/Entrega de Jitomate en Tepalcingo 2.jpeg"
FOTO-7A08FD53FE,Entrega de Jitomate en Tepalcingo 3.jpeg,1gjkEhzpWHm3nhCnVPn2ZMtdvDXFkYpCd,https://drive.google.com/file/d/1gjkEhzpWHm3nhCnVPn2ZMtdvDXFkYpCd/view,MUNICIPIO,MOSTRAR_MUNICIPIO,Oriente,Tepalcingo,,Oriente,Tepalcingo,,0,Promotor,Suhita Rodríguez Cortez,,Lote por evento,/foto/FOTO-7A08FD53FE,,10,SI,7a08fd53fe4f231984506d71f32d4a432a655542f590705116dc09609f043e5b,451339,1,Entrega de hortalizas. Tepalcingo,tepalcingo-entrega-de-hortalizas-tepalcingo,,"Poligonos coordinados por  Dante Alquicira 2026. Oriente Sur/Tepalcingo, Suhita Rodríguez Cortez/Entrega de hortalizas. Tepalcingo/Entrega de Jitomate en Tepalcingo 3.jpeg"
FOTO-B96E64A948,"Entrega de Jitomate, cebolla y nopal. Buenos Aires, Tepalcingo 2. 13032026.jpeg",1zPsqgDBk4VkY9hY2z-zV7RdkNO3nqNT3,https://drive.google.com/file/d/1zPsqgDBk4VkY9hY2z-zV7RdkNO3nqNT3/view,MUNICIPIO,MOSTRAR_MUNICIPIO,Oriente,Tepalcingo,,Oriente,Tepalcingo,,0,Promotor,Suhita Rodríguez Cortez,,Lote por evento,/foto/FOTO-B96E64A948,,10,SI,b96e64a94865dab77a1a4bdd537d7b5f896ae5690ba87c97a64e3ac7d354ec2d,204269,1,Entrega de hortalizas. Tepalcingo,tepalcingo-entrega-de-hortalizas-tepalcingo,2026-03-13,"Poligonos coordinados por  Dante Alquicira 2026. Oriente Sur/Tepalcingo, Suhita Rodríguez Cortez/Entrega de hortalizas. Tepalcingo/Entrega de Jitomate, cebolla y nopal. Buenos Aires, Tepalcingo 2. 13032026.jpeg"
FOTO-273CCD4F19,"Entrega de Jitomate, cebolla y nopal. Buenos Aires, Tepalcingo 3. 13032026.jpeg",1iOvkV8fOdXnYZ5OD-ATESNjmBcdoNeHL,https://drive.google.com/file/d/1iOvkV8fOdXnYZ5OD-ATESNjmBcdoNeHL/view,MUNICIPIO,MOSTRAR_MUNICIPIO,Oriente,Tepalcingo,,Oriente,Tepalcingo,,0,Promotor,Suhita Rodríguez Cortez,,Lote por evento,/foto/FOTO-273CCD4F19,,10,SI,273ccd4f19dea1244190be25bdb05b675c6f6bf88184d0579c61dee11be2cdf2,152807,1,Entrega de hortalizas. Tepalcingo,tepalcingo-entrega-de-hortalizas-tepalcingo,2026-03-13,"Poligonos coordinados por  Dante Alquicira 2026. Oriente Sur/Tepalcingo, Suhita Rodríguez Cortez/Entrega de hortalizas. Tepalcingo/Entrega de Jitomate, cebolla y nopal. Buenos Aires, Tepalcingo 3. 13032026.jpeg"
FOTO-D95F8D5E31,"Entrega de Jitomate, cebolla y nopal. Buenos Aires, Tepalcingo 4. 13032026.jpeg",1suQBEVo3TF-ktYcRE8T9fRSWfp2Pzsrk,https://drive.google.com/file/d/1suQBEVo3TF-ktYcRE8T9fRSWfp2Pzsrk/view,MUNICIPIO,MOSTRAR_MUNICIPIO,Oriente,Tepalcingo,,Oriente,Tepalcingo,,0,Promotor,Suhita Rodríguez Cortez,,Lote por evento,/foto/FOTO-D95F8D5E31,,10,SI,d95f8d5e316f70b66440de8f3cef5adee66d53ae23b30c7469cc287cd241d44a,136484,1,Entrega de hortalizas. Tepalcingo,tepalcingo-entrega-de-hortalizas-tepalcingo,2026-03-13,"Poligonos coordinados por  Dante Alquicira 2026. Oriente Sur/Tepalcingo, Suhita Rodríguez Cortez/Entrega de hortalizas. Tepalcingo/Entrega de Jitomate, cebolla y nopal. Buenos Aires, Tepalcingo 4. 13032026.jpeg"
FOTO-8793951E30,"Entrega de Jitomate, cebolla y nopal. Buenos Aires, Tepalcingo 5. 13032026.jpeg",1azLLdM1WretwadnKdDEaFTbN0vWDq5Ae,https://drive.google.com/file/d/1azLLdM1WretwadnKdDEaFTbN0vWDq5Ae/view,MUNICIPIO,MOSTRAR_MUNICIPIO,Oriente,Tepalcingo,,Oriente,Tepalcingo,,0,Promotor,Suhita Rodríguez Cortez,,Lote por evento,/foto/FOTO-8793951E30,,10,SI,8793951e306f3d1391a7f1f39425bfe41f60c722d6eddfacafa33a50e8a09a88,175264,1,Entrega de hortalizas. Tepalcingo,tepalcingo-entrega-de-hortalizas-tepalcingo,2026-03-13,"Poligonos coordinados por  Dante Alquicira 2026. Oriente Sur/Tepalcingo, Suhita Rodríguez Cortez/Entrega de hortalizas. Tepalcingo/Entrega de Jitomate, cebolla y nopal. Buenos Aires, Tepalcingo 5. 13032026.jpeg"
FOTO-AE2B8C04FE,"Entrega de Jitomate, cebolla y nopal. Buenos Aires, Tepalcingo 6. 13032026.jpeg",1e6AGo8lLvtgUoHvgNsa21vf-S7VqWSUm,https://drive.google.com/file/d/1e6AGo8lLvtgUoHvgNsa21vf-S7VqWSUm/view,MUNICIPIO,MOSTRAR_MUNICIPIO,Oriente,Tepalcingo,,Oriente,Tepalcingo,,0,Promotor,Suhita Rodríguez Cortez,,Lote por evento,/foto/FOTO-AE2B8C04FE,,10,SI,ae2b8c04fe08037b245b4e456087da5f8759a097e69526d5819e15d592c91b87,206761,1,Entrega de hortalizas. Tepalcingo,tepalcingo-entrega-de-hortalizas-tepalcingo,2026-03-13,"Poligonos coordinados por  Dante Alquicira 2026. Oriente Sur/Tepalcingo, Suhita Rodríguez Cortez/Entrega de hortalizas. Tepalcingo/Entrega de Jitomate, cebolla y nopal. Buenos Aires, Tepalcingo 6. 13032026.jpeg"
FOTO-0C4D0168ED,"Entrega de Jitomate, cebolla y nopal. Buenos Aires, Tepalcingo. 13032026.jpeg",1mc0FuZVLROwvpy3FOk6xdEHOeHUn5snI,https://drive.google.com/file/d/1mc0FuZVLROwvpy3FOk6xdEHOeHUn5snI/view,MUNICIPIO,MOSTRAR_MUNICIPIO,Oriente,Tepalcingo,,Oriente,Tepalcingo,,0,Promotor,Suhita Rodríguez Cortez,,Lote por evento,/foto/FOTO-0C4D0168ED,,10,SI,0c4d0168ed84f6cdd56fb42988bd54e347e3b93619dfc05cfa32294b117029ce,185256,1,Entrega de hortalizas. Tepalcingo,tepalcingo-entrega-de-hortalizas-tepalcingo,2026-03-13,"Poligonos coordinados por  Dante Alquicira 2026. Oriente Sur/Tepalcingo, Suhita Rodríguez Cortez/Entrega de hortalizas. Tepalcingo/Entrega de Jitomate, cebolla y nopal. Buenos Aires, Tepalcingo. 13032026.jpeg"
FOTO-06B5D90756,WhatsApp Image 2026-01-21 at 10.50.18 AM.jpeg,15pFr8nXG-E6ivIpd5MppX6LyOL_x-Zc0,https://drive.google.com/file/d/15pFr8nXG-E6ivIpd5MppX6LyOL_x-Zc0/view,MUNICIPIO,MOSTRAR_MUNICIPIO,Oriente,Tepalcingo,,Oriente,Tepalcingo,,0,Promotor,Suhita Rodríguez Cortez,,Lote por evento,/foto/FOTO-06B5D90756,,10,SI,06b5d90756f9917c924ffafe3c5299e003a06c54ec39111352b8d31777a47395,322276,1,Entrega de juguetes,tepalcingo-entrega-de-juguetes,2026-01-21,"Poligonos coordinados por  Dante Alquicira 2026. Oriente Sur/Tepalcingo, Suhita Rodríguez Cortez/Entrega de juguetes/WhatsApp Image 2026-01-21 at 10.50.18 AM.jpeg"
FOTO-3D6EDAA264,WhatsApp Image 2026-01-21 at 10.50.19 AM (1).jpeg,1JfMmBVgZgF-cykegx2DE-hOLt1uksRLw,https://drive.google.com/file/d/1JfMmBVgZgF-cykegx2DE-hOLt1uksRLw/view,MUNICIPIO,MOSTRAR_MUNICIPIO,Oriente,Tepalcingo,,Oriente,Tepalcingo,,0,Promotor,Suhita Rodríguez Cortez,,Lote por evento,/foto/FOTO-3D6EDAA264,,10,SI,3d6edaa2643b33de81471624f7ba363e7177f9c1cf8f7d0aff5240293bc416aa,316406,1,Entrega de juguetes,tepalcingo-entrega-de-juguetes,2026-01-21,"Poligonos coordinados por  Dante Alquicira 2026. Oriente Sur/Tepalcingo, Suhita Rodríguez Cortez/Entrega de juguetes/WhatsApp Image 2026-01-21 at 10.50.19 AM (1).jpeg"
FOTO-3754D55694,WhatsApp Image 2026-01-21 at 10.50.19 AM (2).jpeg,1NE_fd8XaEzaBSz0KROxvSskhk4ZVLGAI,https://drive.google.com/file/d/1NE_fd8XaEzaBSz0KROxvSskhk4ZVLGAI/view,MUNICIPIO,MOSTRAR_MUNICIPIO,Oriente,Tepalcingo,,Oriente,Tepalcingo,,0,Promotor,Suhita Rodríguez Cortez,,Lote por evento,/foto/FOTO-3754D55694,,10,SI,3754d55694f09b7e766ab47ef00241b83043f4abfdb0afad8b3e78f1079f0639,362896,1,Entrega de juguetes,tepalcingo-entrega-de-juguetes,2026-01-21,"Poligonos coordinados por  Dante Alquicira 2026. Oriente Sur/Tepalcingo, Suhita Rodríguez Cortez/Entrega de juguetes/WhatsApp Image 2026-01-21 at 10.50.19 AM (2).jpeg"
FOTO-1B1218D3BC,WhatsApp Image 2026-01-21 at 10.50.19 AM.jpeg,1MTIGRgrOHtOkgCmu5F2o3deYeoAYMMSC,https://drive.google.com/file/d/1MTIGRgrOHtOkgCmu5F2o3deYeoAYMMSC/view,MUNICIPIO,MOSTRAR_MUNICIPIO,Oriente,Tepalcingo,,Oriente,Tepalcingo,,0,Promotor,Suhita Rodríguez Cortez,,Lote por evento,/foto/FOTO-1B1218D3BC,,10,SI,1b1218d3bc760ed414be3520f87427f5e6043b651e84352d69878792cac25741,339889,1,Entrega de juguetes,tepalcingo-entrega-de-juguetes,2026-01-21,"Poligonos coordinados por  Dante Alquicira 2026. Oriente Sur/Tepalcingo, Suhita Rodríguez Cortez/Entrega de juguetes/WhatsApp Image 2026-01-21 at 10.50.19 AM.jpeg"
FOTO-7861F0E84D,"Comité de Piso Firme FISE 1, Buenos Aires, Tepalcingo 2026-08-26.jpeg",12bpnO0W0x2UjHESsFJ-u0tQZhp30A9Dn,https://drive.google.com/file/d/12bpnO0W0x2UjHESsFJ-u0tQZhp30A9Dn/view,MUNICIPIO,MOSTRAR_MUNICIPIO,Oriente,Tepalcingo,,Oriente,Tepalcingo,,0,Promotor,Suhita Rodríguez Cortez,,Lote por evento,/foto/FOTO-7861F0E84D,,10,SI,7861f0e84dee7bac340e1ab9110bfd1cdba328f8b985f61a704bb781606cd548,245011,1,Piso Firme,tepalcingo-piso-firme,2026-08-26,"Poligonos coordinados por  Dante Alquicira 2026. Oriente Sur/Tepalcingo, Suhita Rodríguez Cortez/Piso Firme/Comité de Piso Firme FISE 1, Buenos Aires, Tepalcingo 2026-08-26.jpeg"
FOTO-48A97BC1B0,"Comité de Piso Firme FISE 2, Buenos Aires, Tepalcingo 2026-08-26.jpeg",1SgPqHW0e1uHME6vPQcMOPNpOF6iTg6C-,https://drive.google.com/file/d/1SgPqHW0e1uHME6vPQcMOPNpOF6iTg6C-/view,MUNICIPIO,MOSTRAR_MUNICIPIO,Oriente,Tepalcingo,,Oriente,Tepalcingo,,0,Promotor,Suhita Rodríguez Cortez,,Lote por evento,/foto/FOTO-48A97BC1B0,,10,SI,48a97bc1b0e1228b0886795842b233a16a1e44ba47a122d10d48fc06dc5379a1,242949,1,Piso Firme,tepalcingo-piso-firme,2026-08-26,"Poligonos coordinados por  Dante Alquicira 2026. Oriente Sur/Tepalcingo, Suhita Rodríguez Cortez/Piso Firme/Comité de Piso Firme FISE 2, Buenos Aires, Tepalcingo 2026-08-26.jpeg"
FOTO-20D0C43909,"Comité de Piso Firme FISE 3, Buenos Aires, Tepalcingo 2026-08-26.jpeg",15mrP5hOs_sPK6OWDxX2aA9gwhfOpePVt,https://drive.google.com/file/d/15mrP5hOs_sPK6OWDxX2aA9gwhfOpePVt/view,MUNICIPIO,MOSTRAR_MUNICIPIO,Oriente,Tepalcingo,,Oriente,Tepalcingo,,0,Promotor,Suhita Rodríguez Cortez,,Lote por evento,/foto/FOTO-20D0C43909,,10,SI,20d0c4390921765bf4661564470bcc9e43d5123ecbfe42c61777b9cef943ea26,278723,1,Piso Firme,tepalcingo-piso-firme,2026-08-26,"Poligonos coordinados por  Dante Alquicira 2026. Oriente Sur/Tepalcingo, Suhita Rodríguez Cortez/Piso Firme/Comité de Piso Firme FISE 3, Buenos Aires, Tepalcingo 2026-08-26.jpeg"
FOTO-A240236BB3,"Comité de Piso Firme FISE 4, Buenos Aires, Tepalcingo 2026-08-26.jpeg",1isI7ZxaH9Gp_M19a6kF00S-t8ysadiye,https://drive.google.com/file/d/1isI7ZxaH9Gp_M19a6kF00S-t8ysadiye/view,MUNICIPIO,MOSTRAR_MUNICIPIO,Oriente,Tepalcingo,,Oriente,Tepalcingo,,0,Promotor,Suhita Rodríguez Cortez,,Lote por evento,/foto/FOTO-A240236BB3,,10,SI,a240236bb3c23abfa14911ad7204e3fafcd7cc754a08fb609e6570e5f84d9c4e,309325,1,Piso Firme,tepalcingo-piso-firme,2026-08-26,"Poligonos coordinados por  Dante Alquicira 2026. Oriente Sur/Tepalcingo, Suhita Rodríguez Cortez/Piso Firme/Comité de Piso Firme FISE 4, Buenos Aires, Tepalcingo 2026-08-26.jpeg"
FOTO-6E915CCED0,"Comité de Piso Firme FISE 5, Buenos Aires, Tepalcingo 2026-08-26.jpeg",1BZU0x6UzZ_-Ss8MjEFsDftETQKA8efj7,https://drive.google.com/file/d/1BZU0x6UzZ_-Ss8MjEFsDftETQKA8efj7/view,MUNICIPIO,MOSTRAR_MUNICIPIO,Oriente,Tepalcingo,,Oriente,Tepalcingo,,0,Promotor,Suhita Rodríguez Cortez,,Lote por evento,/foto/FOTO-6E915CCED0,,10,SI,6e915cced07fc72de18608ec3e76c9e3e55cea95bfb1de2a7acc3a024baf0c2e,320228,1,Piso Firme,tepalcingo-piso-firme,2026-08-26,"Poligonos coordinados por  Dante Alquicira 2026. Oriente Sur/Tepalcingo, Suhita Rodríguez Cortez/Piso Firme/Comité de Piso Firme FISE 5, Buenos Aires, Tepalcingo 2026-08-26.jpeg"
FOTO-2F13BEC184,"Comité de Piso Firme FISE 6, Buenos Aires, Tepalcingo 2026-08-26.jpeg",1Tr8qbiCD4Ik9wiOZHg_XfWXDpNP8pvRD,https://drive.google.com/file/d/1Tr8qbiCD4Ik9wiOZHg_XfWXDpNP8pvRD/view,MUNICIPIO,MOSTRAR_MUNICIPIO,Oriente,Tepalcingo,,Oriente,Tepalcingo,,0,Promotor,Suhita Rodríguez Cortez,,Lote por evento,/foto/FOTO-2F13BEC184,,10,SI,2f13bec1840050fea5f665b3b1093eccf98bc854234be0c0224a2755f13ea685,332648,1,Piso Firme,tepalcingo-piso-firme,2026-08-26,"Poligonos coordinados por  Dante Alquicira 2026. Oriente Sur/Tepalcingo, Suhita Rodríguez Cortez/Piso Firme/Comité de Piso Firme FISE 6, Buenos Aires, Tepalcingo 2026-08-26.jpeg"
FOTO-0E9A0C9245,"Comité de Piso Firme FISE 7, Buenos Aires, Tepalcingo 2026-08-26.jpeg",1DlBbniGeIyJGfzNB26TT3nVVLftl_6Rt,https://drive.google.com/file/d/1DlBbniGeIyJGfzNB26TT3nVVLftl_6Rt/view,MUNICIPIO,MOSTRAR_MUNICIPIO,Oriente,Tepalcingo,,Oriente,Tepalcingo,,0,Promotor,Suhita Rodríguez Cortez,,Lote por evento,/foto/FOTO-0E9A0C9245,,10,SI,0e9a0c9245fe70e0c7e58d2f151c834fd3d6c7f64f9a058ea7c765bf09712174,362488,1,Piso Firme,tepalcingo-piso-firme,2026-08-26,"Poligonos coordinados por  Dante Alquicira 2026. Oriente Sur/Tepalcingo, Suhita Rodríguez Cortez/Piso Firme/Comité de Piso Firme FISE 7, Buenos Aires, Tepalcingo 2026-08-26.jpeg"
FOTO-EB27EF48A5,"Comités de Piso Firme FISE 1, Emiliano Z. Tepalcingo 2026-08-26.jpeg",1Vu5B1CTjnUr0h2YvXNVh-ZNPFR4CIqMJ,https://drive.google.com/file/d/1Vu5B1CTjnUr0h2YvXNVh-ZNPFR4CIqMJ/view,MUNICIPIO,MOSTRAR_MUNICIPIO,Oriente,Tepalcingo,,Oriente,Tepalcingo,,0,Promotor,Suhita Rodríguez Cortez,,Lote por evento,/foto/FOTO-EB27EF48A5,,10,SI,eb27ef48a51371eaeb4ab1a2de603663f82f68d421277fc25e4c9334aa31c195,265584,1,Piso Firme,tepalcingo-piso-firme,2026-08-26,"Poligonos coordinados por  Dante Alquicira 2026. Oriente Sur/Tepalcingo, Suhita Rodríguez Cortez/Piso Firme/Comités de Piso Firme FISE 1, Emiliano Z. Tepalcingo 2026-08-26.jpeg"
FOTO-8D40D63A64,"Comités de Piso Firme FISE 2, Emiliano Z. Tepalcingo 2026-08-26.jpeg",18oyiZRyuphIzDj-nMQIO5VNoVtEjWDTH,https://drive.google.com/file/d/18oyiZRyuphIzDj-nMQIO5VNoVtEjWDTH/view,MUNICIPIO,MOSTRAR_MUNICIPIO,Oriente,Tepalcingo,,Oriente,Tepalcingo,,0,Promotor,Suhita Rodríguez Cortez,,Lote por evento,/foto/FOTO-8D40D63A64,,10,SI,8d40d63a64fade41b13863ee93db458a8becbbe73bb7de2c13a9e1926f3410fd,290984,1,Piso Firme,tepalcingo-piso-firme,2026-08-26,"Poligonos coordinados por  Dante Alquicira 2026. Oriente Sur/Tepalcingo, Suhita Rodríguez Cortez/Piso Firme/Comités de Piso Firme FISE 2, Emiliano Z. Tepalcingo 2026-08-26.jpeg"
FOTO-BAA371AA7D,"Comités de Piso Firme FISE 3, Emiliano Z. Tepalcingo 2026-08-26.jpeg",1O4pbDQaCBnKdaMVGNC2RleaW5_PMToXp,https://drive.google.com/file/d/1O4pbDQaCBnKdaMVGNC2RleaW5_PMToXp/view,MUNICIPIO,MOSTRAR_MUNICIPIO,Oriente,Tepalcingo,,Oriente,Tepalcingo,,0,Promotor,Suhita Rodríguez Cortez,,Lote por evento,/foto/FOTO-BAA371AA7D,,10,SI,baa371aa7d1a6d6269ffbf6da32e97bf3d41636d49174bace347fba30a2176bd,253743,1,Piso Firme,tepalcingo-piso-firme,2026-08-26,"Poligonos coordinados por  Dante Alquicira 2026. Oriente Sur/Tepalcingo, Suhita Rodríguez Cortez/Piso Firme/Comités de Piso Firme FISE 3, Emiliano Z. Tepalcingo 2026-08-26.jpeg"
FOTO-C41B533767,"Comités de Piso Firme FISE 4, Emiliano Z. Tepalcingo 2026-08-26.jpeg",13xx7TpmuYGTksldVrXhPmV1zyRGcrM9d,https://drive.google.com/file/d/13xx7TpmuYGTksldVrXhPmV1zyRGcrM9d/view,MUNICIPIO,MOSTRAR_MUNICIPIO,Oriente,Tepalcingo,,Oriente,Tepalcingo,,0,Promotor,Suhita Rodríguez Cortez,,Lote por evento,/foto/FOTO-C41B533767,,10,SI,c41b53376745fbc7c01276b84a6a037026cc8d5181628fd0e64b8ecff53439a0,283183,1,Piso Firme,tepalcingo-piso-firme,2026-08-26,"Poligonos coordinados por  Dante Alquicira 2026. Oriente Sur/Tepalcingo, Suhita Rodríguez Cortez/Piso Firme/Comités de Piso Firme FISE 4, Emiliano Z. Tepalcingo 2026-08-26.jpeg"
FOTO-A3AE1E4142,"Comités de Piso Firme FISE 5, Emiliano Z. Tepalcingo 2026-08-26.jpeg",1pvf7zK_IL64Mg5lS1fHYag9srdp0iO9d,https://drive.google.com/file/d/1pvf7zK_IL64Mg5lS1fHYag9srdp0iO9d/view,MUNICIPIO,MOSTRAR_MUNICIPIO,Oriente,Tepalcingo,,Oriente,Tepalcingo,,0,Promotor,Suhita Rodríguez Cortez,,Lote por evento,/foto/FOTO-A3AE1E4142,,10,SI,a3ae1e414212fcb3ecfeaa0791b667ae29d6917524e184d86b72ee34b4452cad,245006,1,Piso Firme,tepalcingo-piso-firme,2026-08-26,"Poligonos coordinados por  Dante Alquicira 2026. Oriente Sur/Tepalcingo, Suhita Rodríguez Cortez/Piso Firme/Comités de Piso Firme FISE 5, Emiliano Z. Tepalcingo 2026-08-26.jpeg"
FOTO-E0A0D2D012,"Comités de Piso Firme FISE 6, Emiliano Z. Tepalcingo 2026-08-26.jpeg",18bAmwiv2tJ501qLHCZ3AQDN6wBf1_CJn,https://drive.google.com/file/d/18bAmwiv2tJ501qLHCZ3AQDN6wBf1_CJn/view,MUNICIPIO,MOSTRAR_MUNICIPIO,Oriente,Tepalcingo,,Oriente,Tepalcingo,,0,Promotor,Suhita Rodríguez Cortez,,Lote por evento,/foto/FOTO-E0A0D2D012,,10,SI,e0a0d2d0123b69ed82827a314e8d80efd9d1303ddbdda7de907053c1bedd1341,224137,1,Piso Firme,tepalcingo-piso-firme,2026-08-26,"Poligonos coordinados por  Dante Alquicira 2026. Oriente Sur/Tepalcingo, Suhita Rodríguez Cortez/Piso Firme/Comités de Piso Firme FISE 6, Emiliano Z. Tepalcingo 2026-08-26.jpeg"
FOTO-14517ED5EE,"Entrega de documentos Tepalcingo, piso firme. 90 expedientes de 94 (i) 2026-09-15.jpeg",1gZtcMX80jUIJG-0WkRD32QVGcdoKwhZO,https://drive.google.com/file/d/1gZtcMX80jUIJG-0WkRD32QVGcdoKwhZO/view,MUNICIPIO,MOSTRAR_MUNICIPIO,Oriente,Tepalcingo,,Oriente,Tepalcingo,,0,Promotor,Suhita Rodríguez Cortez,,Lote por evento,/foto/FOTO-14517ED5EE,,10,SI,14517ed5ee3168ad7f4cd8132c28973af74831a5a7b53a3843050bfd6497a98d,147884,1,Piso Firme,tepalcingo-piso-firme,2026-09-15,"Poligonos coordinados por  Dante Alquicira 2026. Oriente Sur/Tepalcingo, Suhita Rodríguez Cortez/Piso Firme/Entrega de documentos Tepalcingo, piso firme. 90 expedientes de 94 (i) 2026-09-15.jpeg"
FOTO-39F4C10AE1,"Entrega de documentos Tepalcingo, piso firme. 90 expedientes de 94 2026-09-15.jpeg",1_DqPwibkhhcFudfB_RNGTKFVQGhYc8CN,https://drive.google.com/file/d/1_DqPwibkhhcFudfB_RNGTKFVQGhYc8CN/view,MUNICIPIO,MOSTRAR_MUNICIPIO,Oriente,Tepalcingo,,Oriente,Tepalcingo,,0,Promotor,Suhita Rodríguez Cortez,,Lote por evento,/foto/FOTO-39F4C10AE1,,10,SI,39f4c10ae1f55e2d7fcf8dd7c06d9ba15394eec1bddd2296737d0aaff8541c51,256485,1,Piso Firme,tepalcingo-piso-firme,2026-09-15,"Poligonos coordinados por  Dante Alquicira 2026. Oriente Sur/Tepalcingo, Suhita Rodríguez Cortez/Piso Firme/Entrega de documentos Tepalcingo, piso firme. 90 expedientes de 94 2026-09-15.jpeg"
FOTO-4A040AA4FE,Piso firme  2026-06-01.jpeg,1zOemCB1hSSZM8jEHd-7h67ccSbJK6Zo9,https://drive.google.com/file/d/1zOemCB1hSSZM8jEHd-7h67ccSbJK6Zo9/view,MUNICIPIO,MOSTRAR_MUNICIPIO,Oriente,Tepalcingo,,Oriente,Tepalcingo,,0,Promotor,Suhita Rodríguez Cortez,,Lote por evento,/foto/FOTO-4A040AA4FE,,10,SI,4a040aa4fe477c71f3e6f9188a5224bd554a2f910c528fd60d5ce98a1a2d8cbf,307455,1,Piso Firme,tepalcingo-piso-firme,2026-06-01,"Poligonos coordinados por  Dante Alquicira 2026. Oriente Sur/Tepalcingo, Suhita Rodríguez Cortez/Piso Firme/Piso firme  2026-06-01.jpeg"
FOTO-CC163B0C91,registro de piso firme en Tepalcingo 1 2026-09-08.jpeg,193sRb6qPiC4w8PYPEJUgEMQoXQ08GRWz,https://drive.google.com/file/d/193sRb6qPiC4w8PYPEJUgEMQoXQ08GRWz/view,MUNICIPIO,MOSTRAR_MUNICIPIO,Oriente,Tepalcingo,,Oriente,Tepalcingo,,0,Promotor,Suhita Rodríguez Cortez,,Lote por evento,/foto/FOTO-CC163B0C91,,10,SI,cc163b0c91721c24fc0ecc51fc6327f45964951b1d268e4b72c91c1d19305c32,304163,1,Piso Firme,tepalcingo-piso-firme,2026-09-08,"Poligonos coordinados por  Dante Alquicira 2026. Oriente Sur/Tepalcingo, Suhita Rodríguez Cortez/Piso Firme/registro de piso firme en Tepalcingo 1 2026-09-08.jpeg"
FOTO-36A50B1CA4,Registro de piso firme en Tepalcingo 1 2026-09-11.jpeg,1hM-25Dz9MDuYSCYOp2ERjTX9JoGfHvfx,https://drive.google.com/file/d/1hM-25Dz9MDuYSCYOp2ERjTX9JoGfHvfx/view,MUNICIPIO,MOSTRAR_MUNICIPIO,Oriente,Tepalcingo,,Oriente,Tepalcingo,,0,Promotor,Suhita Rodríguez Cortez,,Lote por evento,/foto/FOTO-36A50B1CA4,,10,SI,36a50b1ca4b5421711c8314a27b0bfdab0b2001db8f24587b1ea8d2ec0e1f77a,401006,1,Piso Firme,tepalcingo-piso-firme,2026-09-11,"Poligonos coordinados por  Dante Alquicira 2026. Oriente Sur/Tepalcingo, Suhita Rodríguez Cortez/Piso Firme/Registro de piso firme en Tepalcingo 1 2026-09-11.jpeg"
FOTO-9B2C138014,registro de piso firme en Tepalcingo 2 2026-09-08.jpeg,1rLGFna-nm6nyw4c7sQhcqrIiTebA7GBS,https://drive.google.com/file/d/1rLGFna-nm6nyw4c7sQhcqrIiTebA7GBS/view,MUNICIPIO,MOSTRAR_MUNICIPIO,Oriente,Tepalcingo,,Oriente,Tepalcingo,,0,Promotor,Suhita Rodríguez Cortez,,Lote por evento,/foto/FOTO-9B2C138014,,10,SI,9b2c1380145d997f0f86e6de9d48e981321200a63871f178c2c6494cd7d59a3f,346344,1,Piso Firme,tepalcingo-piso-firme,2026-09-08,"Poligonos coordinados por  Dante Alquicira 2026. Oriente Sur/Tepalcingo, Suhita Rodríguez Cortez/Piso Firme/registro de piso firme en Tepalcingo 2 2026-09-08.jpeg"
FOTO-8C26CF9B77,Registro de piso firme en Tepalcingo 2 2026-09-11.jpeg,1dliO1Rv5QNxoDWsGihsEMIF45XOed8_C,https://drive.google.com/file/d/1dliO1Rv5QNxoDWsGihsEMIF45XOed8_C/view,MUNICIPIO,MOSTRAR_MUNICIPIO,Oriente,Tepalcingo,,Oriente,Tepalcingo,,0,Promotor,Suhita Rodríguez Cortez,,Lote por evento,/foto/FOTO-8C26CF9B77,,10,SI,8c26cf9b7778dc16daab2adade3f0eb5595263a4f426abf9bb057b7a6cbfbc09,369421,1,Piso Firme,tepalcingo-piso-firme,2026-09-11,"Poligonos coordinados por  Dante Alquicira 2026. Oriente Sur/Tepalcingo, Suhita Rodríguez Cortez/Piso Firme/Registro de piso firme en Tepalcingo 2 2026-09-11.jpeg"
FOTO-3B942B9A66,Registro de piso firme en Tepalcingo 2026-09-11.jpeg,1RS2b0D6vTgxq0czkpAO6GCTqyaSk6p7r,https://drive.google.com/file/d/1RS2b0D6vTgxq0czkpAO6GCTqyaSk6p7r/view,MUNICIPIO,MOSTRAR_MUNICIPIO,Oriente,Tepalcingo,,Oriente,Tepalcingo,,0,Promotor,Suhita Rodríguez Cortez,,Lote por evento,/foto/FOTO-3B942B9A66,,10,SI,3b942b9a6607b1d229d4197561b01295614f395e5941cebdef209cc9e7e39df0,512011,1,Piso Firme,tepalcingo-piso-firme,2026-09-11,"Poligonos coordinados por  Dante Alquicira 2026. Oriente Sur/Tepalcingo, Suhita Rodríguez Cortez/Piso Firme/Registro de piso firme en Tepalcingo 2026-09-11.jpeg"
FOTO-03B0323CA0,registro de piso firme en Tepalcingo 3 2026-09-08.jpeg,1aKVYvF8wKeoW74oThoU-iaJaXsKgpieQ,https://drive.google.com/file/d/1aKVYvF8wKeoW74oThoU-iaJaXsKgpieQ/view,MUNICIPIO,MOSTRAR_MUNICIPIO,Oriente,Tepalcingo,,Oriente,Tepalcingo,,0,Promotor,Suhita Rodríguez Cortez,,Lote por evento,/foto/FOTO-03B0323CA0,,10,SI,03b0323ca0c40f9aaf426371982b5585d6cfe0dc0050bf8d48500c8193909338,404016,1,Piso Firme,tepalcingo-piso-firme,2026-09-08,"Poligonos coordinados por  Dante Alquicira 2026. Oriente Sur/Tepalcingo, Suhita Rodríguez Cortez/Piso Firme/registro de piso firme en Tepalcingo 3 2026-09-08.jpeg"
FOTO-F0401AD54C,registro de piso firme en Tepalcingo 4 2026-09-08.jpeg,16fYp4POVGcT6BvtP8_ERD0Xvq1lfTgrw,https://drive.google.com/file/d/16fYp4POVGcT6BvtP8_ERD0Xvq1lfTgrw/view,MUNICIPIO,MOSTRAR_MUNICIPIO,Oriente,Tepalcingo,,Oriente,Tepalcingo,,0,Promotor,Suhita Rodríguez Cortez,,Lote por evento,/foto/FOTO-F0401AD54C,,10,SI,f0401ad54cb4a7cfb89aadf2c032d23235200f6f30c4a310f4a13ad4ba2d5af1,339439,1,Piso Firme,tepalcingo-piso-firme,2026-09-08,"Poligonos coordinados por  Dante Alquicira 2026. Oriente Sur/Tepalcingo, Suhita Rodríguez Cortez/Piso Firme/registro de piso firme en Tepalcingo 4 2026-09-08.jpeg"
FOTO-8198110FCF,"Registro de Piso Firme, Tepalcingo 2026-09-08.jpeg",1sem3NcxfY24ypHYKX_xPvX6geaVaJPwM,https://drive.google.com/file/d/1sem3NcxfY24ypHYKX_xPvX6geaVaJPwM/view,MUNICIPIO,MOSTRAR_MUNICIPIO,Oriente,Tepalcingo,,Oriente,Tepalcingo,,0,Promotor,Suhita Rodríguez Cortez,,Lote por evento,/foto/FOTO-8198110FCF,,10,SI,8198110fcf3c4da0799d8e41fb127562a66338c33df68da37736991c81c9c8a3,260187,1,Piso Firme,tepalcingo-piso-firme,2026-09-08,"Poligonos coordinados por  Dante Alquicira 2026. Oriente Sur/Tepalcingo, Suhita Rodríguez Cortez/Piso Firme/Registro de Piso Firme, Tepalcingo 2026-09-08.jpeg"
FOTO-7F24F141FF,Registro de Piso firme-FISE en Tepalcingo 2026-09-11.jpeg,10zZJA-T_SFYYoC-1pV0Mf7S3g_SvWyUQ,https://drive.google.com/file/d/10zZJA-T_SFYYoC-1pV0Mf7S3g_SvWyUQ/view,MUNICIPIO,MOSTRAR_MUNICIPIO,Oriente,Tepalcingo,,Oriente,Tepalcingo,,0,Promotor,Suhita Rodríguez Cortez,,Lote por evento,/foto/FOTO-7F24F141FF,,10,SI,7f24f141ffbd335e5246881e231d9bc41288cfd88b255b2a4456b4667f7fb1c2,296028,1,Piso Firme,tepalcingo-piso-firme,2026-09-11,"Poligonos coordinados por  Dante Alquicira 2026. Oriente Sur/Tepalcingo, Suhita Rodríguez Cortez/Piso Firme/Registro de Piso firme-FISE en Tepalcingo 2026-09-11.jpeg"
FOTO-2E2038E74D,Registros 2026-06-17.jpeg,1kuo4YJDmUHp0W2k3ZUSm9SNHeMBbPbyD,https://drive.google.com/file/d/1kuo4YJDmUHp0W2k3ZUSm9SNHeMBbPbyD/view,MUNICIPIO,MOSTRAR_MUNICIPIO,Oriente,Tepalcingo,,Oriente,Tepalcingo,,0,Promotor,Suhita Rodríguez Cortez,,Lote por evento,/foto/FOTO-2E2038E74D,,10,SI,2e2038e74da91ff1e1f9863fadf4620eff5f90cd60f1c38d26936a2fe2b37846,308809,1,Piso Firme,tepalcingo-piso-firme,2026-06-17,"Poligonos coordinados por  Dante Alquicira 2026. Oriente Sur/Tepalcingo, Suhita Rodríguez Cortez/Piso Firme/Registros 2026-06-17.jpeg"
FOTO-9BE3916A35,"Registros de piso firme, Tepalcingo 1 2026-09-09.jpeg",1AXbWu4xcPrZcdu9Nbb8raWVIhdGr9F-J,https://drive.google.com/file/d/1AXbWu4xcPrZcdu9Nbb8raWVIhdGr9F-J/view,MUNICIPIO,MOSTRAR_MUNICIPIO,Oriente,Tepalcingo,,Oriente,Tepalcingo,,0,Promotor,Suhita Rodríguez Cortez,,Lote por evento,/foto/FOTO-9BE3916A35,,10,SI,9be3916a358ac8b41cdb2b9759201556cfd665bbe962e33cc6f57728a28d73ef,381197,1,Piso Firme,tepalcingo-piso-firme,2026-09-09,"Poligonos coordinados por  Dante Alquicira 2026. Oriente Sur/Tepalcingo, Suhita Rodríguez Cortez/Piso Firme/Registros de piso firme, Tepalcingo 1 2026-09-09.jpeg"
FOTO-7C68CF0622,"Registros de piso firme, Tepalcingo 2 2026-09-09.jpeg",13TApiasWp45SwQRlBypblyi-BuGK2ZGc,https://drive.google.com/file/d/13TApiasWp45SwQRlBypblyi-BuGK2ZGc/view,MUNICIPIO,MOSTRAR_MUNICIPIO,Oriente,Tepalcingo,,Oriente,Tepalcingo,,0,Promotor,Suhita Rodríguez Cortez,,Lote por evento,/foto/FOTO-7C68CF0622,,10,SI,7c68cf06220a38bc30e81645dbb518e152ca9d17d74bff6228ceb8190c28c720,242529,1,Piso Firme,tepalcingo-piso-firme,2026-09-09,"Poligonos coordinados por  Dante Alquicira 2026. Oriente Sur/Tepalcingo, Suhita Rodríguez Cortez/Piso Firme/Registros de piso firme, Tepalcingo 2 2026-09-09.jpeg"
FOTO-A05B59A18D,WhatsApp Image 2026-06-16 at 12.19.03 PM.jpeg,1Bxxfxz10aS38y8F2ibW_N71s5a2umzpr,https://drive.google.com/file/d/1Bxxfxz10aS38y8F2ibW_N71s5a2umzpr/view,MUNICIPIO,MOSTRAR_MUNICIPIO,Oriente,Tepalcingo,,Oriente,Tepalcingo,,0,Promotor,Suhita Rodríguez Cortez,,Lote por evento,/foto/FOTO-A05B59A18D,,10,SI,a05b59a18d09523b1adc08c7c8f517b88a52b2e9a93c9c23510b43514374e413,308930,1,Piso Firme,tepalcingo-piso-firme,2026-06-16,"Poligonos coordinados por  Dante Alquicira 2026. Oriente Sur/Tepalcingo, Suhita Rodríguez Cortez/Piso Firme/WhatsApp Image 2026-06-16 at 12.19.03 PM.jpeg"
FOTO-78FB7677C7,"Reforestación en Golondrinas, Tepalcingo 1 2026-09-13.jpeg",1b8AmeLf7WokLqfJE5QB5qpU-Wq-4E4Wm,https://drive.google.com/file/d/1b8AmeLf7WokLqfJE5QB5qpU-Wq-4E4Wm/view,MUNICIPIO,MOSTRAR_MUNICIPIO,Oriente,Tepalcingo,,Oriente,Tepalcingo,,0,Promotor,Suhita Rodríguez Cortez,,Lote por evento,/foto/FOTO-78FB7677C7,,10,SI,78fb7677c7d7f2fff18fc229539b704aeaab4335a739117cea3de3db4d718c3a,560993,1,Reforestación,tepalcingo-reforestacion,2026-09-13,"Poligonos coordinados por  Dante Alquicira 2026. Oriente Sur/Tepalcingo, Suhita Rodríguez Cortez/Reforestación/Reforestación en Golondrinas, Tepalcingo 1 2026-09-13.jpeg"
FOTO-251A9A6F9D,"Reforestación en Golondrinas, Tepalcingo 2 2026-09-13.jpeg",16KEIEgO5cvfYSiByZF4FYwLQ11Ua1TvK,https://drive.google.com/file/d/16KEIEgO5cvfYSiByZF4FYwLQ11Ua1TvK/view,MUNICIPIO,MOSTRAR_MUNICIPIO,Oriente,Tepalcingo,,Oriente,Tepalcingo,,0,Promotor,Suhita Rodríguez Cortez,,Lote por evento,/foto/FOTO-251A9A6F9D,,10,SI,251a9a6f9d8db1e479c54f0bf203b81b097a07542f4feb5e9e9ceb624fba2631,481203,1,Reforestación,tepalcingo-reforestacion,2026-09-13,"Poligonos coordinados por  Dante Alquicira 2026. Oriente Sur/Tepalcingo, Suhita Rodríguez Cortez/Reforestación/Reforestación en Golondrinas, Tepalcingo 2 2026-09-13.jpeg"
FOTO-E5ADEEA9F3,"Reforestación en Golondrinas, Tepalcingo 3 2026-09-13.jpeg",1i6CMQhs78ueqJnWZ5uh_vp0Zf35Emzq0,https://drive.google.com/file/d/1i6CMQhs78ueqJnWZ5uh_vp0Zf35Emzq0/view,MUNICIPIO,MOSTRAR_MUNICIPIO,Oriente,Tepalcingo,,Oriente,Tepalcingo,,0,Promotor,Suhita Rodríguez Cortez,,Lote por evento,/foto/FOTO-E5ADEEA9F3,,10,SI,e5adeea9f36cfd2de5ee0708a310153a6e72fa3dfd8ad5931e7319acecc434c3,287928,1,Reforestación,tepalcingo-reforestacion,2026-09-13,"Poligonos coordinados por  Dante Alquicira 2026. Oriente Sur/Tepalcingo, Suhita Rodríguez Cortez/Reforestación/Reforestación en Golondrinas, Tepalcingo 3 2026-09-13.jpeg"
FOTO-BD9090B3B1,"Reforestación en Golondrinas, Tepalcingo 4 2026-09-13.jpeg",1_Begf--YS_KrmnN8dHRCh9saK1ByzAbn,https://drive.google.com/file/d/1_Begf--YS_KrmnN8dHRCh9saK1ByzAbn/view,MUNICIPIO,MOSTRAR_MUNICIPIO,Oriente,Tepalcingo,,Oriente,Tepalcingo,,0,Promotor,Suhita Rodríguez Cortez,,Lote por evento,/foto/FOTO-BD9090B3B1,,10,SI,bd9090b3b1e31b04e28ad6028feae0d273f5dfd32b902c6853d0b127b97a356a,429357,1,Reforestación,tepalcingo-reforestacion,2026-09-13,"Poligonos coordinados por  Dante Alquicira 2026. Oriente Sur/Tepalcingo, Suhita Rodríguez Cortez/Reforestación/Reforestación en Golondrinas, Tepalcingo 4 2026-09-13.jpeg"
FOTO-072F53446B,"Reforestación en Golondrinas, Tepalcingo 5 2026-09-13.jpeg",1XxFqnID73atqix0FPowFQ3RYNHgb7Vk-,https://drive.google.com/file/d/1XxFqnID73atqix0FPowFQ3RYNHgb7Vk-/view,MUNICIPIO,MOSTRAR_MUNICIPIO,Oriente,Tepalcingo,,Oriente,Tepalcingo,,0,Promotor,Suhita Rodríguez Cortez,,Lote por evento,/foto/FOTO-072F53446B,,10,SI,072f53446b8bd61eb88791d063e92f7df92024f316eaeefc02a66ae662878a63,369315,1,Reforestación,tepalcingo-reforestacion,2026-09-13,"Poligonos coordinados por  Dante Alquicira 2026. Oriente Sur/Tepalcingo, Suhita Rodríguez Cortez/Reforestación/Reforestación en Golondrinas, Tepalcingo 5 2026-09-13.jpeg"
FOTO-3CAB0A940E,"Capacitaciones de Bienestar en Buenos Aires, Tepalcingo 2026-08-28.jpeg",1k7JiSo2A23lejoRT9D4OAfNtX2rKJ8Gh,https://drive.google.com/file/d/1k7JiSo2A23lejoRT9D4OAfNtX2rKJ8Gh/view,MUNICIPIO,MOSTRAR_MUNICIPIO,Oriente,Tepalcingo,,Oriente,Tepalcingo,,0,Promotor,Suhita Rodríguez Cortez,,Lote por evento,/foto/FOTO-3CAB0A940E,,10,SI,3cab0a940e2fdf89643438db3fa3dff0c59bf4f2beb8dece9fef8aaccd238642,201736,1,Revisión de Proyectos,tepalcingo-revision-de-proyectos,2026-08-28,"Poligonos coordinados por  Dante Alquicira 2026. Oriente Sur/Tepalcingo, Suhita Rodríguez Cortez/Revisión de Proyectos/Capacitaciones de Bienestar en Buenos Aires, Tepalcingo 2026-08-28.jpeg"
FOTO-FD94485D88,"Visita de la Sec. de Bienestar, Contraloria y COEVAL para la revisión de proyectos en Buenos Aires 1.jpeg",1h8r5zdJkYlbaSIfQcwZQJ9revbvx2w88,https://drive.google.com/file/d/1h8r5zdJkYlbaSIfQcwZQJ9revbvx2w88/view,MUNICIPIO,MOSTRAR_MUNICIPIO,Oriente,Tepalcingo,,Oriente,Tepalcingo,,0,Promotor,Suhita Rodríguez Cortez,,Lote por evento,/foto/FOTO-FD94485D88,,10,SI,fd94485d883cc839d47c88db9e5759d98a655fd753a85762c2d940e58992f2d9,544956,1,Revisión de Proyectos,tepalcingo-revision-de-proyectos,,"Poligonos coordinados por  Dante Alquicira 2026. Oriente Sur/Tepalcingo, Suhita Rodríguez Cortez/Revisión de Proyectos/Visita de la Sec. de Bienestar, Contraloria y COEVAL para la revisión de proyectos en Buenos Aires 1.jpeg"
FOTO-F655A71D12,"Visita de la Sec. de Bienestar, Contraloria y COEVAL para la revisión de proyectos en Buenos Aires 2.jpeg",1ePuRGq5FbmmoKb5-zdFvCE5dsOhpHIIo,https://drive.google.com/file/d/1ePuRGq5FbmmoKb5-zdFvCE5dsOhpHIIo/view,MUNICIPIO,MOSTRAR_MUNICIPIO,Oriente,Tepalcingo,,Oriente,Tepalcingo,,0,Promotor,Suhita Rodríguez Cortez,,Lote por evento,/foto/FOTO-F655A71D12,,10,SI,f655a71d12c312cb7135c40432233710908985027f5ebd9b2cef7b28616bdaa0,528351,1,Revisión de Proyectos,tepalcingo-revision-de-proyectos,,"Poligonos coordinados por  Dante Alquicira 2026. Oriente Sur/Tepalcingo, Suhita Rodríguez Cortez/Revisión de Proyectos/Visita de la Sec. de Bienestar, Contraloria y COEVAL para la revisión de proyectos en Buenos Aires 2.jpeg"
FOTO-78B3ADE060,"Visita de la Sec. de Bienestar, Contraloria y COEVAL para la revisión de proyectos en Buenos Aires 3.jpeg",1LbpPkFXpt_XVGDfrrTAl6y89OHCAku5j,https://drive.google.com/file/d/1LbpPkFXpt_XVGDfrrTAl6y89OHCAku5j/view,MUNICIPIO,MOSTRAR_MUNICIPIO,Oriente,Tepalcingo,,Oriente,Tepalcingo,,0,Promotor,Suhita Rodríguez Cortez,,Lote por evento,/foto/FOTO-78B3ADE060,,10,SI,78b3ade0606395a3705d2fa09e0f5f9e195b28ca99cd8c77c740ddc3c5f95929,470475,1,Revisión de Proyectos,tepalcingo-revision-de-proyectos,,"Poligonos coordinados por  Dante Alquicira 2026. Oriente Sur/Tepalcingo, Suhita Rodríguez Cortez/Revisión de Proyectos/Visita de la Sec. de Bienestar, Contraloria y COEVAL para la revisión de proyectos en Buenos Aires 3.jpeg"
FOTO-04CF6D4DA3,Consejo de Pitzotlan. Sesión sobre presupuesto participativo 1.jpeg,108EE_-DP_3aw8lTaRWJE6tLuyp1L_u-F,https://drive.google.com/file/d/108EE_-DP_3aw8lTaRWJE6tLuyp1L_u-F/view,MUNICIPIO,MOSTRAR_MUNICIPIO,Oriente,Tepalcingo,,Oriente,Tepalcingo,,0,Promotor,Suhita Rodríguez Cortez,,Lote por evento,/foto/FOTO-04CF6D4DA3,,10,SI,04cf6d4da3111e0d51da80efdf02d1297d73f715b0d2aa6ee4e2fe421f44b48e,301051,1,Sesión Presupuesto Participativo,tepalcingo-sesion-presupuesto-participativo,,"Poligonos coordinados por  Dante Alquicira 2026. Oriente Sur/Tepalcingo, Suhita Rodríguez Cortez/Sesión Presupuesto Participativo/Consejo de Pitzotlan. Sesión sobre presupuesto participativo 1.jpeg"
FOTO-7564B99CFF,Consejo de Pitzotlan. Sesión sobre presupuesto participativo 2.jpeg,1ZtASx1goF4kyrCQfXept6EAQmFjKqMJB,https://drive.google.com/file/d/1ZtASx1goF4kyrCQfXept6EAQmFjKqMJB/view,MUNICIPIO,MOSTRAR_MUNICIPIO,Oriente,Tepalcingo,,Oriente,Tepalcingo,,0,Promotor,Suhita Rodríguez Cortez,,Lote por evento,/foto/FOTO-7564B99CFF,,10,SI,7564b99cff0e9a8dc25767b8660566ce6f6175e348e7998afd98e539bf3f59d9,300016,1,Sesión Presupuesto Participativo,tepalcingo-sesion-presupuesto-participativo,,"Poligonos coordinados por  Dante Alquicira 2026. Oriente Sur/Tepalcingo, Suhita Rodríguez Cortez/Sesión Presupuesto Participativo/Consejo de Pitzotlan. Sesión sobre presupuesto participativo 2.jpeg"
FOTO-F7B3F734A6,Consejo de Pitzotlan. Sesión sobre presupuesto participativo 3.jpeg,1VKeTSUKr9Y8hgssgLf4hqVBSOREusOTv,https://drive.google.com/file/d/1VKeTSUKr9Y8hgssgLf4hqVBSOREusOTv/view,MUNICIPIO,MOSTRAR_MUNICIPIO,Oriente,Tepalcingo,,Oriente,Tepalcingo,,0,Promotor,Suhita Rodríguez Cortez,,Lote por evento,/foto/FOTO-F7B3F734A6,,10,SI,f7b3f734a64570b5e5e4ef371b9a4970a9093f9e2807c5838629dcac929d6f3b,272971,1,Sesión Presupuesto Participativo,tepalcingo-sesion-presupuesto-participativo,,"Poligonos coordinados por  Dante Alquicira 2026. Oriente Sur/Tepalcingo, Suhita Rodríguez Cortez/Sesión Presupuesto Participativo/Consejo de Pitzotlan. Sesión sobre presupuesto participativo 3.jpeg"
FOTO-0494C85863,Consejo de Pitzotlan. Sesión sobre presupuesto participativo 4.jpeg,1q49MXH53mg9O4PMgU7FJtmCM8JmsxFpg,https://drive.google.com/file/d/1q49MXH53mg9O4PMgU7FJtmCM8JmsxFpg/view,MUNICIPIO,MOSTRAR_MUNICIPIO,Oriente,Tepalcingo,,Oriente,Tepalcingo,,0,Promotor,Suhita Rodríguez Cortez,,Lote por evento,/foto/FOTO-0494C85863,,10,SI,0494c8586309dd468ed7c9ef88a7138cbbc86343e278a4d797913f7721b5ad27,274553,1,Sesión Presupuesto Participativo,tepalcingo-sesion-presupuesto-participativo,,"Poligonos coordinados por  Dante Alquicira 2026. Oriente Sur/Tepalcingo, Suhita Rodríguez Cortez/Sesión Presupuesto Participativo/Consejo de Pitzotlan. Sesión sobre presupuesto participativo 4.jpeg"
FOTO-E60754F625,Consejo de Pitzotlan. Sesión sobre presupuesto participativo 5.jpeg,1RFe_gByw30MRSwJT4y9sVALSh1F92n2l,https://drive.google.com/file/d/1RFe_gByw30MRSwJT4y9sVALSh1F92n2l/view,MUNICIPIO,MOSTRAR_MUNICIPIO,Oriente,Tepalcingo,,Oriente,Tepalcingo,,0,Promotor,Suhita Rodríguez Cortez,,Lote por evento,/foto/FOTO-E60754F625,,10,SI,e60754f6258db372c86ad6e0aa1be95b4b61ff4f3a4f62cb1418b9af43fe354d,270956,1,Sesión Presupuesto Participativo,tepalcingo-sesion-presupuesto-participativo,,"Poligonos coordinados por  Dante Alquicira 2026. Oriente Sur/Tepalcingo, Suhita Rodríguez Cortez/Sesión Presupuesto Participativo/Consejo de Pitzotlan. Sesión sobre presupuesto participativo 5.jpeg"
FOTO-116C7723E9,Consejo de Pitzotlan. Sesión sobre presupuesto participativo 6.jpeg,19uU9aNqr6vqsDTAsXQkP415608CoaTNj,https://drive.google.com/file/d/19uU9aNqr6vqsDTAsXQkP415608CoaTNj/view,MUNICIPIO,MOSTRAR_MUNICIPIO,Oriente,Tepalcingo,,Oriente,Tepalcingo,,0,Promotor,Suhita Rodríguez Cortez,,Lote por evento,/foto/FOTO-116C7723E9,,10,SI,116c7723e94da79ea4c8c96a479af349f9faf8afb1190f095f803169f7bd3eb6,289989,1,Sesión Presupuesto Participativo,tepalcingo-sesion-presupuesto-participativo,,"Poligonos coordinados por  Dante Alquicira 2026. Oriente Sur/Tepalcingo, Suhita Rodríguez Cortez/Sesión Presupuesto Participativo/Consejo de Pitzotlan. Sesión sobre presupuesto participativo 6.jpeg"
FOTO-3326211C0F,Exposición en Pitzotlán de los talleres de pintura en la Joya y Buenos Aires 1  2026-09-11.jpeg,1_eyvBm7cQN0-Esc6m2W3qQxfwhtkLtm-,https://drive.google.com/file/d/1_eyvBm7cQN0-Esc6m2W3qQxfwhtkLtm-/view,MUNICIPIO,MOSTRAR_MUNICIPIO,Oriente,Tepalcingo,,Oriente,Tepalcingo,,0,Promotor,Suhita Rodríguez Cortez,,Lote por evento,/foto/FOTO-3326211C0F,,10,SI,3326211c0fd1ede4dff77a05c9b0ffd69ec91553e90213000415d3e1712084e3,142963,1,Talleres Culturales,tepalcingo-talleres-culturales,2026-09-11,"Poligonos coordinados por  Dante Alquicira 2026. Oriente Sur/Tepalcingo, Suhita Rodríguez Cortez/Talleres Culturales/Exposición en Pitzotlán de los talleres de pintura en la Joya y Buenos Aires 1  2026-09-11.jpeg"
FOTO-B42F061C43,Exposición en Pitzotlán de los talleres de pintura en la Joya y Buenos Aires 2  2026-09-11.jpeg,1goyG-dlanEYq2Tdi2h6Djgv9uvRvkWeM,https://drive.google.com/file/d/1goyG-dlanEYq2Tdi2h6Djgv9uvRvkWeM/view,MUNICIPIO,MOSTRAR_MUNICIPIO,Oriente,Tepalcingo,,Oriente,Tepalcingo,,0,Promotor,Suhita Rodríguez Cortez,,Lote por evento,/foto/FOTO-B42F061C43,,10,SI,b42f061c43de92f71e9319ed841061ad77e20160c63d0f052f710c50d550fd8c,205680,1,Talleres Culturales,tepalcingo-talleres-culturales,2026-09-11,"Poligonos coordinados por  Dante Alquicira 2026. Oriente Sur/Tepalcingo, Suhita Rodríguez Cortez/Talleres Culturales/Exposición en Pitzotlán de los talleres de pintura en la Joya y Buenos Aires 2  2026-09-11.jpeg"
FOTO-B9DE0446AB,Exposición en Pitzotlán de los talleres de pintura en la Joya y Buenos Aires 3  2026-09-11.jpeg,1_mWjvIK5XsOzoSdTameKzLV5pDPpqPsv,https://drive.google.com/file/d/1_mWjvIK5XsOzoSdTameKzLV5pDPpqPsv/view,MUNICIPIO,MOSTRAR_MUNICIPIO,Oriente,Tepalcingo,,Oriente,Tepalcingo,,0,Promotor,Suhita Rodríguez Cortez,,Lote por evento,/foto/FOTO-B9DE0446AB,,10,SI,b9de0446abb89f674f940f2a047de55b6938b1d20fe897cf4985cd80f548015e,199680,1,Talleres Culturales,tepalcingo-talleres-culturales,2026-09-11,"Poligonos coordinados por  Dante Alquicira 2026. Oriente Sur/Tepalcingo, Suhita Rodríguez Cortez/Talleres Culturales/Exposición en Pitzotlán de los talleres de pintura en la Joya y Buenos Aires 3  2026-09-11.jpeg"
FOTO-1E6AB62903,Exposición en Pitzotlán de los talleres de pintura en la Joya y Buenos Aires 4 2026-09-11.jpeg,1-QJieUFKGuVtEchoRd-NUYj7yZWt8mcK,https://drive.google.com/file/d/1-QJieUFKGuVtEchoRd-NUYj7yZWt8mcK/view,MUNICIPIO,MOSTRAR_MUNICIPIO,Oriente,Tepalcingo,,Oriente,Tepalcingo,,0,Promotor,Suhita Rodríguez Cortez,,Lote por evento,/foto/FOTO-1E6AB62903,,10,SI,1e6ab62903cda293de3afc755c625d409d747ee6020157e8c995b26d266546df,199340,1,Talleres Culturales,tepalcingo-talleres-culturales,2026-09-11,"Poligonos coordinados por  Dante Alquicira 2026. Oriente Sur/Tepalcingo, Suhita Rodríguez Cortez/Talleres Culturales/Exposición en Pitzotlán de los talleres de pintura en la Joya y Buenos Aires 4 2026-09-11.jpeg"
FOTO-1838EA4664,Exposición en Pitzotlán de los talleres de pintura en la Joya y Buenos Aires 5  2026-09-11.jpeg,1NnqrNzewt1PNmsny8pgnRn4G3N1EcXS6,https://drive.google.com/file/d/1NnqrNzewt1PNmsny8pgnRn4G3N1EcXS6/view,MUNICIPIO,MOSTRAR_MUNICIPIO,Oriente,Tepalcingo,,Oriente,Tepalcingo,,0,Promotor,Suhita Rodríguez Cortez,,Lote por evento,/foto/FOTO-1838EA4664,,10,SI,1838ea46647726709c7f998c843d648f16aa29a76003ad593d0f14fb7d96d5fd,225878,1,Talleres Culturales,tepalcingo-talleres-culturales,2026-09-11,"Poligonos coordinados por  Dante Alquicira 2026. Oriente Sur/Tepalcingo, Suhita Rodríguez Cortez/Talleres Culturales/Exposición en Pitzotlán de los talleres de pintura en la Joya y Buenos Aires 5  2026-09-11.jpeg"
FOTO-323749F026,"Taller de escultura, 2 Buenos Aires, Tepalcingo 2026-08-26.jpeg",1B1_WY5pRaVAopqn2iieZoXBBiW8e4tp_,https://drive.google.com/file/d/1B1_WY5pRaVAopqn2iieZoXBBiW8e4tp_/view,MUNICIPIO,MOSTRAR_MUNICIPIO,Oriente,Tepalcingo,,Oriente,Tepalcingo,,0,Promotor,Suhita Rodríguez Cortez,,Lote por evento,/foto/FOTO-323749F026,,10,SI,323749f026c924de8962800fe5564359b16993514872ae2cd38bc62b6dcd3c82,243016,1,Talleres Culturales,tepalcingo-talleres-culturales,2026-08-26,"Poligonos coordinados por  Dante Alquicira 2026. Oriente Sur/Tepalcingo, Suhita Rodríguez Cortez/Talleres Culturales/Taller de escultura, 2 Buenos Aires, Tepalcingo 2026-08-26.jpeg"
FOTO-81074C2305,"Taller de escultura, Buenos Aires, Tepalcingo 2026-08-26.jpeg",1H1aceQEhfMBM6GITSoyZ-o-aHIEF33ZG,https://drive.google.com/file/d/1H1aceQEhfMBM6GITSoyZ-o-aHIEF33ZG/view,MUNICIPIO,MOSTRAR_MUNICIPIO,Oriente,Tepalcingo,,Oriente,Tepalcingo,,0,Promotor,Suhita Rodríguez Cortez,,Lote por evento,/foto/FOTO-81074C2305,,10,SI,81074c23059cf7c6a52b6132e3a9a3305c9d248ddab0178f27872199b60026e8,220573,1,Talleres Culturales,tepalcingo-talleres-culturales,2026-08-26,"Poligonos coordinados por  Dante Alquicira 2026. Oriente Sur/Tepalcingo, Suhita Rodríguez Cortez/Talleres Culturales/Taller de escultura, Buenos Aires, Tepalcingo 2026-08-26.jpeg"
FOTO-0393F92A73,"Taller de pintura, la Joya 2, Tepalcingo 2026-08-26.jpeg",1C4536fqrKVNTuoOqTkj6kDDnDa-egO9s,https://drive.google.com/file/d/1C4536fqrKVNTuoOqTkj6kDDnDa-egO9s/view,MUNICIPIO,MOSTRAR_MUNICIPIO,Oriente,Tepalcingo,,Oriente,Tepalcingo,,0,Promotor,Suhita Rodríguez Cortez,,Lote por evento,/foto/FOTO-0393F92A73,,10,SI,0393f92a73d62eb7fe7bb31e65e6aae5dc002d1e4ea9ee3675b6027899f28785,296855,1,Talleres Culturales,tepalcingo-talleres-culturales,2026-08-26,"Poligonos coordinados por  Dante Alquicira 2026. Oriente Sur/Tepalcingo, Suhita Rodríguez Cortez/Talleres Culturales/Taller de pintura, la Joya 2, Tepalcingo 2026-08-26.jpeg"
FOTO-85D5207C53,"Taller de pintura, la Joya 3, Tepalcingo 2026-08-26.jpeg",1hcbrMls6OREqYMI2BjFWBrakKliBRIUG,https://drive.google.com/file/d/1hcbrMls6OREqYMI2BjFWBrakKliBRIUG/view,MUNICIPIO,MOSTRAR_MUNICIPIO,Oriente,Tepalcingo,,Oriente,Tepalcingo,,0,Promotor,Suhita Rodríguez Cortez,,Lote por evento,/foto/FOTO-85D5207C53,,10,SI,85d5207c53be6ccc446bf720b38ccd6e73f4d313d92a9c9db97d95713f9b9ea9,425102,1,Talleres Culturales,tepalcingo-talleres-culturales,2026-08-26,"Poligonos coordinados por  Dante Alquicira 2026. Oriente Sur/Tepalcingo, Suhita Rodríguez Cortez/Talleres Culturales/Taller de pintura, la Joya 3, Tepalcingo 2026-08-26.jpeg"
FOTO-09D19E98AB,"Taller de pintura, la Joya 4, Tepalcingo 2026-08-26.jpeg",1WQXpgyG6X2rwf4gdhd6CQCQuwhLTAic5,https://drive.google.com/file/d/1WQXpgyG6X2rwf4gdhd6CQCQuwhLTAic5/view,MUNICIPIO,MOSTRAR_MUNICIPIO,Oriente,Tepalcingo,,Oriente,Tepalcingo,,0,Promotor,Suhita Rodríguez Cortez,,Lote por evento,/foto/FOTO-09D19E98AB,,10,SI,09d19e98aba3a1125e1eab73ee746a16e45234731cfa729832ceccdd245c2145,370249,1,Talleres Culturales,tepalcingo-talleres-culturales,2026-08-26,"Poligonos coordinados por  Dante Alquicira 2026. Oriente Sur/Tepalcingo, Suhita Rodríguez Cortez/Talleres Culturales/Taller de pintura, la Joya 4, Tepalcingo 2026-08-26.jpeg"
FOTO-10BD8C41A9,"Taller de pintura, la Joya, Tepalcingo 2026-08-26.jpeg",1KLf2Sa2ZrTUNcc5OmJwvmhcpxF_gzmpF,https://drive.google.com/file/d/1KLf2Sa2ZrTUNcc5OmJwvmhcpxF_gzmpF/view,MUNICIPIO,MOSTRAR_MUNICIPIO,Oriente,Tepalcingo,,Oriente,Tepalcingo,,0,Promotor,Suhita Rodríguez Cortez,,Lote por evento,/foto/FOTO-10BD8C41A9,,10,SI,10bd8c41a94476aeafe477bb4bd01964ea0543e3ae84f3e098c9127a0c575bf6,323774,1,Talleres Culturales,tepalcingo-talleres-culturales,2026-08-26,"Poligonos coordinados por  Dante Alquicira 2026. Oriente Sur/Tepalcingo, Suhita Rodríguez Cortez/Talleres Culturales/Taller de pintura, la Joya, Tepalcingo 2026-08-26.jpeg"
FOTO-F39117AC84,"Taller de Pintura, la Joya, Tepalcingo, 52026-08-26.jpeg",16WXUVgn3gavEF_J8CP2AbTEKFWv1UNqC,https://drive.google.com/file/d/16WXUVgn3gavEF_J8CP2AbTEKFWv1UNqC/view,MUNICIPIO,MOSTRAR_MUNICIPIO,Oriente,Tepalcingo,,Oriente,Tepalcingo,,0,Promotor,Suhita Rodríguez Cortez,,Lote por evento,/foto/FOTO-F39117AC84,,10,SI,f39117ac84b8c04773fa104d9df63aed2e62d323e782e3f48a89f4ee6bcc54c6,344752,1,Talleres Culturales,tepalcingo-talleres-culturales,2026-08-26,"Poligonos coordinados por  Dante Alquicira 2026. Oriente Sur/Tepalcingo, Suhita Rodríguez Cortez/Talleres Culturales/Taller de Pintura, la Joya, Tepalcingo, 52026-08-26.jpeg"
FOTO-DAF8AFCD48,"Tallerita de Buenos Aires, Tepalcingo 1 2026-09-09.jpeg",1p0U9wN0CMO7-SkF0iKx-mmbsXBL1XncL,https://drive.google.com/file/d/1p0U9wN0CMO7-SkF0iKx-mmbsXBL1XncL/view,MUNICIPIO,MOSTRAR_MUNICIPIO,Oriente,Tepalcingo,,Oriente,Tepalcingo,,0,Promotor,Suhita Rodríguez Cortez,,Lote por evento,/foto/FOTO-DAF8AFCD48,,10,SI,daf8afcd4825400fa1a4a0b1d2c7c4085a4c4358ebe11b114ba06ba3fc246128,211785,1,Talleres Culturales,tepalcingo-talleres-culturales,2026-09-09,"Poligonos coordinados por  Dante Alquicira 2026. Oriente Sur/Tepalcingo, Suhita Rodríguez Cortez/Talleres Culturales/Tallerita de Buenos Aires, Tepalcingo 1 2026-09-09.jpeg"
FOTO-89D539A264,"Tallerita de Buenos Aires, Tepalcingo 2 2026-09-09.jpeg",14pfAhXdnfVc3WGp5QwBgM4mPhObqAyqv,https://drive.google.com/file/d/14pfAhXdnfVc3WGp5QwBgM4mPhObqAyqv/view,MUNICIPIO,MOSTRAR_MUNICIPIO,Oriente,Tepalcingo,,Oriente,Tepalcingo,,0,Promotor,Suhita Rodríguez Cortez,,Lote por evento,/foto/FOTO-89D539A264,,10,SI,89d539a264d8e793ed3a3cdf5982118138737d2eaafd2126a9a32b9d739e55ef,221592,1,Talleres Culturales,tepalcingo-talleres-culturales,2026-09-09,"Poligonos coordinados por  Dante Alquicira 2026. Oriente Sur/Tepalcingo, Suhita Rodríguez Cortez/Talleres Culturales/Tallerita de Buenos Aires, Tepalcingo 2 2026-09-09.jpeg"
FOTO-55FCF3BA0A,"Tallerita de Buenos Aires, Tepalcingo 32026-09-09.jpeg",1xdGUiZiNu3ls-4VrL90zSKfuqWhrTro3,https://drive.google.com/file/d/1xdGUiZiNu3ls-4VrL90zSKfuqWhrTro3/view,MUNICIPIO,MOSTRAR_MUNICIPIO,Oriente,Tepalcingo,,Oriente,Tepalcingo,,0,Promotor,Suhita Rodríguez Cortez,,Lote por evento,/foto/FOTO-55FCF3BA0A,,10,SI,55fcf3ba0a1df07a24b5d008d40c6287de13595ba3d8afc4cb8b1f77008e1153,183730,1,Talleres Culturales,tepalcingo-talleres-culturales,2026-09-09,"Poligonos coordinados por  Dante Alquicira 2026. Oriente Sur/Tepalcingo, Suhita Rodríguez Cortez/Talleres Culturales/Tallerita de Buenos Aires, Tepalcingo 32026-09-09.jpeg"
FOTO-5849BEB112,Techumbre de Pitzotlan 1.jpeg,1OFklUcTT-oDn1TWgaJS_gAgQb5-j9Kov,https://drive.google.com/file/d/1OFklUcTT-oDn1TWgaJS_gAgQb5-j9Kov/view,MUNICIPIO,MOSTRAR_MUNICIPIO,Oriente,Tepalcingo,,Oriente,Tepalcingo,,0,Promotor,Suhita Rodríguez Cortez,,Lote por evento,/foto/FOTO-5849BEB112,,10,SI,5849beb112d01562c95cef54bd248e6ed44d6ac63ef0a312d12cb9e02e905265,495981,1,Techumbre,tepalcingo-techumbre,,"Poligonos coordinados por  Dante Alquicira 2026. Oriente Sur/Tepalcingo, Suhita Rodríguez Cortez/Techumbre }/Techumbre de Pitzotlan 1.jpeg"
FOTO-8130D06260,Techumbre de Pitzotlan 2.jpeg,1YrnJUJcmMIckqdqys7rIISw3w5Yl5WKn,https://drive.google.com/file/d/1YrnJUJcmMIckqdqys7rIISw3w5Yl5WKn/view,MUNICIPIO,MOSTRAR_MUNICIPIO,Oriente,Tepalcingo,,Oriente,Tepalcingo,,0,Promotor,Suhita Rodríguez Cortez,,Lote por evento,/foto/FOTO-8130D06260,,10,SI,8130d0626008d965ae644d2532be7063f7e8e068cd39b60d766c68a7a10b01be,296555,1,Techumbre,tepalcingo-techumbre,,"Poligonos coordinados por  Dante Alquicira 2026. Oriente Sur/Tepalcingo, Suhita Rodríguez Cortez/Techumbre }/Techumbre de Pitzotlan 2.jpeg"
FOTO-69ED220A47,Techumbre de Pitzotlan 3.jpeg,1t58qOZFJq_kTJjS1cTXX9nLWkS-iC1G6,https://drive.google.com/file/d/1t58qOZFJq_kTJjS1cTXX9nLWkS-iC1G6/view,MUNICIPIO,MOSTRAR_MUNICIPIO,Oriente,Tepalcingo,,Oriente,Tepalcingo,,0,Promotor,Suhita Rodríguez Cortez,,Lote por evento,/foto/FOTO-69ED220A47,,10,SI,69ed220a476d5dd1a48735d262f64ad6b2835b3846355421a8e33a5e786c693e,334446,1,Techumbre,tepalcingo-techumbre,,"Poligonos coordinados por  Dante Alquicira 2026. Oriente Sur/Tepalcingo, Suhita Rodríguez Cortez/Techumbre }/Techumbre de Pitzotlan 3.jpeg"
FOTO-5EC7FAD1C7,"Faena comunitaria en Buenos Aires, Tepalcingo 1 2026-09-06.jpeg",16rHDAhSC5BgtQNht0NaoY1DpLI8XB88t,https://drive.google.com/file/d/16rHDAhSC5BgtQNht0NaoY1DpLI8XB88t/view,MUNICIPIO,MOSTRAR_MUNICIPIO,Oriente,Tepalcingo,,Oriente,Tepalcingo,,0,Promotor,Suhita Rodríguez Cortez,,Lote por evento,/foto/FOTO-5EC7FAD1C7,,10,SI,5ec7fad1c7e6dd37f6ab43d66f2ef07b997e55bbb28565d4d610539451a3a14e,306835,1,Tequio-Faena,tepalcingo-tequio-faena,2026-09-06,"Poligonos coordinados por  Dante Alquicira 2026. Oriente Sur/Tepalcingo, Suhita Rodríguez Cortez/Tequio-Faena/Faena comunitaria en Buenos Aires, Tepalcingo 1 2026-09-06.jpeg"
FOTO-A4BC332CB1,"Faena comunitaria en Buenos Aires, Tepalcingo 2 2026-09-06.jpeg",1gQbQ7EwsYEM2RTxcyKiyT2Rxx2R0qVKH,https://drive.google.com/file/d/1gQbQ7EwsYEM2RTxcyKiyT2Rxx2R0qVKH/view,MUNICIPIO,MOSTRAR_MUNICIPIO,Oriente,Tepalcingo,,Oriente,Tepalcingo,,0,Promotor,Suhita Rodríguez Cortez,,Lote por evento,/foto/FOTO-A4BC332CB1,,10,SI,a4bc332cb1bd616a55e11c037fc8f08faf5d56afb61f264f8bee154b57d5268f,368949,1,Tequio-Faena,tepalcingo-tequio-faena,2026-09-06,"Poligonos coordinados por  Dante Alquicira 2026. Oriente Sur/Tepalcingo, Suhita Rodríguez Cortez/Tequio-Faena/Faena comunitaria en Buenos Aires, Tepalcingo 2 2026-09-06.jpeg"
FOTO-83B1AF821D,"Faena comunitaria en Buenos Aires, Tepalcingo 3 2026-09-06.jpeg",1rFDe-sOzf1vdvMCsgyemtexg0vG_e-FJ,https://drive.google.com/file/d/1rFDe-sOzf1vdvMCsgyemtexg0vG_e-FJ/view,MUNICIPIO,MOSTRAR_MUNICIPIO,Oriente,Tepalcingo,,Oriente,Tepalcingo,,0,Promotor,Suhita Rodríguez Cortez,,Lote por evento,/foto/FOTO-83B1AF821D,,10,SI,83b1af821d71730411863a6e7f94ff8037e86d7f1e574a6ba3b7079b60868211,314692,1,Tequio-Faena,tepalcingo-tequio-faena,2026-09-06,"Poligonos coordinados por  Dante Alquicira 2026. Oriente Sur/Tepalcingo, Suhita Rodríguez Cortez/Tequio-Faena/Faena comunitaria en Buenos Aires, Tepalcingo 3 2026-09-06.jpeg"
FOTO-4C9EFF9F27,"Faena comunitaria en Buenos Aires, Tepalcingo 4 2026-09-06.jpeg",1rMSqJ52RFYQkYGvPqEeE1yv2BHHIHdI6,https://drive.google.com/file/d/1rMSqJ52RFYQkYGvPqEeE1yv2BHHIHdI6/view,MUNICIPIO,MOSTRAR_MUNICIPIO,Oriente,Tepalcingo,,Oriente,Tepalcingo,,0,Promotor,Suhita Rodríguez Cortez,,Lote por evento,/foto/FOTO-4C9EFF9F27,,10,SI,4c9eff9f27a87c1748fbb444d0f09f06d4f26430094a839a15b63670d403fab7,535451,1,Tequio-Faena,tepalcingo-tequio-faena,2026-09-06,"Poligonos coordinados por  Dante Alquicira 2026. Oriente Sur/Tepalcingo, Suhita Rodríguez Cortez/Tequio-Faena/Faena comunitaria en Buenos Aires, Tepalcingo 4 2026-09-06.jpeg"
FOTO-50595D871B,"Faena comunitaria en Buenos Aires, Tepalcingo 5 2026-09-06.jpeg",1yqHW-pQi7kcI9SyWRFo57Fbzr6wR_Ko3,https://drive.google.com/file/d/1yqHW-pQi7kcI9SyWRFo57Fbzr6wR_Ko3/view,MUNICIPIO,MOSTRAR_MUNICIPIO,Oriente,Tepalcingo,,Oriente,Tepalcingo,,0,Promotor,Suhita Rodríguez Cortez,,Lote por evento,/foto/FOTO-50595D871B,,10,SI,50595d871b95bba90f3f2f22443aadaa06fc226ba6228e648738c16266fbbf17,565741,1,Tequio-Faena,tepalcingo-tequio-faena,2026-09-06,"Poligonos coordinados por  Dante Alquicira 2026. Oriente Sur/Tepalcingo, Suhita Rodríguez Cortez/Tequio-Faena/Faena comunitaria en Buenos Aires, Tepalcingo 5 2026-09-06.jpeg"
FOTO-F6D8C598B7,"Faena comunitaria en Buenos Aires, Tepalcingo 6 2026-09-06.jpeg",1niJGRDsU21raSj9iztn_aeurbSEKYx2S,https://drive.google.com/file/d/1niJGRDsU21raSj9iztn_aeurbSEKYx2S/view,MUNICIPIO,MOSTRAR_MUNICIPIO,Oriente,Tepalcingo,,Oriente,Tepalcingo,,0,Promotor,Suhita Rodríguez Cortez,,Lote por evento,/foto/FOTO-F6D8C598B7,,10,SI,f6d8c598b75a23a2e01278df1f5db61087a1911a0ae4418de9505a73a8e881a1,565983,1,Tequio-Faena,tepalcingo-tequio-faena,2026-09-06,"Poligonos coordinados por  Dante Alquicira 2026. Oriente Sur/Tepalcingo, Suhita Rodríguez Cortez/Tequio-Faena/Faena comunitaria en Buenos Aires, Tepalcingo 6 2026-09-06.jpeg"
FOTO-7F7324EA1A,"Faena comunitaria en Buenos Aires, Tepalcingo 7 2026-09-06.jpeg",1BeZHLxQ0sV6xqj7Dc0wcOkyUnD9flMkU,https://drive.google.com/file/d/1BeZHLxQ0sV6xqj7Dc0wcOkyUnD9flMkU/view,MUNICIPIO,MOSTRAR_MUNICIPIO,Oriente,Tepalcingo,,Oriente,Tepalcingo,,0,Promotor,Suhita Rodríguez Cortez,,Lote por evento,/foto/FOTO-7F7324EA1A,,10,SI,7f7324ea1acf9e328fa1b929e021775eb3522930bf517eed33da44f0126b1786,580719,1,Tequio-Faena,tepalcingo-tequio-faena,2026-09-06,"Poligonos coordinados por  Dante Alquicira 2026. Oriente Sur/Tepalcingo, Suhita Rodríguez Cortez/Tequio-Faena/Faena comunitaria en Buenos Aires, Tepalcingo 7 2026-09-06.jpeg"
FOTO-951EBD3A0F,"Faena comunitaria en Buenos Aires, Tepalcingo 8 2026-09-06.jpeg",1xSUkAJ1GkJ4PtpgRqIgc_v99djXQqXu3,https://drive.google.com/file/d/1xSUkAJ1GkJ4PtpgRqIgc_v99djXQqXu3/view,MUNICIPIO,MOSTRAR_MUNICIPIO,Oriente,Tepalcingo,,Oriente,Tepalcingo,,0,Promotor,Suhita Rodríguez Cortez,,Lote por evento,/foto/FOTO-951EBD3A0F,,10,SI,951ebd3a0fec838addf0a25d959128f3f418cf50ae350bf4ef1fa48d5ce767f0,426470,1,Tequio-Faena,tepalcingo-tequio-faena,2026-09-06,"Poligonos coordinados por  Dante Alquicira 2026. Oriente Sur/Tepalcingo, Suhita Rodríguez Cortez/Tequio-Faena/Faena comunitaria en Buenos Aires, Tepalcingo 8 2026-09-06.jpeg"
FOTO-3C579B6BB7,"Faena comunitaria en Buenos Aires, Tepalcingo 9 2026-09-06.jpeg",1RxTVsk6-JbDRkAZJEVeYvr5vjsK7wXNk,https://drive.google.com/file/d/1RxTVsk6-JbDRkAZJEVeYvr5vjsK7wXNk/view,MUNICIPIO,MOSTRAR_MUNICIPIO,Oriente,Tepalcingo,,Oriente,Tepalcingo,,0,Promotor,Suhita Rodríguez Cortez,,Lote por evento,/foto/FOTO-3C579B6BB7,,10,SI,3c579b6bb714513828dff048c6500c8d6c4016ca6df1ec5d925ca283e24aff05,328601,1,Tequio-Faena,tepalcingo-tequio-faena,2026-09-06,"Poligonos coordinados por  Dante Alquicira 2026. Oriente Sur/Tepalcingo, Suhita Rodríguez Cortez/Tequio-Faena/Faena comunitaria en Buenos Aires, Tepalcingo 9 2026-09-06.jpeg"
FOTO-FE1A201D15,"Faena en el Mirador, Tepalcingo 1 2026-09-06.jpeg",1fQJmm5BCIURr5jjWKgzCJoEdl9ImoOwl,https://drive.google.com/file/d/1fQJmm5BCIURr5jjWKgzCJoEdl9ImoOwl/view,MUNICIPIO,MOSTRAR_MUNICIPIO,Oriente,Tepalcingo,,Oriente,Tepalcingo,,0,Promotor,Suhita Rodríguez Cortez,,Lote por evento,/foto/FOTO-FE1A201D15,,10,SI,fe1a201d1501eb63b7427c0a109d937cdebf500aa44f570e1f49c060782e5182,462299,1,Tequio-Faena,tepalcingo-tequio-faena,2026-09-06,"Poligonos coordinados por  Dante Alquicira 2026. Oriente Sur/Tepalcingo, Suhita Rodríguez Cortez/Tequio-Faena/Faena en el Mirador, Tepalcingo 1 2026-09-06.jpeg"
FOTO-1E7414C264,"Faena en el Mirador, Tepalcingo 2 2026-09-06.jpeg",1ja5ur0xV3cZpEAN3R8m0n7Y6lNnvfz_0,https://drive.google.com/file/d/1ja5ur0xV3cZpEAN3R8m0n7Y6lNnvfz_0/view,MUNICIPIO,MOSTRAR_MUNICIPIO,Oriente,Tepalcingo,,Oriente,Tepalcingo,,0,Promotor,Suhita Rodríguez Cortez,,Lote por evento,/foto/FOTO-1E7414C264,,10,SI,1e7414c26401ffce4b18b71344e09ba98524e25e18992071521a53ffd0d33ed0,390676,1,Tequio-Faena,tepalcingo-tequio-faena,2026-09-06,"Poligonos coordinados por  Dante Alquicira 2026. Oriente Sur/Tepalcingo, Suhita Rodríguez Cortez/Tequio-Faena/Faena en el Mirador, Tepalcingo 2 2026-09-06.jpeg"
FOTO-DA7534DDA3,"Faena en el Mirador, Tepalcingo 3 2026-09-06.jpeg",1wYKLDrSvIc5kV0CCbDzXA0rBd3Fqojts,https://drive.google.com/file/d/1wYKLDrSvIc5kV0CCbDzXA0rBd3Fqojts/view,MUNICIPIO,MOSTRAR_MUNICIPIO,Oriente,Tepalcingo,,Oriente,Tepalcingo,,0,Promotor,Suhita Rodríguez Cortez,,Lote por evento,/foto/FOTO-DA7534DDA3,,10,SI,da7534dda3d6f9d9a640706be587221fa425daed379cb7eac7ea52af770f6f5c,402449,1,Tequio-Faena,tepalcingo-tequio-faena,2026-09-06,"Poligonos coordinados por  Dante Alquicira 2026. Oriente Sur/Tepalcingo, Suhita Rodríguez Cortez/Tequio-Faena/Faena en el Mirador, Tepalcingo 3 2026-09-06.jpeg"
FOTO-59C6828961,"Faena en el Mirador, Tepalcingo 4 2026-09-06.jpeg",1zuX_DqpDbOeayIUTu-leAoqjhjF-FlMq,https://drive.google.com/file/d/1zuX_DqpDbOeayIUTu-leAoqjhjF-FlMq/view,MUNICIPIO,MOSTRAR_MUNICIPIO,Oriente,Tepalcingo,,Oriente,Tepalcingo,,0,Promotor,Suhita Rodríguez Cortez,,Lote por evento,/foto/FOTO-59C6828961,,10,SI,59c682896171b8d41a679accd085997cbd99a61ba954d5ee099d88e48a032d91,369993,1,Tequio-Faena,tepalcingo-tequio-faena,2026-09-06,"Poligonos coordinados por  Dante Alquicira 2026. Oriente Sur/Tepalcingo, Suhita Rodríguez Cortez/Tequio-Faena/Faena en el Mirador, Tepalcingo 4 2026-09-06.jpeg"
FOTO-9A0E5F970C,"Faena en el Mirador, Tepalcingo 5 2026-09-06.jpeg",1ONbJEfUVHxqZAQm3HHtK1B16nkmQm6UL,https://drive.google.com/file/d/1ONbJEfUVHxqZAQm3HHtK1B16nkmQm6UL/view,MUNICIPIO,MOSTRAR_MUNICIPIO,Oriente,Tepalcingo,,Oriente,Tepalcingo,,0,Promotor,Suhita Rodríguez Cortez,,Lote por evento,/foto/FOTO-9A0E5F970C,,10,SI,9a0e5f970cd7495ac8e0be1530f02e9717545bd23a5b1aa92feb909d7e555c93,443269,1,Tequio-Faena,tepalcingo-tequio-faena,2026-09-06,"Poligonos coordinados por  Dante Alquicira 2026. Oriente Sur/Tepalcingo, Suhita Rodríguez Cortez/Tequio-Faena/Faena en el Mirador, Tepalcingo 5 2026-09-06.jpeg"
FOTO-DEED4024ED,Faena en Tepalcingo 1 2026-09-13.jpeg,1vSa13F5AcGSpsRIhS84AkQP5gvvVC6Iy,https://drive.google.com/file/d/1vSa13F5AcGSpsRIhS84AkQP5gvvVC6Iy/view,MUNICIPIO,MOSTRAR_MUNICIPIO,Oriente,Tepalcingo,,Oriente,Tepalcingo,,0,Promotor,Suhita Rodríguez Cortez,,Lote por evento,/foto/FOTO-DEED4024ED,,10,SI,deed4024eded4017ca26bc6b198faf8010f15104ea9d0c706102f175e9fb8da5,364823,1,Tequio-Faena,tepalcingo-tequio-faena,2026-09-13,"Poligonos coordinados por  Dante Alquicira 2026. Oriente Sur/Tepalcingo, Suhita Rodríguez Cortez/Tequio-Faena/Faena en Tepalcingo 1 2026-09-13.jpeg"
FOTO-BA3A161D57,Faena en Tepalcingo 2 2026-09-13.jpeg,18nLiq3PFjDQCXAaN_pwjG47_q_y7EF4J,https://drive.google.com/file/d/18nLiq3PFjDQCXAaN_pwjG47_q_y7EF4J/view,MUNICIPIO,MOSTRAR_MUNICIPIO,Oriente,Tepalcingo,,Oriente,Tepalcingo,,0,Promotor,Suhita Rodríguez Cortez,,Lote por evento,/foto/FOTO-BA3A161D57,,10,SI,ba3a161d57f28beb64e9b33373ec9f0673119709e893d0f1d66a4af10fff211c,194971,1,Tequio-Faena,tepalcingo-tequio-faena,2026-09-13,"Poligonos coordinados por  Dante Alquicira 2026. Oriente Sur/Tepalcingo, Suhita Rodríguez Cortez/Tequio-Faena/Faena en Tepalcingo 2 2026-09-13.jpeg"
FOTO-22839893EE,Faena en Tepalcingo 3 2026-09-13.jpeg,1p-1hzRp79qfS98p6o3W3q7F2jcnM4OIu,https://drive.google.com/file/d/1p-1hzRp79qfS98p6o3W3q7F2jcnM4OIu/view,MUNICIPIO,MOSTRAR_MUNICIPIO,Oriente,Tepalcingo,,Oriente,Tepalcingo,,0,Promotor,Suhita Rodríguez Cortez,,Lote por evento,/foto/FOTO-22839893EE,,10,SI,22839893eea45aaef0b22b56779dfa5baf8fe49c94001b4fe084ed6750cbef98,252169,1,Tequio-Faena,tepalcingo-tequio-faena,2026-09-13,"Poligonos coordinados por  Dante Alquicira 2026. Oriente Sur/Tepalcingo, Suhita Rodríguez Cortez/Tequio-Faena/Faena en Tepalcingo 3 2026-09-13.jpeg"
FOTO-E840544643,Faena en Tepalcingo 4 2026-09-13.jpeg,1nge6bcNtHSBL3U1tqoug65kUopDfZ5uy,https://drive.google.com/file/d/1nge6bcNtHSBL3U1tqoug65kUopDfZ5uy/view,MUNICIPIO,MOSTRAR_MUNICIPIO,Oriente,Tepalcingo,,Oriente,Tepalcingo,,0,Promotor,Suhita Rodríguez Cortez,,Lote por evento,/foto/FOTO-E840544643,,10,SI,e8405446435b7f27a79a102e8b78f5468c34c8d29eecff63233f358beb698e12,325346,1,Tequio-Faena,tepalcingo-tequio-faena,2026-09-13,"Poligonos coordinados por  Dante Alquicira 2026. Oriente Sur/Tepalcingo, Suhita Rodríguez Cortez/Tequio-Faena/Faena en Tepalcingo 4 2026-09-13.jpeg"
FOTO-6406F98140,Faena en Tepalcingo 5 2026-09-13.jpeg,1FuT3ytiHv0s8jN8666TJF88G2S3XwIQW,https://drive.google.com/file/d/1FuT3ytiHv0s8jN8666TJF88G2S3XwIQW/view,MUNICIPIO,MOSTRAR_MUNICIPIO,Oriente,Tepalcingo,,Oriente,Tepalcingo,,0,Promotor,Suhita Rodríguez Cortez,,Lote por evento,/foto/FOTO-6406F98140,,10,SI,6406f98140b8361038468eabd27098dab0c3e0ce333c7117ffec321dfe837f95,198498,1,Tequio-Faena,tepalcingo-tequio-faena,2026-09-13,"Poligonos coordinados por  Dante Alquicira 2026. Oriente Sur/Tepalcingo, Suhita Rodríguez Cortez/Tequio-Faena/Faena en Tepalcingo 5 2026-09-13.jpeg"
FOTO-5088C34680,Faena en Tepalcingo 6 2026-09-13.jpeg,1i9PM3WKAK-PodkmPVVVL_JI3y9dzYcg5,https://drive.google.com/file/d/1i9PM3WKAK-PodkmPVVVL_JI3y9dzYcg5/view,MUNICIPIO,MOSTRAR_MUNICIPIO,Oriente,Tepalcingo,,Oriente,Tepalcingo,,0,Promotor,Suhita Rodríguez Cortez,,Lote por evento,/foto/FOTO-5088C34680,,10,SI,5088c346804b469c102722f9487692aac6c3db4dbcca4bfd1f14fc797da0d858,259072,1,Tequio-Faena,tepalcingo-tequio-faena,2026-09-13,"Poligonos coordinados por  Dante Alquicira 2026. Oriente Sur/Tepalcingo, Suhita Rodríguez Cortez/Tequio-Faena/Faena en Tepalcingo 6 2026-09-13.jpeg"
FOTO-6F095C2935,Pinta del puente de la Joya como actividad comunitaria 1.jpeg,1IfHdez-adIwragqyIrd3wvnyBItXaMtL,https://drive.google.com/file/d/1IfHdez-adIwragqyIrd3wvnyBItXaMtL/view,MUNICIPIO,MOSTRAR_MUNICIPIO,Oriente,Tepalcingo,,Oriente,Tepalcingo,,0,Promotor,Suhita Rodríguez Cortez,,Lote por evento,/foto/FOTO-6F095C2935,,10,SI,6f095c2935022284bdc0fabf54018e17217db2724a9e627efd231ba4ea2140a6,342593,1,Tequio-Faena,tepalcingo-tequio-faena,,"Poligonos coordinados por  Dante Alquicira 2026. Oriente Sur/Tepalcingo, Suhita Rodríguez Cortez/Tequio-Faena/Pinta del puente de la Joya como actividad comunitaria 1.jpeg"
FOTO-792D4196EC,Pinta del puente de la Joya como actividad comunitaria 2.jpeg,1k-y1oA0l7-tGQ70dJJvHfbdj-c4yi9wn,https://drive.google.com/file/d/1k-y1oA0l7-tGQ70dJJvHfbdj-c4yi9wn/view,MUNICIPIO,MOSTRAR_MUNICIPIO,Oriente,Tepalcingo,,Oriente,Tepalcingo,,0,Promotor,Suhita Rodríguez Cortez,,Lote por evento,/foto/FOTO-792D4196EC,,10,SI,792d4196ec301634a20925389fc62a967c8dadcc50be57164ab440a9f734f95b,319705,1,Tequio-Faena,tepalcingo-tequio-faena,,"Poligonos coordinados por  Dante Alquicira 2026. Oriente Sur/Tepalcingo, Suhita Rodríguez Cortez/Tequio-Faena/Pinta del puente de la Joya como actividad comunitaria 2.jpeg"
FOTO-472B5B9D81,Pinta del puente de la Joya como actividad comunitaria 3.jpeg,1kGs7rBmDrCBpv-P6rcu0rgZbZi7h3LDO,https://drive.google.com/file/d/1kGs7rBmDrCBpv-P6rcu0rgZbZi7h3LDO/view,MUNICIPIO,MOSTRAR_MUNICIPIO,Oriente,Tepalcingo,,Oriente,Tepalcingo,,0,Promotor,Suhita Rodríguez Cortez,,Lote por evento,/foto/FOTO-472B5B9D81,,10,SI,472b5b9d81b83f1cef38fef9394c7d7f294fc86889e8898af5039421e0e294b1,248236,1,Tequio-Faena,tepalcingo-tequio-faena,,"Poligonos coordinados por  Dante Alquicira 2026. Oriente Sur/Tepalcingo, Suhita Rodríguez Cortez/Tequio-Faena/Pinta del puente de la Joya como actividad comunitaria 3.jpeg"
FOTO-676BC189E5,"Pitzotlan, Limpia de terreno para proyecto 1.jpeg",12bxlO0OzDecBVj6BXy6EUi7LoKKHZHK-,https://drive.google.com/file/d/12bxlO0OzDecBVj6BXy6EUi7LoKKHZHK-/view,MUNICIPIO,MOSTRAR_MUNICIPIO,Oriente,Tepalcingo,,Oriente,Tepalcingo,,0,Promotor,Suhita Rodríguez Cortez,,Lote por evento,/foto/FOTO-676BC189E5,,10,SI,676bc189e5a7b4204807a3845598e62b71701984e9dceae7adadecce306c20df,476318,1,Tequio-Faena,tepalcingo-tequio-faena,,"Poligonos coordinados por  Dante Alquicira 2026. Oriente Sur/Tepalcingo, Suhita Rodríguez Cortez/Tequio-Faena/Pitzotlan, Limpia de terreno para proyecto 1.jpeg"
FOTO-B940019F8B,"Pitzotlan, Limpia de terreno para proyecto 2.jpeg",1HV5K-hOrXlJUVKvP_Nf7QXB5pP5dnfTi,https://drive.google.com/file/d/1HV5K-hOrXlJUVKvP_Nf7QXB5pP5dnfTi/view,MUNICIPIO,MOSTRAR_MUNICIPIO,Oriente,Tepalcingo,,Oriente,Tepalcingo,,0,Promotor,Suhita Rodríguez Cortez,,Lote por evento,/foto/FOTO-B940019F8B,,10,SI,b940019f8b96271bf128d8aba1c57950a92f0002908d7d5614e5ebd25e1968de,443589,1,Tequio-Faena,tepalcingo-tequio-faena,,"Poligonos coordinados por  Dante Alquicira 2026. Oriente Sur/Tepalcingo, Suhita Rodríguez Cortez/Tequio-Faena/Pitzotlan, Limpia de terreno para proyecto 2.jpeg"
FOTO-01C4D01271,"Pitzotlan, Limpia de terreno para proyecto 3.jpeg",1HQqg_E0bB9wLL8hfNdjvk4qy6v3pTjNy,https://drive.google.com/file/d/1HQqg_E0bB9wLL8hfNdjvk4qy6v3pTjNy/view,MUNICIPIO,MOSTRAR_MUNICIPIO,Oriente,Tepalcingo,,Oriente,Tepalcingo,,0,Promotor,Suhita Rodríguez Cortez,,Lote por evento,/foto/FOTO-01C4D01271,,10,SI,01c4d012718b49f0178a9a2f2d529bf1d065828470cfa56f0ef80a531c1f3a31,436988,1,Tequio-Faena,tepalcingo-tequio-faena,,"Poligonos coordinados por  Dante Alquicira 2026. Oriente Sur/Tepalcingo, Suhita Rodríguez Cortez/Tequio-Faena/Pitzotlan, Limpia de terreno para proyecto 3.jpeg"
FOTO-0EC56CE39A,"Pitzotlan, Limpia de terreno para proyecto 4.jpeg",1oO3mL_LSwxdZBH8ctzpRJMW4DyGQjcTG,https://drive.google.com/file/d/1oO3mL_LSwxdZBH8ctzpRJMW4DyGQjcTG/view,MUNICIPIO,MOSTRAR_MUNICIPIO,Oriente,Tepalcingo,,Oriente,Tepalcingo,,0,Promotor,Suhita Rodríguez Cortez,,Lote por evento,/foto/FOTO-0EC56CE39A,,10,SI,0ec56ce39a2d5746f83c710f4791936809eed094a7a41b567593fca5464be6fa,470310,1,Tequio-Faena,tepalcingo-tequio-faena,,"Poligonos coordinados por  Dante Alquicira 2026. Oriente Sur/Tepalcingo, Suhita Rodríguez Cortez/Tequio-Faena/Pitzotlan, Limpia de terreno para proyecto 4.jpeg"
FOTO-3FBFE1CFBA,"Trabajo comunitario de la comunidad de Buenos Aires, área de juegos para niños, Petate de Colores 1.jpeg",1vRJYLS014s77cBEjkJkDqrbHje1d0ABc,https://drive.google.com/file/d/1vRJYLS014s77cBEjkJkDqrbHje1d0ABc/view,MUNICIPIO,MOSTRAR_MUNICIPIO,Oriente,Tepalcingo,,Oriente,Tepalcingo,,0,Promotor,Suhita Rodríguez Cortez,,Lote por evento,/foto/FOTO-3FBFE1CFBA,,10,SI,3fbfe1cfbafd84e64ff6bf165fe57d9ef8b09e585caa4d6ea1f49885e9a6260c,397513,1,Tequio-Faena,tepalcingo-tequio-faena,,"Poligonos coordinados por  Dante Alquicira 2026. Oriente Sur/Tepalcingo, Suhita Rodríguez Cortez/Tequio-Faena/Trabajo comunitario de la comunidad de Buenos Aires, área de juegos para niños, Petate de Colores 1.jpeg"
FOTO-7C6696F8F8,"Trabajo comunitario de la comunidad de Buenos Aires, área de juegos para niños, Petate de Colores 2.jpeg",1qnvs-sdr6lJ9h7xcCJhI4LKl5QFePN2e,https://drive.google.com/file/d/1qnvs-sdr6lJ9h7xcCJhI4LKl5QFePN2e/view,MUNICIPIO,MOSTRAR_MUNICIPIO,Oriente,Tepalcingo,,Oriente,Tepalcingo,,0,Promotor,Suhita Rodríguez Cortez,,Lote por evento,/foto/FOTO-7C6696F8F8,,10,SI,7c6696f8f8f3ccc89a1a73d4c8b7b2ebafee60ad2c52703a95e287c64a4476d5,308109,1,Tequio-Faena,tepalcingo-tequio-faena,,"Poligonos coordinados por  Dante Alquicira 2026. Oriente Sur/Tepalcingo, Suhita Rodríguez Cortez/Tequio-Faena/Trabajo comunitario de la comunidad de Buenos Aires, área de juegos para niños, Petate de Colores 2.jpeg"
FOTO-872BC8E242,Beneficiario de Silla de Ruedas..jpeg,1jmLzXCazAdsqs5XozpyCSLCUBcPWenxL,https://drive.google.com/file/d/1jmLzXCazAdsqs5XozpyCSLCUBcPWenxL/view,MUNICIPIO,MOSTRAR_MUNICIPIO,Sur,Coatetelco,,Sur,Coatetelco,,0,Promotor,Elizabeth Teodoro Aguilar,,Lote por evento,/foto/FOTO-872BC8E242,,10,SI,872bc8e242bcedf489a278a29da5e54dfba23fc67f16d2f461ec904e570bf0e5,182421,1,Beneficiario de Silla de Ruedas,coatetelco-beneficiario-de-silla-de-ruedas,,"Poligonos Coordinados por Gustavo Alvarez 2026 SUR/Coatetelco, Elizabeth Teodoro Aguilar/Beneficiario de Silla de Ruedas..jpeg"
FOTO-9E7847EFB8,Consejo 3 de Mayo Coatetelco.jpeg,1LLzNrwqqUr30wGral5SeRyVThEOJbX6O,https://drive.google.com/file/d/1LLzNrwqqUr30wGral5SeRyVThEOJbX6O/view,MUNICIPIO,MOSTRAR_MUNICIPIO,Sur,Coatetelco,,Sur,Coatetelco,,0,Promotor,Elizabeth Teodoro Aguilar,,Lote por evento,/foto/FOTO-9E7847EFB8,,10,SI,9e7847efb8a7c4b7586a49bc4d418d20e5b70d6a3854103f57cd79e7c6a77fca,2159350,1,Consejo comunitario,coatetelco-consejo-comunitario,,"Poligonos Coordinados por Gustavo Alvarez 2026 SUR/Coatetelco, Elizabeth Teodoro Aguilar/Consejo comunitario/Consejo 3 de Mayo Coatetelco.jpeg"
FOTO-2C8C2F8967,"Consejo Beníto Juarez, Coatetelco..jpeg",1VO_PqgGXUW-p5u1YjNGzhoO3Q6Gbn1n-,https://drive.google.com/file/d/1VO_PqgGXUW-p5u1YjNGzhoO3Q6Gbn1n-/view,MUNICIPIO,MOSTRAR_MUNICIPIO,Sur,Coatetelco,,Sur,Coatetelco,,0,Promotor,Elizabeth Teodoro Aguilar,,Lote por evento,/foto/FOTO-2C8C2F8967,,10,SI,2c8c2f89672016253447c1049de061284792f9bc57bbc668cc9b5fb944703832,162403,1,Consejo comunitario,coatetelco-consejo-comunitario,,"Poligonos Coordinados por Gustavo Alvarez 2026 SUR/Coatetelco, Elizabeth Teodoro Aguilar/Consejo comunitario/Consejo Beníto Juarez, Coatetelco..jpeg"
FOTO-5246AFDC5A,"Consejo el Llanito, Coatetelco.jpeg",1k2YLNPBbZ28BkO5T50vjcbldWqHomo9K,https://drive.google.com/file/d/1k2YLNPBbZ28BkO5T50vjcbldWqHomo9K/view,MUNICIPIO,MOSTRAR_MUNICIPIO,Sur,Coatetelco,,Sur,Coatetelco,,0,Promotor,Elizabeth Teodoro Aguilar,,Lote por evento,/foto/FOTO-5246AFDC5A,,10,SI,5246afdc5a23a95f536f9b60c5fbb81707e703216efed47a82df55196cca0c70,258991,1,Consejo comunitario,coatetelco-consejo-comunitario,,"Poligonos Coordinados por Gustavo Alvarez 2026 SUR/Coatetelco, Elizabeth Teodoro Aguilar/Consejo comunitario/Consejo el Llanito, Coatetelco.jpeg"
FOTO-6FBB2C42B8,"Consejo la Coahulotera, Coatetelco.jpeg",1Gtq1PBSfyREuSQ6mUA42AImD87dY4INi,https://drive.google.com/file/d/1Gtq1PBSfyREuSQ6mUA42AImD87dY4INi/view,MUNICIPIO,MOSTRAR_MUNICIPIO,Sur,Coatetelco,,Sur,Coatetelco,,0,Promotor,Elizabeth Teodoro Aguilar,,Lote por evento,/foto/FOTO-6FBB2C42B8,,10,SI,6fbb2c42b8e58a722ffc93fc1b0ec9a2628f5ee34ea78498f662e23cc264e94c,306360,1,Consejo comunitario,coatetelco-consejo-comunitario,,"Poligonos Coordinados por Gustavo Alvarez 2026 SUR/Coatetelco, Elizabeth Teodoro Aguilar/Consejo comunitario/Consejo la Coahulotera, Coatetelco.jpeg"
FOTO-C008D7A2FC,Reunión con Consejo Coatetelco  3 2026-05-30 at 4.06.11 PM.jpeg,1nBqnF4n7H3u4a0RSutHUUM4FMNfdfOUg,https://drive.google.com/file/d/1nBqnF4n7H3u4a0RSutHUUM4FMNfdfOUg/view,MUNICIPIO,MOSTRAR_MUNICIPIO,Sur,Coatetelco,,Sur,Coatetelco,,0,Promotor,Elizabeth Teodoro Aguilar,,Lote por evento,/foto/FOTO-C008D7A2FC,,10,SI,c008d7a2fc704fa124a6638df8cd9bd627df52e88ac6a7dbe9f791cbd593d219,384356,1,Consejo comunitario,coatetelco-consejo-comunitario,2026-05-30,"Poligonos Coordinados por Gustavo Alvarez 2026 SUR/Coatetelco, Elizabeth Teodoro Aguilar/Consejo comunitario/Reunión con Consejo Coatetelco  3 2026-05-30 at 4.06.11 PM.jpeg"
FOTO-A7BBA7CD2D,Reunión con Consejo de San Pedro. 25012026.jpeg,1TPkhFdfSSatbP9QtVM0CY1fuNJVLurri,https://drive.google.com/file/d/1TPkhFdfSSatbP9QtVM0CY1fuNJVLurri/view,MUNICIPIO,MOSTRAR_MUNICIPIO,Sur,Coatetelco,,Sur,Coatetelco,,0,Promotor,Elizabeth Teodoro Aguilar,,Lote por evento,/foto/FOTO-A7BBA7CD2D,,10,SI,a7bba7cd2db78146eca9c9b9e5ad2b44bd13b5e279d6d0f1583b3cf88130589f,258046,1,Consejo comunitario,coatetelco-consejo-comunitario,2026-01-25,"Poligonos Coordinados por Gustavo Alvarez 2026 SUR/Coatetelco, Elizabeth Teodoro Aguilar/Consejo comunitario/Reunión con Consejo de San Pedro. 25012026.jpeg"
FOTO-E9FA13B245,Reunión en col. Benito Juárez..jpeg,1Yt0nIpyedsekZAIR3d3tcKpLD1x_A9UK,https://drive.google.com/file/d/1Yt0nIpyedsekZAIR3d3tcKpLD1x_A9UK/view,MUNICIPIO,MOSTRAR_MUNICIPIO,Sur,Coatetelco,,Sur,Coatetelco,,0,Promotor,Elizabeth Teodoro Aguilar,,Lote por evento,/foto/FOTO-E9FA13B245,,10,SI,e9fa13b2455f3942c9bfdc9fc38a0ff660e47013ee2bbccbd7449b1554b00db1,264192,1,Consejo comunitario,coatetelco-consejo-comunitario,,"Poligonos Coordinados por Gustavo Alvarez 2026 SUR/Coatetelco, Elizabeth Teodoro Aguilar/Consejo comunitario/Reunión en col. Benito Juárez..jpeg"
FOTO-623926AFBD,WhatsApp Image 2026-01-28 at 4.50.08 PM.jpeg,1NAVUbvTTfU9iExEiiGrotYFkRotBUeFo,https://drive.google.com/file/d/1NAVUbvTTfU9iExEiiGrotYFkRotBUeFo/view,MUNICIPIO,MOSTRAR_MUNICIPIO,Sur,Coatetelco,,Sur,Coatetelco,,0,Promotor,Elizabeth Teodoro Aguilar,,Lote por evento,/foto/FOTO-623926AFBD,,10,SI,623926afbdb26ea8874a888a01ab851014a94bac140c426579cbffd917fc67ce,246406,1,Consejo comunitario,coatetelco-consejo-comunitario,2026-01-28,"Poligonos Coordinados por Gustavo Alvarez 2026 SUR/Coatetelco, Elizabeth Teodoro Aguilar/Consejo comunitario/WhatsApp Image 2026-01-28 at 4.50.08 PM.jpeg"
FOTO-4C6461ED87,WhatsApp Image 2026-05-25 at 9.08.52 AM.jpeg,1wN9C2_3t3GS8zyWnPLLFRd1XYdaRYTxj,https://drive.google.com/file/d/1wN9C2_3t3GS8zyWnPLLFRd1XYdaRYTxj/view,MUNICIPIO,MOSTRAR_MUNICIPIO,Sur,Coatetelco,,Sur,Coatetelco,,0,Promotor,Elizabeth Teodoro Aguilar,,Lote por evento,/foto/FOTO-4C6461ED87,,10,SI,4c6461ed8798d1fd7d2662022987ea68d9a994a0b49436fb049141bd67930e57,451274,1,Consejo comunitario,coatetelco-consejo-comunitario,2026-05-25,"Poligonos Coordinados por Gustavo Alvarez 2026 SUR/Coatetelco, Elizabeth Teodoro Aguilar/Consejo comunitario/WhatsApp Image 2026-05-25 at 9.08.52 AM.jpeg"
FOTO-63FFC7EB78,Curso de Uñas de Acrílico ICATMOR en loc. 3 de mayo y el llanito 1.jpeg,1Ff-bAcGgfNV9zZOlWf6G43_XoP5g4rEY,https://drive.google.com/file/d/1Ff-bAcGgfNV9zZOlWf6G43_XoP5g4rEY/view,MUNICIPIO,MOSTRAR_MUNICIPIO,Sur,Coatetelco,,Sur,Coatetelco,,0,Promotor,Elizabeth Teodoro Aguilar,,Lote por evento,/foto/FOTO-63FFC7EB78,,10,SI,63ffc7eb78e329cf874af305cb04ccb5a2fe7acf7ada77fb972670d31cdb7999,124338,1,Curso ICATMOR,coatetelco-curso-icatmor,,"Poligonos Coordinados por Gustavo Alvarez 2026 SUR/Coatetelco, Elizabeth Teodoro Aguilar/Curso ICATMOR/Curso de Uñas de Acrílico ICATMOR en loc. 3 de mayo y el llanito 1.jpeg"
FOTO-B5198FD033,Curso de Uñas de Acrílico ICATMOR en loc. 3 de mayo y el llanito 2.jpeg,1GWaPHYd29HQwvJ0vV0WSHVypRvS5pgYr,https://drive.google.com/file/d/1GWaPHYd29HQwvJ0vV0WSHVypRvS5pgYr/view,MUNICIPIO,MOSTRAR_MUNICIPIO,Sur,Coatetelco,,Sur,Coatetelco,,0,Promotor,Elizabeth Teodoro Aguilar,,Lote por evento,/foto/FOTO-B5198FD033,,10,SI,b5198fd033dbaaca45da42943902195b47d30dbef31a120db2fbf78b68bff7a9,245764,1,Curso ICATMOR,coatetelco-curso-icatmor,,"Poligonos Coordinados por Gustavo Alvarez 2026 SUR/Coatetelco, Elizabeth Teodoro Aguilar/Curso ICATMOR/Curso de Uñas de Acrílico ICATMOR en loc. 3 de mayo y el llanito 2.jpeg"
FOTO-996F1B3709,Entrega de Jitomate 2026-06-19.jpeg,1x_PXQccQhM3sETM1u6WZzyelwriUdMnc,https://drive.google.com/file/d/1x_PXQccQhM3sETM1u6WZzyelwriUdMnc/view,MUNICIPIO,MOSTRAR_MUNICIPIO,Sur,Coatetelco,,Sur,Coatetelco,,0,Promotor,Elizabeth Teodoro Aguilar,,Lote por evento,/foto/FOTO-996F1B3709,,10,SI,996f1b3709cd94fa3166667a4568ae6f18e9b01e0bca1b7b45d4e77e1d7285ad,171770,1,Entrega de Jitomate,coatetelco-entrega-de-jitomate,2026-06-19,"Poligonos Coordinados por Gustavo Alvarez 2026 SUR/Coatetelco, Elizabeth Teodoro Aguilar/Entrega de Jitomate 2026-06-19.jpeg"
FOTO-FC45C67D50,WhatsApp Image 2026-01-21 at 10.50.20 AM (1).jpeg,1Y6cn0-7OImo5ZiUgtKJ6TtF8X87EbMjY,https://drive.google.com/file/d/1Y6cn0-7OImo5ZiUgtKJ6TtF8X87EbMjY/view,MUNICIPIO,MOSTRAR_MUNICIPIO,Sur,Coatetelco,,Sur,Coatetelco,,0,Promotor,Elizabeth Teodoro Aguilar,,Lote por evento,/foto/FOTO-FC45C67D50,,10,SI,fc45c67d509c470d8d9a1f62fdc3fd584cc7eda3374d1563b7bcb2b01128b231,259174,1,Juguetes,coatetelco-juguetes,2026-01-21,"Poligonos Coordinados por Gustavo Alvarez 2026 SUR/Coatetelco, Elizabeth Teodoro Aguilar/Juguetes/WhatsApp Image 2026-01-21 at 10.50.20 AM (1).jpeg"
FOTO-EFD1A9B6C2,WhatsApp Image 2026-01-21 at 10.50.20 AM.jpeg,13eqo0uhCPvv_JD8EOEgKvil9aWg453ax,https://drive.google.com/file/d/13eqo0uhCPvv_JD8EOEgKvil9aWg453ax/view,MUNICIPIO,MOSTRAR_MUNICIPIO,Sur,Coatetelco,,Sur,Coatetelco,,0,Promotor,Elizabeth Teodoro Aguilar,,Lote por evento,/foto/FOTO-EFD1A9B6C2,,10,SI,efd1a9b6c2277ecddeeae61b272d953cbb457bb233294e8725f9615f2cb65dfb,217377,1,Juguetes,coatetelco-juguetes,2026-01-21,"Poligonos Coordinados por Gustavo Alvarez 2026 SUR/Coatetelco, Elizabeth Teodoro Aguilar/Juguetes/WhatsApp Image 2026-01-21 at 10.50.20 AM.jpeg"
FOTO-DB1F4FEACB,WhatsApp Image 2026-01-21 at 10.50.22 AM (5).jpeg,1NGydNJZ8uuT2-LkeOyqJKJbCdQnAaNzU,https://drive.google.com/file/d/1NGydNJZ8uuT2-LkeOyqJKJbCdQnAaNzU/view,MUNICIPIO,MOSTRAR_MUNICIPIO,Sur,Coatetelco,,Sur,Coatetelco,,0,Promotor,Elizabeth Teodoro Aguilar,,Lote por evento,/foto/FOTO-DB1F4FEACB,,10,SI,db1f4feacb4866591f2f7126cf6687a55199a6f1e93acf5db18dada37a3dde62,208939,1,Juguetes,coatetelco-juguetes,2026-01-21,"Poligonos Coordinados por Gustavo Alvarez 2026 SUR/Coatetelco, Elizabeth Teodoro Aguilar/Juguetes/WhatsApp Image 2026-01-21 at 10.50.22 AM (5).jpeg"
FOTO-D7478D0795,"Reunión en la Cuahulotera para colocación de luminarias, Petate de Colores 1.jpeg",1l0mu0Hii_zvDhNf03-42FFo-MnDROVpP,https://drive.google.com/file/d/1l0mu0Hii_zvDhNf03-42FFo-MnDROVpP/view,MUNICIPIO,MOSTRAR_MUNICIPIO,Sur,Coatetelco,,Sur,Coatetelco,,0,Promotor,Elizabeth Teodoro Aguilar,,Lote por evento,/foto/FOTO-D7478D0795,,10,SI,d7478d07959234de190247cf8000a83bf9c03321607b8f9a1310df6d0c66bab0,167848,1,Luminarias,coatetelco-luminarias,,"Poligonos Coordinados por Gustavo Alvarez 2026 SUR/Coatetelco, Elizabeth Teodoro Aguilar/Luminarias/Reunión en la Cuahulotera para colocación de luminarias, Petate de Colores 1.jpeg"
FOTO-065E479192,"Reunión en la Cuahulotera para colocación de luminarias, Petate de Colores 2.jpeg",1rnOGjaRsgdFKItGXjPfS3IDiQavxG2kT,https://drive.google.com/file/d/1rnOGjaRsgdFKItGXjPfS3IDiQavxG2kT/view,MUNICIPIO,MOSTRAR_MUNICIPIO,Sur,Coatetelco,,Sur,Coatetelco,,0,Promotor,Elizabeth Teodoro Aguilar,,Lote por evento,/foto/FOTO-065E479192,,10,SI,065e479192e8c1f63cf0a0100ef646b5cbebd60d3251e7a7afdb55ded2e82a02,226796,1,Luminarias,coatetelco-luminarias,,"Poligonos Coordinados por Gustavo Alvarez 2026 SUR/Coatetelco, Elizabeth Teodoro Aguilar/Luminarias/Reunión en la Cuahulotera para colocación de luminarias, Petate de Colores 2.jpeg"
FOTO-EFBA4D4DAD,Reunión se seguimiento para rehabilitación del parque Loc. La Candelaria. Proyecto Petate de Colores 1.jpeg,1S9FiC6m-_97Y39W3AM6Le4uKBi5DwwAb,https://drive.google.com/file/d/1S9FiC6m-_97Y39W3AM6Le4uKBi5DwwAb/view,MUNICIPIO,MOSTRAR_MUNICIPIO,Sur,Coatetelco,,Sur,Coatetelco,,0,Promotor,Elizabeth Teodoro Aguilar,,Lote por evento,/foto/FOTO-EFBA4D4DAD,,10,SI,efba4d4dad210bade9fd92755529edea27e87ad641ed4704c6c84c1f06504185,499760,1,Luminarias,coatetelco-luminarias,,"Poligonos Coordinados por Gustavo Alvarez 2026 SUR/Coatetelco, Elizabeth Teodoro Aguilar/Luminarias/Reunión se seguimiento para rehabilitación del parque Loc. La Candelaria. Proyecto Petate de Colores 1.jpeg"
FOTO-BFCC7CB211,Clases de música (estudiantina) loc. el llanito. Petate de Colores 1.jpeg,1S5AZ5pXMUpWVz8qz0KKp8MlzkbbsO8C2,https://drive.google.com/file/d/1S5AZ5pXMUpWVz8qz0KKp8MlzkbbsO8C2/view,MUNICIPIO,MOSTRAR_MUNICIPIO,Sur,Coatetelco,,Sur,Coatetelco,,0,Promotor,Elizabeth Teodoro Aguilar,,Lote por evento,/foto/FOTO-BFCC7CB211,,10,SI,bfcc7cb2110eccbff839ab2e5391cd31c7a1c28ee9ded95cd694244c7f23a508,113579,1,Petate de Colores,coatetelco-petate-de-colores,,"Poligonos Coordinados por Gustavo Alvarez 2026 SUR/Coatetelco, Elizabeth Teodoro Aguilar/Petate de Colores/Clases de música (estudiantina) loc. el llanito. Petate de Colores 1.jpeg"
FOTO-02416449C6,"Ensayos de Chinelos y Danza, Proyecto de Petate de Colores..jpeg",1KVcca2ZrDh2HdHz_cyJaaJ1nn8tdo9ai,https://drive.google.com/file/d/1KVcca2ZrDh2HdHz_cyJaaJ1nn8tdo9ai/view,MUNICIPIO,MOSTRAR_MUNICIPIO,Sur,Coatetelco,,Sur,Coatetelco,,0,Promotor,Elizabeth Teodoro Aguilar,,Lote por evento,/foto/FOTO-02416449C6,,10,SI,02416449c6a300fba20c8b2fc11a1abf316a7a22abed37d6780969bc73b3f433,302532,1,Petate de Colores,coatetelco-petate-de-colores,,"Poligonos Coordinados por Gustavo Alvarez 2026 SUR/Coatetelco, Elizabeth Teodoro Aguilar/Petate de Colores/Ensayos de Chinelos y Danza, Proyecto de Petate de Colores..jpeg"
FOTO-5F7478428B,Reunión del grupo de Danza. Petate de Colores. COmunidad de el Llanito 22012026.jpeg,1yqZu4-8_5DOvB_GvIM5Ns2bvIZY-adXv,https://drive.google.com/file/d/1yqZu4-8_5DOvB_GvIM5Ns2bvIZY-adXv/view,MUNICIPIO,MOSTRAR_MUNICIPIO,Sur,Coatetelco,,Sur,Coatetelco,,0,Promotor,Elizabeth Teodoro Aguilar,,Lote por evento,/foto/FOTO-5F7478428B,,10,SI,5f7478428b5b06d00047b7e77eddbe93fd91bc2aac3f386f6165242f1488953c,338110,1,Petate de Colores,coatetelco-petate-de-colores,2026-01-22,"Poligonos Coordinados por Gustavo Alvarez 2026 SUR/Coatetelco, Elizabeth Teodoro Aguilar/Petate de Colores/Reunión del grupo de Danza. Petate de Colores. COmunidad de el Llanito 22012026.jpeg"
FOTO-1A797ACA8E,"Compartiendo saberes, elaboración de quesos. Loc. El llanito 1.jpeg",1Wpkf9bBm1cxUMg_zQDsJ7xW38UnVRIKO,https://drive.google.com/file/d/1Wpkf9bBm1cxUMg_zQDsJ7xW38UnVRIKO/view,MUNICIPIO,MOSTRAR_MUNICIPIO,Sur,Coatetelco,,Sur,Coatetelco,,0,Promotor,Elizabeth Teodoro Aguilar,,Lote por evento,/foto/FOTO-1A797ACA8E,,10,SI,1a797aca8e29838a2f38c3e88c815a859107fda8bb9cbcfafe406ecac1f00541,141682,1,Proyecto Calmecac,coatetelco-proyecto-calmecac,,"Poligonos Coordinados por Gustavo Alvarez 2026 SUR/Coatetelco, Elizabeth Teodoro Aguilar/Proyecto Calmecac/Compartiendo saberes, elaboración de quesos. Loc. El llanito 1.jpeg"
FOTO-C60262DB2A,"Compartiendo saberes, elaboración de quesos. Loc. El llanito 2.jpeg",1tXLv7Jcq0efHu0tXcyMM0hLQZQvRJwoM,https://drive.google.com/file/d/1tXLv7Jcq0efHu0tXcyMM0hLQZQvRJwoM/view,MUNICIPIO,MOSTRAR_MUNICIPIO,Sur,Coatetelco,,Sur,Coatetelco,,0,Promotor,Elizabeth Teodoro Aguilar,,Lote por evento,/foto/FOTO-C60262DB2A,,10,SI,c60262db2a2529eb2f6d7963b34e1ede94b4740100dfe2d6fe5b368d728308d7,191100,1,Proyecto Calmecac,coatetelco-proyecto-calmecac,,"Poligonos Coordinados por Gustavo Alvarez 2026 SUR/Coatetelco, Elizabeth Teodoro Aguilar/Proyecto Calmecac/Compartiendo saberes, elaboración de quesos. Loc. El llanito 2.jpeg"
FOTO-7D619119F8,Elaboración de Mole Verde. Calmecac. Col. Benito Juares 22012026.jpeg,1bKWsBb1ZVKE1sJoBcPO-2kXhGYSDFl6D,https://drive.google.com/file/d/1bKWsBb1ZVKE1sJoBcPO-2kXhGYSDFl6D/view,MUNICIPIO,MOSTRAR_MUNICIPIO,Sur,Coatetelco,,Sur,Coatetelco,,0,Promotor,Elizabeth Teodoro Aguilar,,Lote por evento,/foto/FOTO-7D619119F8,,10,SI,7d619119f8162b1721673168336ffe39bec1da8e08ea07ac5a3fdb04e2888eaa,405290,1,Proyecto Calmecac,coatetelco-proyecto-calmecac,2026-01-22,"Poligonos Coordinados por Gustavo Alvarez 2026 SUR/Coatetelco, Elizabeth Teodoro Aguilar/Proyecto Calmecac/Elaboración de Mole Verde. Calmecac. Col. Benito Juares 22012026.jpeg"
FOTO-8128774707,Elaboración de Mole Verde. Moliendo el Pipían tostado en la Forma y meclapil 1.jpeg,1V5XxgZgNlZwxZpx20pDC4CLBV9ABYAnX,https://drive.google.com/file/d/1V5XxgZgNlZwxZpx20pDC4CLBV9ABYAnX/view,MUNICIPIO,MOSTRAR_MUNICIPIO,Sur,Coatetelco,,Sur,Coatetelco,,0,Promotor,Elizabeth Teodoro Aguilar,,Lote por evento,/foto/FOTO-8128774707,,10,SI,8128774707b517da1c616c231f3c85cf294bd5120463f604349578970559b5fd,236681,1,Proyecto Calmecac,coatetelco-proyecto-calmecac,,"Poligonos Coordinados por Gustavo Alvarez 2026 SUR/Coatetelco, Elizabeth Teodoro Aguilar/Proyecto Calmecac/Elaboración de Mole Verde. Moliendo el Pipían tostado en la Forma y meclapil 1.jpeg"
FOTO-ABF5A3C0BF,Elaboración de Mole Verde. Moliendo el Pipían tostado en la Forma y meclapil 2.jpeg,17RjZ7pvGoS9qixrk82fUeywrK2G_Adju,https://drive.google.com/file/d/17RjZ7pvGoS9qixrk82fUeywrK2G_Adju/view,MUNICIPIO,MOSTRAR_MUNICIPIO,Sur,Coatetelco,,Sur,Coatetelco,,0,Promotor,Elizabeth Teodoro Aguilar,,Lote por evento,/foto/FOTO-ABF5A3C0BF,,10,SI,abf5a3c0bfd2b742740c3a6a9f681be1056e29510367b4d64a9c4282b010f003,278733,1,Proyecto Calmecac,coatetelco-proyecto-calmecac,,"Poligonos Coordinados por Gustavo Alvarez 2026 SUR/Coatetelco, Elizabeth Teodoro Aguilar/Proyecto Calmecac/Elaboración de Mole Verde. Moliendo el Pipían tostado en la Forma y meclapil 2.jpeg"
FOTO-D973B7C750,Elaboración de Queso Fresco. Programa Calmécac 1.jpeg,1s_OLmnxwkFS0l8zro8B40UriFXTaWZVa,https://drive.google.com/file/d/1s_OLmnxwkFS0l8zro8B40UriFXTaWZVa/view,MUNICIPIO,MOSTRAR_MUNICIPIO,Sur,Coatetelco,,Sur,Coatetelco,,0,Promotor,Elizabeth Teodoro Aguilar,,Lote por evento,/foto/FOTO-D973B7C750,,10,SI,d973b7c75036926aedb08759eb9e0e4540b874df41dfb3b4ed987b33f7ec0c89,189710,1,Proyecto Calmecac,coatetelco-proyecto-calmecac,,"Poligonos Coordinados por Gustavo Alvarez 2026 SUR/Coatetelco, Elizabeth Teodoro Aguilar/Proyecto Calmecac/Elaboración de Queso Fresco. Programa Calmécac 1.jpeg"
FOTO-BF78D4F0EA,Elaboración de Queso Fresco. Programa Calmécac 2.jpeg,1WtwnpT0q8-lz35Vzha0r_FgZDn9xTyv6,https://drive.google.com/file/d/1WtwnpT0q8-lz35Vzha0r_FgZDn9xTyv6/view,MUNICIPIO,MOSTRAR_MUNICIPIO,Sur,Coatetelco,,Sur,Coatetelco,,0,Promotor,Elizabeth Teodoro Aguilar,,Lote por evento,/foto/FOTO-BF78D4F0EA,,10,SI,bf78d4f0ea2ca7fdeebe33aaf93fc3a1edd8fed80c6312c38e55c751a3589668,203676,1,Proyecto Calmecac,coatetelco-proyecto-calmecac,,"Poligonos Coordinados por Gustavo Alvarez 2026 SUR/Coatetelco, Elizabeth Teodoro Aguilar/Proyecto Calmecac/Elaboración de Queso Fresco. Programa Calmécac 2.jpeg"
FOTO-DDEE662C9B,Elaboración de Queso Fresco. Programa Calmécac 3.jpeg,1zwV8lBvtSXKwb-9IkKvZhEOhPe3rIluU,https://drive.google.com/file/d/1zwV8lBvtSXKwb-9IkKvZhEOhPe3rIluU/view,MUNICIPIO,MOSTRAR_MUNICIPIO,Sur,Coatetelco,,Sur,Coatetelco,,0,Promotor,Elizabeth Teodoro Aguilar,,Lote por evento,/foto/FOTO-DDEE662C9B,,10,SI,ddee662c9bcadb840751a1de8ecba622b8a44b02567ded7919344706c0e7406d,286139,1,Proyecto Calmecac,coatetelco-proyecto-calmecac,,"Poligonos Coordinados por Gustavo Alvarez 2026 SUR/Coatetelco, Elizabeth Teodoro Aguilar/Proyecto Calmecac/Elaboración de Queso Fresco. Programa Calmécac 3.jpeg"
FOTO-E5D3506F9A,Elaboración de queso panela. El llanito. Coatetelco  03032026.jpeg,11okRsENKV3PACIZXf4k0at-tNwxCyAM9,https://drive.google.com/file/d/11okRsENKV3PACIZXf4k0at-tNwxCyAM9/view,MUNICIPIO,MOSTRAR_MUNICIPIO,Sur,Coatetelco,,Sur,Coatetelco,,0,Promotor,Elizabeth Teodoro Aguilar,,Lote por evento,/foto/FOTO-E5D3506F9A,,10,SI,e5d3506f9ac542f8d7748f70189eba1b4e82c7ad90b15aedd94c4c9daa489236,227379,1,Proyecto Calmecac,coatetelco-proyecto-calmecac,2026-03-03,"Poligonos Coordinados por Gustavo Alvarez 2026 SUR/Coatetelco, Elizabeth Teodoro Aguilar/Proyecto Calmecac/Elaboración de queso panela. El llanito. Coatetelco  03032026.jpeg"
FOTO-FF1CB3B70C,Elaboración de queso panela. El llanito. Coatetelco 2.   03032026.jpeg,1W8RON4eVIQYe0_144jHXLhbnkUY9wbKs,https://drive.google.com/file/d/1W8RON4eVIQYe0_144jHXLhbnkUY9wbKs/view,MUNICIPIO,MOSTRAR_MUNICIPIO,Sur,Coatetelco,,Sur,Coatetelco,,0,Promotor,Elizabeth Teodoro Aguilar,,Lote por evento,/foto/FOTO-FF1CB3B70C,,10,SI,ff1cb3b70c84d465d859b8bf0a57453baa86f1c8b4d6bb0c00705516be795006,176767,1,Proyecto Calmecac,coatetelco-proyecto-calmecac,2026-03-03,"Poligonos Coordinados por Gustavo Alvarez 2026 SUR/Coatetelco, Elizabeth Teodoro Aguilar/Proyecto Calmecac/Elaboración de queso panela. El llanito. Coatetelco 2.   03032026.jpeg"
FOTO-76CDD09466,"Taller de Calmecac. San Pedro, Saavedra, Coatetelco 2. 02032026.jpeg",11Zoef4RZ1wS4rFP1mpQ90tu8o_zVsm1r,https://drive.google.com/file/d/11Zoef4RZ1wS4rFP1mpQ90tu8o_zVsm1r/view,MUNICIPIO,MOSTRAR_MUNICIPIO,Sur,Coatetelco,,Sur,Coatetelco,,0,Promotor,Elizabeth Teodoro Aguilar,,Lote por evento,/foto/FOTO-76CDD09466,,10,SI,76cdd09466c142ba640afb1a13e6066dd3d806871bd4a6e75cf7df8d04cf0bce,210624,1,Proyecto Calmecac,coatetelco-proyecto-calmecac,2026-03-02,"Poligonos Coordinados por Gustavo Alvarez 2026 SUR/Coatetelco, Elizabeth Teodoro Aguilar/Proyecto Calmecac/Taller de Calmecac. San Pedro, Saavedra, Coatetelco 2. 02032026.jpeg"
FOTO-F15E8AFD18,"Taller de Calmecac. San Pedro, Saavedra, Coatetelco 3. 02032026.jpeg",16xVBTgTcDKh40VaCu4bWz_9w0fhpZEPC,https://drive.google.com/file/d/16xVBTgTcDKh40VaCu4bWz_9w0fhpZEPC/view,MUNICIPIO,MOSTRAR_MUNICIPIO,Sur,Coatetelco,,Sur,Coatetelco,,0,Promotor,Elizabeth Teodoro Aguilar,,Lote por evento,/foto/FOTO-F15E8AFD18,,10,SI,f15e8afd189daae3b76ca548e82b0fbd2d41f666af9cedee4f86075c492fa6f4,284300,1,Proyecto Calmecac,coatetelco-proyecto-calmecac,2026-03-02,"Poligonos Coordinados por Gustavo Alvarez 2026 SUR/Coatetelco, Elizabeth Teodoro Aguilar/Proyecto Calmecac/Taller de Calmecac. San Pedro, Saavedra, Coatetelco 3. 02032026.jpeg"
FOTO-D3CFDB2CA8,"Taller de Calmecac. San Pedro, Saavedra, Coatetelco. 02032026.jpeg",1EfonaORbaPkzuKVE6rWrI4L_NfiPHre0,https://drive.google.com/file/d/1EfonaORbaPkzuKVE6rWrI4L_NfiPHre0/view,MUNICIPIO,MOSTRAR_MUNICIPIO,Sur,Coatetelco,,Sur,Coatetelco,,0,Promotor,Elizabeth Teodoro Aguilar,,Lote por evento,/foto/FOTO-D3CFDB2CA8,,10,SI,d3cfdb2ca8baa7e47aa8560b121748c011acf67d1ab107d2dc8a0197e71b2ad5,299253,1,Proyecto Calmecac,coatetelco-proyecto-calmecac,2026-03-02,"Poligonos Coordinados por Gustavo Alvarez 2026 SUR/Coatetelco, Elizabeth Teodoro Aguilar/Proyecto Calmecac/Taller de Calmecac. San Pedro, Saavedra, Coatetelco. 02032026.jpeg"
FOTO-9837FA7FD7,Taller de comida tradicional. Programa Calmecac 2.  Coatetelco 04032026.jpeg,1I92XZZxjlLrTpLC2cSgvvqDnCPQW-S8P,https://drive.google.com/file/d/1I92XZZxjlLrTpLC2cSgvvqDnCPQW-S8P/view,MUNICIPIO,MOSTRAR_MUNICIPIO,Sur,Coatetelco,,Sur,Coatetelco,,0,Promotor,Elizabeth Teodoro Aguilar,,Lote por evento,/foto/FOTO-9837FA7FD7,,10,SI,9837fa7fd747e20cd789cd8ba0be2bb94c8c177f3e00d6d45b5a5c968de1e019,261616,1,Proyecto Calmecac,coatetelco-proyecto-calmecac,2026-03-04,"Poligonos Coordinados por Gustavo Alvarez 2026 SUR/Coatetelco, Elizabeth Teodoro Aguilar/Proyecto Calmecac/Taller de comida tradicional. Programa Calmecac 2.  Coatetelco 04032026.jpeg"
FOTO-5735BCD4E2,Taller de comida tradicional. Programa Calmecac. Coatetelco 04032026.jpeg,119W0nHLWzReXuF-lCzDQM7hQQukc3EqN,https://drive.google.com/file/d/119W0nHLWzReXuF-lCzDQM7hQQukc3EqN/view,MUNICIPIO,MOSTRAR_MUNICIPIO,Sur,Coatetelco,,Sur,Coatetelco,,0,Promotor,Elizabeth Teodoro Aguilar,,Lote por evento,/foto/FOTO-5735BCD4E2,,10,SI,5735bcd4e2cfd161e3678d88cc215b2c9bcea26878b1628ed7e7c19850507ef6,280721,1,Proyecto Calmecac,coatetelco-proyecto-calmecac,2026-03-04,"Poligonos Coordinados por Gustavo Alvarez 2026 SUR/Coatetelco, Elizabeth Teodoro Aguilar/Proyecto Calmecac/Taller de comida tradicional. Programa Calmecac. Coatetelco 04032026.jpeg"
FOTO-E1EADB6671,"Taller de estudiantina. El llanito, Coatetelco 2. 02032026.jpeg",1ODloD3tJ4dCt7uZmuO2Y5i7OvXfV9knO,https://drive.google.com/file/d/1ODloD3tJ4dCt7uZmuO2Y5i7OvXfV9knO/view,MUNICIPIO,MOSTRAR_MUNICIPIO,Sur,Coatetelco,,Sur,Coatetelco,,0,Promotor,Elizabeth Teodoro Aguilar,,Lote por evento,/foto/FOTO-E1EADB6671,,10,SI,e1eadb6671ed3a34eb0a7ba6ec2e8f3d0d5f329e26b8c72135b276159d560236,264970,1,Proyecto Calmecac,coatetelco-proyecto-calmecac,2026-03-02,"Poligonos Coordinados por Gustavo Alvarez 2026 SUR/Coatetelco, Elizabeth Teodoro Aguilar/Proyecto Calmecac/Taller de estudiantina. El llanito, Coatetelco 2. 02032026.jpeg"
FOTO-B960578053,"Taller de estudiantina. El llanito, Coatetelco. 02032026.jpeg",1IF_jTkxZy_Pf_-4t08LaqnSeudKEuZuz,https://drive.google.com/file/d/1IF_jTkxZy_Pf_-4t08LaqnSeudKEuZuz/view,MUNICIPIO,MOSTRAR_MUNICIPIO,Sur,Coatetelco,,Sur,Coatetelco,,0,Promotor,Elizabeth Teodoro Aguilar,,Lote por evento,/foto/FOTO-B960578053,,10,SI,b960578053f421b680847477061a46dffca57711230a32e084e91eb579670259,280199,1,Proyecto Calmecac,coatetelco-proyecto-calmecac,2026-03-02,"Poligonos Coordinados por Gustavo Alvarez 2026 SUR/Coatetelco, Elizabeth Teodoro Aguilar/Proyecto Calmecac/Taller de estudiantina. El llanito, Coatetelco. 02032026.jpeg"
FOTO-B394903884,Taller de panadería en Coatetelco Morelos..jpeg,1_3gIweY4BiHdGaBScAIzlHLPq0ENXnUW,https://drive.google.com/file/d/1_3gIweY4BiHdGaBScAIzlHLPq0ENXnUW/view,MUNICIPIO,MOSTRAR_MUNICIPIO,Sur,Coatetelco,,Sur,Coatetelco,,0,Promotor,Elizabeth Teodoro Aguilar,,Lote por evento,/foto/FOTO-B394903884,,10,SI,b3949038842e60999525f6e9d48eebee1e21c211be449f686301016c49d8fda7,126055,1,Proyecto Calmecac,coatetelco-proyecto-calmecac,,"Poligonos Coordinados por Gustavo Alvarez 2026 SUR/Coatetelco, Elizabeth Teodoro Aguilar/Proyecto Calmecac/Taller de panadería en Coatetelco Morelos..jpeg"
FOTO-7D9EB52B59,Reunión se seguimiento para rehabilitación del parque Loc. La Candelaria. Proyecto Petate de Colores 2.jpeg,1tuZiJIdbKW7J6JkJwgDgY0S0yp8Y9CSh,https://drive.google.com/file/d/1tuZiJIdbKW7J6JkJwgDgY0S0yp8Y9CSh/view,MUNICIPIO,MOSTRAR_MUNICIPIO,Sur,Coatetelco,,Sur,Coatetelco,,0,Promotor,Elizabeth Teodoro Aguilar,,Lote por evento,/foto/FOTO-7D9EB52B59,,10,SI,7d9eb52b59a38ea2a3ef0783561f29191e1b01e4c3bd202a8cbb6c6b0c131919,158253,1,Reunión se seguimiento para rehabilitación del parque Loc. La Candelaria. Proyecto Petate de Colores,coatetelco-reunion-se-seguimiento-para-rehabilitacion-del-parque-loc-la-candelaria-proyecto-petate-de-colores,,"Poligonos Coordinados por Gustavo Alvarez 2026 SUR/Coatetelco, Elizabeth Teodoro Aguilar/Reunión se seguimiento para rehabilitación del parque Loc. La Candelaria. Proyecto Petate de Colores 2.jpeg"
FOTO-70996E2AD4,"Inicio de Semillas de Esperanza. Col. San Pedro Saavedra (Rabano, cilantro, Huauzontle) 2.  25012026.jpeg",1I_tNhJuZieg6VDk8Cf6e9bnyzQWquaj7,https://drive.google.com/file/d/1I_tNhJuZieg6VDk8Cf6e9bnyzQWquaj7/view,MUNICIPIO,MOSTRAR_MUNICIPIO,Sur,Coatetelco,,Sur,Coatetelco,,0,Promotor,Elizabeth Teodoro Aguilar,,Lote por evento,/foto/FOTO-70996E2AD4,,10,SI,70996e2ad478c5e9a1873411fb6e985636b1d5af2122be0bd1b3fafb6b342def,565295,1,Semillas de Esperanza,coatetelco-semillas-de-esperanza,2026-01-25,"Poligonos Coordinados por Gustavo Alvarez 2026 SUR/Coatetelco, Elizabeth Teodoro Aguilar/Semillas de Esperanza/Inicio de Semillas de Esperanza. Col. San Pedro Saavedra (Rabano, cilantro, Huauzontle) 2.  25012026.jpeg"
FOTO-72749FF5BC,"Inicio de Semillas de Esperanza. Col. San Pedro Saavedra (Rabano, cilantro, Huauzontle) 25012026.jpeg",16VdPeCyqiz5A2m5x3eciV38Ddzda0B2g,https://drive.google.com/file/d/16VdPeCyqiz5A2m5x3eciV38Ddzda0B2g/view,MUNICIPIO,MOSTRAR_MUNICIPIO,Sur,Coatetelco,,Sur,Coatetelco,,0,Promotor,Elizabeth Teodoro Aguilar,,Lote por evento,/foto/FOTO-72749FF5BC,,10,SI,72749ff5bca0b1b779c7011557f6ab4d5aabf7cdd998d6c1f7b9dbcc9a18e648,565695,1,Semillas de Esperanza,coatetelco-semillas-de-esperanza,2026-01-25,"Poligonos Coordinados por Gustavo Alvarez 2026 SUR/Coatetelco, Elizabeth Teodoro Aguilar/Semillas de Esperanza/Inicio de Semillas de Esperanza. Col. San Pedro Saavedra (Rabano, cilantro, Huauzontle) 25012026.jpeg"
FOTO-459ED34E87,Taller de elaboración de Chocolate 1. Prepración de la canela y el cacao.jpeg,1vJGJor2qDCSat1bME0hq94lj2CceNYW7,https://drive.google.com/file/d/1vJGJor2qDCSat1bME0hq94lj2CceNYW7/view,MUNICIPIO,MOSTRAR_MUNICIPIO,Sur,Coatetelco,,Sur,Coatetelco,,0,Promotor,Elizabeth Teodoro Aguilar,,Lote por evento,/foto/FOTO-459ED34E87,,10,SI,459ed34e8788c4dadceffe6d28d0291a3ad4ecb79766ff0d6404dd96145b9bc4,257346,1,Taller de chocolate,coatetelco-taller-de-chocolate,,"Poligonos Coordinados por Gustavo Alvarez 2026 SUR/Coatetelco, Elizabeth Teodoro Aguilar/Taller de chocolate/Taller de elaboración de Chocolate 1. Prepración de la canela y el cacao.jpeg"
FOTO-06584D9549,Taller de elaboración de Chocolate 2. Prepración de la canela y el cacao.jpeg,1VKLmPuDndThCDzXbmfpABTMZv_tZGB1m,https://drive.google.com/file/d/1VKLmPuDndThCDzXbmfpABTMZv_tZGB1m/view,MUNICIPIO,MOSTRAR_MUNICIPIO,Sur,Coatetelco,,Sur,Coatetelco,,0,Promotor,Elizabeth Teodoro Aguilar,,Lote por evento,/foto/FOTO-06584D9549,,10,SI,06584d954960d3e423f67a05ae649545e2baf5bd0c30d93848900edeba5d4941,402085,1,Taller de chocolate,coatetelco-taller-de-chocolate,,"Poligonos Coordinados por Gustavo Alvarez 2026 SUR/Coatetelco, Elizabeth Teodoro Aguilar/Taller de chocolate/Taller de elaboración de Chocolate 2. Prepración de la canela y el cacao.jpeg"
FOTO-01841F1E71,Taller de elaboración de Chocolate Artesanal. Col. Pedro Saavedra. CALMECAC. 23012026.jpeg,1yOPotWlq6wWl6HuwyW97tRdmb4oivx0c,https://drive.google.com/file/d/1yOPotWlq6wWl6HuwyW97tRdmb4oivx0c/view,MUNICIPIO,MOSTRAR_MUNICIPIO,Sur,Coatetelco,,Sur,Coatetelco,,0,Promotor,Elizabeth Teodoro Aguilar,,Lote por evento,/foto/FOTO-01841F1E71,,10,SI,01841f1e71c57e10d3157fff2e5716f2d13069482e095c1a5b9db3d07a5d0640,518023,1,Taller de chocolate,coatetelco-taller-de-chocolate,2026-01-23,"Poligonos Coordinados por Gustavo Alvarez 2026 SUR/Coatetelco, Elizabeth Teodoro Aguilar/Taller de chocolate/Taller de elaboración de Chocolate Artesanal. Col. Pedro Saavedra. CALMECAC. 23012026.jpeg"
FOTO-E0D99798AF,"Tequio-Faena Campo Cuahulotera 3, Coatetelco 2,  28 de junio de 2026.jpeg",1hGsFODPQ_rpPmq9t5xR7XMdPY7bqHsxJ,https://drive.google.com/file/d/1hGsFODPQ_rpPmq9t5xR7XMdPY7bqHsxJ/view,MUNICIPIO,MOSTRAR_MUNICIPIO,Sur,Coatetelco,,Sur,Coatetelco,,0,Promotor,Elizabeth Teodoro Aguilar,,Lote por evento,/foto/FOTO-E0D99798AF,,10,SI,e0d99798af4448144624dffebd1bc05e7d84499278faedf9099b23a493a2ba46,484083,1,Tequio-Faena,coatetelco-tequio-faena,2026-06-28,"Poligonos Coordinados por Gustavo Alvarez 2026 SUR/Coatetelco, Elizabeth Teodoro Aguilar/Tequio-Faena/Tequio-Faena Campo Cuahulotera 3, Coatetelco 2,  28 de junio de 2026.jpeg"
FOTO-A8529B4AAD,"Tequio-Faena Campo Cuahulotera, Coatetelco 2,  28 de junio de 2026.jpeg",1iHfsPNJ3dwbt-32Y01x4y03jCQ_W1KEU,https://drive.google.com/file/d/1iHfsPNJ3dwbt-32Y01x4y03jCQ_W1KEU/view,MUNICIPIO,MOSTRAR_MUNICIPIO,Sur,Coatetelco,,Sur,Coatetelco,,0,Promotor,Elizabeth Teodoro Aguilar,,Lote por evento,/foto/FOTO-A8529B4AAD,,10,SI,a8529b4aad4e5e437791ba6be83cd84d776dd7fb0b75e60a21879d45cf46c3d6,447986,1,Tequio-Faena,coatetelco-tequio-faena,2026-06-28,"Poligonos Coordinados por Gustavo Alvarez 2026 SUR/Coatetelco, Elizabeth Teodoro Aguilar/Tequio-Faena/Tequio-Faena Campo Cuahulotera, Coatetelco 2,  28 de junio de 2026.jpeg"
FOTO-388C012633,"Tequio-Faena Campo Cuahulotera, Coatetelco,  28 de junio de 2026.jpeg",12LHwBURs0xx0rKpxi0uy4X2MMh2mJUen,https://drive.google.com/file/d/12LHwBURs0xx0rKpxi0uy4X2MMh2mJUen/view,MUNICIPIO,MOSTRAR_MUNICIPIO,Sur,Coatetelco,,Sur,Coatetelco,,0,Promotor,Elizabeth Teodoro Aguilar,,Lote por evento,/foto/FOTO-388C012633,,10,SI,388c0126337ea64bd603bb88eced15d47fd92486583dfd0349ce24796f2d3a99,383436,1,Tequio-Faena,coatetelco-tequio-faena,2026-06-28,"Poligonos Coordinados por Gustavo Alvarez 2026 SUR/Coatetelco, Elizabeth Teodoro Aguilar/Tequio-Faena/Tequio-Faena Campo Cuahulotera, Coatetelco,  28 de junio de 2026.jpeg"
FOTO-01B4F1BE19,WhatsApp Image 2026-01-21 at 10.53.06 AM (3).jpeg,1xQU-eoIdZM_6g02p2D-vuchmcX-MYA2S,https://drive.google.com/file/d/1xQU-eoIdZM_6g02p2D-vuchmcX-MYA2S/view,MUNICIPIO,MOSTRAR_MUNICIPIO,Sur,Coatetelco,,Sur,Coatetelco,,0,Promotor,Elizabeth Teodoro Aguilar,,Lote por evento,/foto/FOTO-01B4F1BE19,,10,SI,01b4f1be19e308a32e3419b094089646d3578d37d9e96491f363b34e84f90500,151759,1,Tequio-Faena,coatetelco-tequio-faena,2026-01-21,"Poligonos Coordinados por Gustavo Alvarez 2026 SUR/Coatetelco, Elizabeth Teodoro Aguilar/Tequio-Faena/WhatsApp Image 2026-01-21 at 10.53.06 AM (3).jpeg"
FOTO-BE2DF84999,WhatsApp Image 2026-01-28 at 4.50.08 PM (1).jpeg,1Vn6dffJXv1WmjTE-aVLzR8JhzmzuTzDE,https://drive.google.com/file/d/1Vn6dffJXv1WmjTE-aVLzR8JhzmzuTzDE/view,MUNICIPIO,MOSTRAR_MUNICIPIO,Sur,Coatetelco,,Sur,Coatetelco,,0,Promotor,Elizabeth Teodoro Aguilar,,Lote por evento,/foto/FOTO-BE2DF84999,,10,SI,be2df849990e9645810784179678535208775daca914087db4b0c7c7f79dd11f,244239,1,,,2026-01-28,"Poligonos Coordinados por Gustavo Alvarez 2026 SUR/Coatetelco, Elizabeth Teodoro Aguilar/WhatsApp Image 2026-01-28 at 4.50.08 PM (1).jpeg"
FOTO-4E0E15DCC0,"Asamblea en Chisco, Jojutla 2026-09-11.jpeg",1fqs4XN05piq0kdrSqrbXAe9PVaOzYAmx,https://drive.google.com/file/d/1fqs4XN05piq0kdrSqrbXAe9PVaOzYAmx/view,MUNICIPIO,MOSTRAR_MUNICIPIO,Sur,Jojutla,,Sur,Jojutla,,0,Promotor,Rosa Simón Chávez,,Lote por evento,/foto/FOTO-4E0E15DCC0,,10,SI,4e0e15dcc058b7d373861527ef322882dc7c7249daa74144e7b6b0c8c8d319b1,397720,1,Consejos Comunitatios,jojutla-consejos-comunitatios,2026-09-11,"Poligonos Coordinados por Gustavo Alvarez 2026 SUR/Jojutla, Rosa Simón Chávez/Consejos Comunitatios/Asamblea en Chisco, Jojutla 2026-09-11.jpeg"
FOTO-7442EAD1C5,Asamblea en Río Seco 2026-09-17 (1).jpeg,14sgUaL__PHme0Y3-MV3B73qqDL27aTeq,https://drive.google.com/file/d/14sgUaL__PHme0Y3-MV3B73qqDL27aTeq/view,MUNICIPIO,MOSTRAR_MUNICIPIO,Sur,Jojutla,,Sur,Jojutla,,0,Promotor,Rosa Simón Chávez,,Lote por evento,/foto/FOTO-7442EAD1C5,,10,SI,7442ead1c51f3301afc93eff4caf709369f6dbd1794dd1d8ee34f5cb907f933d,156821,1,Consejos Comunitatios,jojutla-consejos-comunitatios,2026-09-17,"Poligonos Coordinados por Gustavo Alvarez 2026 SUR/Jojutla, Rosa Simón Chávez/Consejos Comunitatios/Asamblea en Río Seco 2026-09-17 (1).jpeg"
FOTO-A376EFB391,Asamblea en Río Seco 2026-09-17.jpeg,1o9lD1vAQpoLVug7RF11fMpE5oezg_CWZ,https://drive.google.com/file/d/1o9lD1vAQpoLVug7RF11fMpE5oezg_CWZ/view,MUNICIPIO,MOSTRAR_MUNICIPIO,Sur,Jojutla,,Sur,Jojutla,,0,Promotor,Rosa Simón Chávez,,Lote por evento,/foto/FOTO-A376EFB391,,10,SI,a376efb3916c5d6d24b15015751eb7a449662f07de7745a810a1f849aa3635dc,147180,1,Consejos Comunitatios,jojutla-consejos-comunitatios,2026-09-17,"Poligonos Coordinados por Gustavo Alvarez 2026 SUR/Jojutla, Rosa Simón Chávez/Consejos Comunitatios/Asamblea en Río Seco 2026-09-17.jpeg"
FOTO-FD5C271127,WhatsApp Image 2026-01-21 at 10.50.31 AM (1).jpeg,1Ht-2Xr2l5JH33Fl8TUbeKK-vRc8Td_se,https://drive.google.com/file/d/1Ht-2Xr2l5JH33Fl8TUbeKK-vRc8Td_se/view,MUNICIPIO,MOSTRAR_MUNICIPIO,Sur,Jojutla,,Sur,Jojutla,,0,Promotor,Rosa Simón Chávez,,Lote por evento,/foto/FOTO-FD5C271127,,10,SI,fd5c2711279d468897643080a6f5fe582e0c11f6a6ad2d9b052925ffc8596094,278210,1,Consejos Comunitatios,jojutla-consejos-comunitatios,2026-01-21,"Poligonos Coordinados por Gustavo Alvarez 2026 SUR/Jojutla, Rosa Simón Chávez/Consejos Comunitatios/WhatsApp Image 2026-01-21 at 10.50.31 AM (1).jpeg"
FOTO-42BAC0BB42,WhatsApp Image 2026-01-21 at 10.50.31 AM.jpeg,1L4NbXJhmLIzhv6Gt-71OVx5UVgBn5KqP,https://drive.google.com/file/d/1L4NbXJhmLIzhv6Gt-71OVx5UVgBn5KqP/view,MUNICIPIO,MOSTRAR_MUNICIPIO,Sur,Jojutla,,Sur,Jojutla,,0,Promotor,Rosa Simón Chávez,,Lote por evento,/foto/FOTO-42BAC0BB42,,10,SI,42bac0bb426606fff7580da9dbdf4502d15e0581da2a418e93873479f9fb535e,170006,1,Consejos Comunitatios,jojutla-consejos-comunitatios,2026-01-21,"Poligonos Coordinados por Gustavo Alvarez 2026 SUR/Jojutla, Rosa Simón Chávez/Consejos Comunitatios/WhatsApp Image 2026-01-21 at 10.50.31 AM.jpeg"
FOTO-3A6C6818D3,WhatsApp Image 2026-05-24 at 8.05.58 PM.jpeg,1MTiUB1QXGxqYRkIUaBzW35hNUTMeHNsY,https://drive.google.com/file/d/1MTiUB1QXGxqYRkIUaBzW35hNUTMeHNsY/view,MUNICIPIO,MOSTRAR_MUNICIPIO,Sur,Jojutla,,Sur,Jojutla,,0,Promotor,Rosa Simón Chávez,,Lote por evento,/foto/FOTO-3A6C6818D3,,10,SI,3a6c6818d3a3df6d17b4f220bae9e9cffa82243ddc97f67b7f5e3869947a5beb,91893,1,Consejos Comunitatios,jojutla-consejos-comunitatios,2026-05-24,"Poligonos Coordinados por Gustavo Alvarez 2026 SUR/Jojutla, Rosa Simón Chávez/Consejos Comunitatios/WhatsApp Image 2026-05-24 at 8.05.58 PM.jpeg"
FOTO-482171A3F4,WhatsApp Image 2026-06-19 at 4.45.23 PM.jpeg,1YGCLGOQHP0Ivv7_M0vq1R_sxcpWDm2QS,https://drive.google.com/file/d/1YGCLGOQHP0Ivv7_M0vq1R_sxcpWDm2QS/view,MUNICIPIO,MOSTRAR_MUNICIPIO,Sur,Jojutla,,Sur,Jojutla,,0,Promotor,Rosa Simón Chávez,,Lote por evento,/foto/FOTO-482171A3F4,,10,SI,482171a3f425da8baedfa2f8c9609fee71c17b317e957d9a6a46dea734928410,166788,1,Consejos Comunitatios,jojutla-consejos-comunitatios,2026-06-19,"Poligonos Coordinados por Gustavo Alvarez 2026 SUR/Jojutla, Rosa Simón Chávez/Consejos Comunitatios/WhatsApp Image 2026-06-19 at 4.45.23 PM.jpeg"
FOTO-DEEFB823C4,Reunión del consejo de Río Seco y elaboración de trajes de chinelo 1..jpeg,1Bf2OubT045supl5a83MZPSKcPd3HCxjZ,https://drive.google.com/file/d/1Bf2OubT045supl5a83MZPSKcPd3HCxjZ/view,MUNICIPIO,MOSTRAR_MUNICIPIO,Sur,Jojutla,,Sur,Jojutla,,0,Promotor,Rosa Simón Chávez,,Lote por evento,/foto/FOTO-DEEFB823C4,,10,SI,deefb823c41ddf37c59c6bb3eaeb4335a2e3e4f731fb23aa8404173ab15547ff,164000,1,Elaqboración de Trajes de Chinelo,jojutla-elaqboracion-de-trajes-de-chinelo,,"Poligonos Coordinados por Gustavo Alvarez 2026 SUR/Jojutla, Rosa Simón Chávez/Elaqboración de Trajes de Chinelo/Reunión del consejo de Río Seco y elaboración de trajes de chinelo 1..jpeg"
FOTO-F38F5F3038,Reunión del consejo de Río Seco y elaboración de trajes de chinelo 21..jpeg,1AaqZcTgYHn944sSNnYTRxXste8np7Ehq,https://drive.google.com/file/d/1AaqZcTgYHn944sSNnYTRxXste8np7Ehq/view,MUNICIPIO,MOSTRAR_MUNICIPIO,Sur,Jojutla,,Sur,Jojutla,,0,Promotor,Rosa Simón Chávez,,Lote por evento,/foto/FOTO-F38F5F3038,,10,SI,f38f5f30385aa8524d7ba9641e2d85d5d17a4e59fb584d0a0029d00f499a2e39,141431,1,Elaqboración de Trajes de Chinelo,jojutla-elaqboracion-de-trajes-de-chinelo,,"Poligonos Coordinados por Gustavo Alvarez 2026 SUR/Jojutla, Rosa Simón Chávez/Elaqboración de Trajes de Chinelo/Reunión del consejo de Río Seco y elaboración de trajes de chinelo 21..jpeg"
FOTO-AE2B86A378,Reunión del consejo de Río seco y elaboración de trajes de chinelo.jpeg,1wIOa8IIuR6AQOqAoQGo31uGfXYN8Lqay,https://drive.google.com/file/d/1wIOa8IIuR6AQOqAoQGo31uGfXYN8Lqay/view,MUNICIPIO,MOSTRAR_MUNICIPIO,Sur,Jojutla,,Sur,Jojutla,,0,Promotor,Rosa Simón Chávez,,Lote por evento,/foto/FOTO-AE2B86A378,,10,SI,ae2b86a3786fcbc3237550f5ca1c0c99528ddb65e2e7e54b04215d5fea8af201,217806,1,Elaqboración de Trajes de Chinelo,jojutla-elaqboracion-de-trajes-de-chinelo,,"Poligonos Coordinados por Gustavo Alvarez 2026 SUR/Jojutla, Rosa Simón Chávez/Elaqboración de Trajes de Chinelo/Reunión del consejo de Río seco y elaboración de trajes de chinelo.jpeg"
FOTO-84671BB2D3,WhatsApp Image 2026-01-21 at 10.50.23 AM (2).jpeg,1zt9mD1M19sEV7n-7JNYDxcJkEGO7Jy5f,https://drive.google.com/file/d/1zt9mD1M19sEV7n-7JNYDxcJkEGO7Jy5f/view,MUNICIPIO,MOSTRAR_MUNICIPIO,Sur,Jojutla,,Sur,Jojutla,,0,Promotor,Rosa Simón Chávez,,Lote por evento,/foto/FOTO-84671BB2D3,,10,SI,84671bb2d360ccdb3e158b32ceab27ac96b04cf0caafeb9d729fb8b11fe59d5e,230856,1,Elaqboración de Trajes de Chinelo,jojutla-elaqboracion-de-trajes-de-chinelo,2026-01-21,"Poligonos Coordinados por Gustavo Alvarez 2026 SUR/Jojutla, Rosa Simón Chávez/Elaqboración de Trajes de Chinelo/WhatsApp Image 2026-01-21 at 10.50.23 AM (2).jpeg"
FOTO-AD590C20CF,WhatsApp Image 2026-01-21 at 10.50.23 AM (3).jpeg,1eKXDjFfQm7Hz4UFIIa2ridq_3tDeXlBe,https://drive.google.com/file/d/1eKXDjFfQm7Hz4UFIIa2ridq_3tDeXlBe/view,MUNICIPIO,MOSTRAR_MUNICIPIO,Sur,Jojutla,,Sur,Jojutla,,0,Promotor,Rosa Simón Chávez,,Lote por evento,/foto/FOTO-AD590C20CF,,10,SI,ad590c20cf9a74b7dd68f9a6729b638bc2ae73da5552d47cd852b0d0e2acee35,146932,1,Elaqboración de Trajes de Chinelo,jojutla-elaqboracion-de-trajes-de-chinelo,2026-01-21,"Poligonos Coordinados por Gustavo Alvarez 2026 SUR/Jojutla, Rosa Simón Chávez/Elaqboración de Trajes de Chinelo/WhatsApp Image 2026-01-21 at 10.50.23 AM (3).jpeg"
FOTO-CAFD1C1635,WhatsApp Image 2026-01-21 at 10.50.23 AM (4).jpeg,1NlyfWfa0N2RSaRR2MnfpUS67Xz2lOW_Q,https://drive.google.com/file/d/1NlyfWfa0N2RSaRR2MnfpUS67Xz2lOW_Q/view,MUNICIPIO,MOSTRAR_MUNICIPIO,Sur,Jojutla,,Sur,Jojutla,,0,Promotor,Rosa Simón Chávez,,Lote por evento,/foto/FOTO-CAFD1C1635,,10,SI,cafd1c1635acb8e0f389aa3de65ddea4e16e26b60857673a0e6562f0bc91b3ef,167162,1,Elaqboración de Trajes de Chinelo,jojutla-elaqboracion-de-trajes-de-chinelo,2026-01-21,"Poligonos Coordinados por Gustavo Alvarez 2026 SUR/Jojutla, Rosa Simón Chávez/Elaqboración de Trajes de Chinelo/WhatsApp Image 2026-01-21 at 10.50.23 AM (4).jpeg"
FOTO-F71DF08155,"Entrega de jitomate jitomate, cebolla, y nopal. Jojutla 3. 05032026.jpeg",1OlCAXimYVwQ-t8ySnblin2H1-BvMGy0e,https://drive.google.com/file/d/1OlCAXimYVwQ-t8ySnblin2H1-BvMGy0e/view,MUNICIPIO,MOSTRAR_MUNICIPIO,Sur,Jojutla,,Sur,Jojutla,,0,Promotor,Rosa Simón Chávez,,Lote por evento,/foto/FOTO-F71DF08155,,10,SI,f71df08155c2a9fbf09d994444d845980f87d26bee1b7ff90d6acaa306ed77d8,331624,1,Entrega de hortalizas. Jojutla,jojutla-entrega-de-hortalizas-jojutla,2026-03-05,"Poligonos Coordinados por Gustavo Alvarez 2026 SUR/Jojutla, Rosa Simón Chávez/Entrega de hortalizas. Jojutla/Entrega de jitomate jitomate, cebolla, y nopal. Jojutla 3. 05032026.jpeg"
FOTO-581CA3B40E,"Entrega de Jitomate, cebolla y nopal, Jojutla 2. 05032026.jpeg",1XghVUOEYEKPITvifcl2nZ8Doib9WQEIR,https://drive.google.com/file/d/1XghVUOEYEKPITvifcl2nZ8Doib9WQEIR/view,MUNICIPIO,MOSTRAR_MUNICIPIO,Sur,Jojutla,,Sur,Jojutla,,0,Promotor,Rosa Simón Chávez,,Lote por evento,/foto/FOTO-581CA3B40E,,10,SI,581ca3b40e7747138493acadf070b05c4499fa8b6686f675a3c706ed7e502644,200790,1,Entrega de hortalizas. Jojutla,jojutla-entrega-de-hortalizas-jojutla,2026-03-05,"Poligonos Coordinados por Gustavo Alvarez 2026 SUR/Jojutla, Rosa Simón Chávez/Entrega de hortalizas. Jojutla/Entrega de Jitomate, cebolla y nopal, Jojutla 2. 05032026.jpeg"
FOTO-6C9BA1478A,"Entrega de Jitomate, Cebolla y nopal, Jojutla. 5032026.jpeg",1j9GUOcnBMKy0PmildGWbmDyWOC1cAbtw,https://drive.google.com/file/d/1j9GUOcnBMKy0PmildGWbmDyWOC1cAbtw/view,MUNICIPIO,MOSTRAR_MUNICIPIO,Sur,Jojutla,,Sur,Jojutla,,0,Promotor,Rosa Simón Chávez,,Lote por evento,/foto/FOTO-6C9BA1478A,,10,SI,6c9ba1478adb945c4c3191f2a92febcc1676b8efc7b2b54f7376cef7b188b645,182614,1,Entrega de hortalizas. Jojutla,jojutla-entrega-de-hortalizas-jojutla,,"Poligonos Coordinados por Gustavo Alvarez 2026 SUR/Jojutla, Rosa Simón Chávez/Entrega de hortalizas. Jojutla/Entrega de Jitomate, Cebolla y nopal, Jojutla. 5032026.jpeg"
FOTO-DFDCD323F4,Chisco en entrega de Jueguetes.jpeg,1tQIZB4VSA2O-duQEoNs8s-STURCf_-Jh,https://drive.google.com/file/d/1tQIZB4VSA2O-duQEoNs8s-STURCf_-Jh/view,MUNICIPIO,MOSTRAR_MUNICIPIO,Sur,Jojutla,,Sur,Jojutla,,0,Promotor,Rosa Simón Chávez,,Lote por evento,/foto/FOTO-DFDCD323F4,,10,SI,dfdcd323f453a0d2f61b30258ac13c1b5b91daa6f525deb0e697e39a31dc211e,185349,1,Entrega de juguetes,jojutla-entrega-de-juguetes,,"Poligonos Coordinados por Gustavo Alvarez 2026 SUR/Jojutla, Rosa Simón Chávez/Entrega de juguetes/Chisco en entrega de Jueguetes.jpeg"
FOTO-FC74FD67DB,Entrega de Jueguetes en Chisco 2.jpeg,15VA0QPXOx3m4tVD-X8q6IF-bueSPxwkl,https://drive.google.com/file/d/15VA0QPXOx3m4tVD-X8q6IF-bueSPxwkl/view,MUNICIPIO,MOSTRAR_MUNICIPIO,Sur,Jojutla,,Sur,Jojutla,,0,Promotor,Rosa Simón Chávez,,Lote por evento,/foto/FOTO-FC74FD67DB,,10,SI,fc74fd67db92f9fec420c67a0bc1e680bbab923d56f5b2a30cfca838a07d4c80,183699,1,Entrega de juguetes,jojutla-entrega-de-juguetes,,"Poligonos Coordinados por Gustavo Alvarez 2026 SUR/Jojutla, Rosa Simón Chávez/Entrega de juguetes/Entrega de Jueguetes en Chisco 2.jpeg"
FOTO-030C22FDDA,Entrega de Jueguetes en Chisco 3.jpeg,1yUErshVWugpTRoqHirzFRi45vOffaiuW,https://drive.google.com/file/d/1yUErshVWugpTRoqHirzFRi45vOffaiuW/view,MUNICIPIO,MOSTRAR_MUNICIPIO,Sur,Jojutla,,Sur,Jojutla,,0,Promotor,Rosa Simón Chávez,,Lote por evento,/foto/FOTO-030C22FDDA,,10,SI,030c22fdda4f22b0da9e2a2632bee2049c8488e49c24e8c76d59168dc4e98f53,183776,1,Entrega de juguetes,jojutla-entrega-de-juguetes,,"Poligonos Coordinados por Gustavo Alvarez 2026 SUR/Jojutla, Rosa Simón Chávez/Entrega de juguetes/Entrega de Jueguetes en Chisco 3.jpeg"
FOTO-AFED742F65,Entrega de Jueguetes en Chisco 4.jpeg,1LDjkFgucMAvnVJkvIrZ3ENMqpLsGiuVX,https://drive.google.com/file/d/1LDjkFgucMAvnVJkvIrZ3ENMqpLsGiuVX/view,MUNICIPIO,MOSTRAR_MUNICIPIO,Sur,Jojutla,,Sur,Jojutla,,0,Promotor,Rosa Simón Chávez,,Lote por evento,/foto/FOTO-AFED742F65,,10,SI,afed742f650fe04ceae7a0d07c4b9857c0b1cfeaf32f9cff6e3352322885330b,184746,1,Entrega de juguetes,jojutla-entrega-de-juguetes,,"Poligonos Coordinados por Gustavo Alvarez 2026 SUR/Jojutla, Rosa Simón Chávez/Entrega de juguetes/Entrega de Jueguetes en Chisco 4.jpeg"
FOTO-DE5A11353F,Entrega de Jueguetes en Chisco 5.jpeg,1W2JYeA7zhQAf1V6gblz_7YNbeaZa-30n,https://drive.google.com/file/d/1W2JYeA7zhQAf1V6gblz_7YNbeaZa-30n/view,MUNICIPIO,MOSTRAR_MUNICIPIO,Sur,Jojutla,,Sur,Jojutla,,0,Promotor,Rosa Simón Chávez,,Lote por evento,/foto/FOTO-DE5A11353F,,10,SI,de5a11353f7b158677a945495a89b2e7272b6c061cebc6e015681f54672e4bba,181721,1,Entrega de juguetes,jojutla-entrega-de-juguetes,,"Poligonos Coordinados por Gustavo Alvarez 2026 SUR/Jojutla, Rosa Simón Chávez/Entrega de juguetes/Entrega de Jueguetes en Chisco 5.jpeg"
FOTO-E3D2467DDD,Entrega de Jueguetes en Chisco 6.jpeg,1IIMvfHRnuio5XeHRGCmPv7TH4suVXFgc,https://drive.google.com/file/d/1IIMvfHRnuio5XeHRGCmPv7TH4suVXFgc/view,MUNICIPIO,MOSTRAR_MUNICIPIO,Sur,Jojutla,,Sur,Jojutla,,0,Promotor,Rosa Simón Chávez,,Lote por evento,/foto/FOTO-E3D2467DDD,,10,SI,e3d2467ddde33eae39d7603c63a28e85f8926721f99c18aa8d844cd0a434ac35,182878,1,Entrega de juguetes,jojutla-entrega-de-juguetes,,"Poligonos Coordinados por Gustavo Alvarez 2026 SUR/Jojutla, Rosa Simón Chávez/Entrega de juguetes/Entrega de Jueguetes en Chisco 6.jpeg"
FOTO-5ADDAE791F,Entrega de Jueguetes en Chisco 7.jpeg,1hfRb470BYV0Ro4y06OXiI2hx7PC0Af16,https://drive.google.com/file/d/1hfRb470BYV0Ro4y06OXiI2hx7PC0Af16/view,MUNICIPIO,MOSTRAR_MUNICIPIO,Sur,Jojutla,,Sur,Jojutla,,0,Promotor,Rosa Simón Chávez,,Lote por evento,/foto/FOTO-5ADDAE791F,,10,SI,5addae791f8d4f0224b2541a08ae46a3a41ed4a610c7403bdf9a7052502ce87a,180572,1,Entrega de juguetes,jojutla-entrega-de-juguetes,,"Poligonos Coordinados por Gustavo Alvarez 2026 SUR/Jojutla, Rosa Simón Chávez/Entrega de juguetes/Entrega de Jueguetes en Chisco 7.jpeg"
FOTO-916B6FB0A2,Entrega de Jueguetes en Chisco 8.jpeg,1mJZbz8RDQOQVZHOpXVmf0ISmUoxIFVSh,https://drive.google.com/file/d/1mJZbz8RDQOQVZHOpXVmf0ISmUoxIFVSh/view,MUNICIPIO,MOSTRAR_MUNICIPIO,Sur,Jojutla,,Sur,Jojutla,,0,Promotor,Rosa Simón Chávez,,Lote por evento,/foto/FOTO-916B6FB0A2,,10,SI,916b6fb0a28f3ad94cebace2b235e4f61a16997d18397a23656025a41d510025,195464,1,Entrega de juguetes,jojutla-entrega-de-juguetes,,"Poligonos Coordinados por Gustavo Alvarez 2026 SUR/Jojutla, Rosa Simón Chávez/Entrega de juguetes/Entrega de Jueguetes en Chisco 8.jpeg"
FOTO-207CA38C1F,Entrega de Jueguetes en Chisco 9.jpeg,1jLfAd5fHjUTPD6K5X6ZQ77lalsHy3qn0,https://drive.google.com/file/d/1jLfAd5fHjUTPD6K5X6ZQ77lalsHy3qn0/view,MUNICIPIO,MOSTRAR_MUNICIPIO,Sur,Jojutla,,Sur,Jojutla,,0,Promotor,Rosa Simón Chávez,,Lote por evento,/foto/FOTO-207CA38C1F,,10,SI,207ca38c1f045145cd4f280c9e361ab299d8a3aca6c535eefb093cf7e8ec3aba,266093,1,Entrega de juguetes,jojutla-entrega-de-juguetes,,"Poligonos Coordinados por Gustavo Alvarez 2026 SUR/Jojutla, Rosa Simón Chávez/Entrega de juguetes/Entrega de Jueguetes en Chisco 9.jpeg"
FOTO-579AB2A329,Entrega de Jueguetes en Río Seco  10.jpeg,1wLLl_e58y_YO-7L4GQfuurCtJ7UsEi7q,https://drive.google.com/file/d/1wLLl_e58y_YO-7L4GQfuurCtJ7UsEi7q/view,MUNICIPIO,MOSTRAR_MUNICIPIO,Sur,Jojutla,,Sur,Jojutla,,0,Promotor,Rosa Simón Chávez,,Lote por evento,/foto/FOTO-579AB2A329,,10,SI,579ab2a3292f555cd3b898d371446614eef3ca2b8ba1965d3e70613861c5914d,246570,1,Entrega de juguetes,jojutla-entrega-de-juguetes,,"Poligonos Coordinados por Gustavo Alvarez 2026 SUR/Jojutla, Rosa Simón Chávez/Entrega de juguetes/Entrega de Jueguetes en Río Seco  10.jpeg"
FOTO-5C574D4CA4,Entrega de Jueguetes en Río Seco 11.jpeg,1F7XL7hsCPxhTjnwBx0NPPCk3e7xWREcr,https://drive.google.com/file/d/1F7XL7hsCPxhTjnwBx0NPPCk3e7xWREcr/view,MUNICIPIO,MOSTRAR_MUNICIPIO,Sur,Jojutla,,Sur,Jojutla,,0,Promotor,Rosa Simón Chávez,,Lote por evento,/foto/FOTO-5C574D4CA4,,10,SI,5c574d4ca4638323b40bfd0ca0bf74d0799212c23dd618274e1902b752088458,225011,1,Entrega de juguetes,jojutla-entrega-de-juguetes,,"Poligonos Coordinados por Gustavo Alvarez 2026 SUR/Jojutla, Rosa Simón Chávez/Entrega de juguetes/Entrega de Jueguetes en Río Seco 11.jpeg"
FOTO-49B4467E20,Entrega de Jueguetes en Río Seco 12.jpeg,1NdLbhmTsVQVXaR2KhkpRxAncKVUhPFG3,https://drive.google.com/file/d/1NdLbhmTsVQVXaR2KhkpRxAncKVUhPFG3/view,MUNICIPIO,MOSTRAR_MUNICIPIO,Sur,Jojutla,,Sur,Jojutla,,0,Promotor,Rosa Simón Chávez,,Lote por evento,/foto/FOTO-49B4467E20,,10,SI,49b4467e20062c7fb07e14151cd3dc6123ca1ca6af66b3d5408d5194058312c9,267139,1,Entrega de juguetes,jojutla-entrega-de-juguetes,,"Poligonos Coordinados por Gustavo Alvarez 2026 SUR/Jojutla, Rosa Simón Chávez/Entrega de juguetes/Entrega de Jueguetes en Río Seco 12.jpeg"
FOTO-D1BA9ECFF9,Entrega de Jueguetes en Río seco 13.jpeg,1VO0gDX6XAu4dHCXBpxCf-g5sI99dp8a_,https://drive.google.com/file/d/1VO0gDX6XAu4dHCXBpxCf-g5sI99dp8a_/view,MUNICIPIO,MOSTRAR_MUNICIPIO,Sur,Jojutla,,Sur,Jojutla,,0,Promotor,Rosa Simón Chávez,,Lote por evento,/foto/FOTO-D1BA9ECFF9,,10,SI,d1ba9ecff9334dad22b531d13e6b7f031a31acb34b805080dfd18ed47d2f5f3b,237362,1,Entrega de juguetes,jojutla-entrega-de-juguetes,,"Poligonos Coordinados por Gustavo Alvarez 2026 SUR/Jojutla, Rosa Simón Chávez/Entrega de juguetes/Entrega de Jueguetes en Río seco 13.jpeg"
FOTO-FAE40CA5DC,Entrega de Jueguetes en Río Seco 14.jpeg,1zARg2qjyXWRGHZeOFDktDIQ8wcIvBBA9,https://drive.google.com/file/d/1zARg2qjyXWRGHZeOFDktDIQ8wcIvBBA9/view,MUNICIPIO,MOSTRAR_MUNICIPIO,Sur,Jojutla,,Sur,Jojutla,,0,Promotor,Rosa Simón Chávez,,Lote por evento,/foto/FOTO-FAE40CA5DC,,10,SI,fae40ca5dca192f0815cb18694df479adb1d5dab38c5181f8701e175027578da,219113,1,Entrega de juguetes,jojutla-entrega-de-juguetes,,"Poligonos Coordinados por Gustavo Alvarez 2026 SUR/Jojutla, Rosa Simón Chávez/Entrega de juguetes/Entrega de Jueguetes en Río Seco 14.jpeg"
FOTO-3359E2C137,Entrega de Jueguetes en Río Seco 15.jpeg,1INce4KbpNu6wq-va73kvt6xRI87HtKXK,https://drive.google.com/file/d/1INce4KbpNu6wq-va73kvt6xRI87HtKXK/view,MUNICIPIO,MOSTRAR_MUNICIPIO,Sur,Jojutla,,Sur,Jojutla,,0,Promotor,Rosa Simón Chávez,,Lote por evento,/foto/FOTO-3359E2C137,,10,SI,3359e2c137252aa178d65cfe69c18a4cd80338a59b7df494e49a7696d85e6c3b,262234,1,Entrega de juguetes,jojutla-entrega-de-juguetes,,"Poligonos Coordinados por Gustavo Alvarez 2026 SUR/Jojutla, Rosa Simón Chávez/Entrega de juguetes/Entrega de Jueguetes en Río Seco 15.jpeg"
FOTO-0530433222,Entrega de Juguetes en Chisco 1.jpeg,1FfbA247JLh-H6esOdJKpnyowKFoHvEil,https://drive.google.com/file/d/1FfbA247JLh-H6esOdJKpnyowKFoHvEil/view,MUNICIPIO,MOSTRAR_MUNICIPIO,Sur,Jojutla,,Sur,Jojutla,,0,Promotor,Rosa Simón Chávez,,Lote por evento,/foto/FOTO-0530433222,,10,SI,0530433222618051335a189f792a755b4d8e03038b1934f3513eec021412f25d,173885,1,Entrega de juguetes,jojutla-entrega-de-juguetes,,"Poligonos Coordinados por Gustavo Alvarez 2026 SUR/Jojutla, Rosa Simón Chávez/Entrega de juguetes/Entrega de Juguetes en Chisco 1.jpeg"
FOTO-7C4DDD3FCC,Entrega de Juguetes en Río Seco.jpeg,1SaDPn-6cxUnoaSK4EgR7y_EBQN3Qm2zp,https://drive.google.com/file/d/1SaDPn-6cxUnoaSK4EgR7y_EBQN3Qm2zp/view,MUNICIPIO,MOSTRAR_MUNICIPIO,Sur,Jojutla,,Sur,Jojutla,,0,Promotor,Rosa Simón Chávez,,Lote por evento,/foto/FOTO-7C4DDD3FCC,,10,SI,7c4ddd3fccff4a3e35f2986c6f5439caa064cb27751a169d704e5358bc72c355,294992,1,Entrega de juguetes,jojutla-entrega-de-juguetes,,"Poligonos Coordinados por Gustavo Alvarez 2026 SUR/Jojutla, Rosa Simón Chávez/Entrega de juguetes/Entrega de Juguetes en Río Seco.jpeg"
FOTO-05D7F46A25,"Taller de Estampado Textil, en Vicente Aranda Jojutla 1 2026-09-05.jpeg",1Q7eK4BLDv3UUvgDRZfvivRjrLsonESLZ,https://drive.google.com/file/d/1Q7eK4BLDv3UUvgDRZfvivRjrLsonESLZ/view,MUNICIPIO,MOSTRAR_MUNICIPIO,Sur,Jojutla,,Sur,Jojutla,,0,Promotor,Rosa Simón Chávez,,Lote por evento,/foto/FOTO-05D7F46A25,,10,SI,05d7f46a252e47ebe96d9d0a40692e477f0ec238aceb63a336ad4e078447ccc3,255824,1,Estampado textil,jojutla-estampado-textil,2026-09-05,"Poligonos Coordinados por Gustavo Alvarez 2026 SUR/Jojutla, Rosa Simón Chávez/Estampado textil/Taller de Estampado Textil, en Vicente Aranda Jojutla 1 2026-09-05.jpeg"
FOTO-33DF332632,"Taller de Estampado Textil, en Vicente Aranda Jojutla 2026-09-05.jpeg",1wFgcrl5v9mpoBhnCugT6oXvLhteTMN1z,https://drive.google.com/file/d/1wFgcrl5v9mpoBhnCugT6oXvLhteTMN1z/view,MUNICIPIO,MOSTRAR_MUNICIPIO,Sur,Jojutla,,Sur,Jojutla,,0,Promotor,Rosa Simón Chávez,,Lote por evento,/foto/FOTO-33DF332632,,10,SI,33df3326321ef917fadea34ae01c313bd279b59805cd418fdd6ab08d15b22fb0,250501,1,Estampado textil,jojutla-estampado-textil,2026-09-05,"Poligonos Coordinados por Gustavo Alvarez 2026 SUR/Jojutla, Rosa Simón Chávez/Estampado textil/Taller de Estampado Textil, en Vicente Aranda Jojutla 2026-09-05.jpeg"
FOTO-0D59C592CC,Faena en tenerias 1.jpeg,1krs2Zef3QiEQKidjPNavCNhs5vC6SZXt,https://drive.google.com/file/d/1krs2Zef3QiEQKidjPNavCNhs5vC6SZXt/view,MUNICIPIO,MOSTRAR_MUNICIPIO,Sur,Jojutla,,Sur,Jojutla,,0,Promotor,Rosa Simón Chávez,,Lote por evento,/foto/FOTO-0D59C592CC,,10,SI,0d59c592ccf56d41cf0b072af0f202d661a5ab333ab9bdb51356962a81f38a7d,298605,1,Faena-tequio,jojutla-faena-tequio,,"Poligonos Coordinados por Gustavo Alvarez 2026 SUR/Jojutla, Rosa Simón Chávez/Faena-tequio/Faena en tenerias 1.jpeg"
FOTO-158D746D18,Faenas en tenerias 2.jpeg,1Liby66Qs0boCpG7JKytGjm_cAKcrYlen,https://drive.google.com/file/d/1Liby66Qs0boCpG7JKytGjm_cAKcrYlen/view,MUNICIPIO,MOSTRAR_MUNICIPIO,Sur,Jojutla,,Sur,Jojutla,,0,Promotor,Rosa Simón Chávez,,Lote por evento,/foto/FOTO-158D746D18,,10,SI,158d746d188f361a2b6593b96550bf2ec371c9baa1d51940f02be19391f78ad7,300876,1,Faena-tequio,jojutla-faena-tequio,,"Poligonos Coordinados por Gustavo Alvarez 2026 SUR/Jojutla, Rosa Simón Chávez/Faena-tequio/Faenas en tenerias 2.jpeg"
FOTO-3A155D01B2,Junta y Faena en Tenería 1.jpeg,1ZWXXtlD9pit1giSfz7MGSZrAc_Z_EgAD,https://drive.google.com/file/d/1ZWXXtlD9pit1giSfz7MGSZrAc_Z_EgAD/view,MUNICIPIO,MOSTRAR_MUNICIPIO,Sur,Jojutla,,Sur,Jojutla,,0,Promotor,Rosa Simón Chávez,,Lote por evento,/foto/FOTO-3A155D01B2,,10,SI,3a155d01b2566b2dcadb8e012e8482997caea3b9babcfe2fbbaa1aad0e5823b5,255391,1,Faena-tequio,jojutla-faena-tequio,,"Poligonos Coordinados por Gustavo Alvarez 2026 SUR/Jojutla, Rosa Simón Chávez/Faena-tequio/Junta y Faena en Tenería 1.jpeg"
FOTO-8DBA4661EF,Junta y Faena en Tenería 2.jpeg,1tI4m3F3fukuNMbZx1XQdPOmDIcx62Tih,https://drive.google.com/file/d/1tI4m3F3fukuNMbZx1XQdPOmDIcx62Tih/view,MUNICIPIO,MOSTRAR_MUNICIPIO,Sur,Jojutla,,Sur,Jojutla,,0,Promotor,Rosa Simón Chávez,,Lote por evento,/foto/FOTO-8DBA4661EF,,10,SI,8dba4661ef144c95e057112c76685f80a0322871432a7e885b2c9f53c4239558,288585,1,Faena-tequio,jojutla-faena-tequio,,"Poligonos Coordinados por Gustavo Alvarez 2026 SUR/Jojutla, Rosa Simón Chávez/Faena-tequio/Junta y Faena en Tenería 2.jpeg"
FOTO-EDEE90F4DD,Junta y Faena en Tenería 3.jpeg,11CFCjYsmI5AnILfQcWYqlj-CLwDCSEaE,https://drive.google.com/file/d/11CFCjYsmI5AnILfQcWYqlj-CLwDCSEaE/view,MUNICIPIO,MOSTRAR_MUNICIPIO,Sur,Jojutla,,Sur,Jojutla,,0,Promotor,Rosa Simón Chávez,,Lote por evento,/foto/FOTO-EDEE90F4DD,,10,SI,edee90f4dd052b2d621e92bd494565fc0589d35a900dd5488d5e4a1aa975a54a,266530,1,Faena-tequio,jojutla-faena-tequio,,"Poligonos Coordinados por Gustavo Alvarez 2026 SUR/Jojutla, Rosa Simón Chávez/Faena-tequio/Junta y Faena en Tenería 3.jpeg"
FOTO-A8CE758DA1,Junta y Faena en Tenería 4.jpeg,1ecFRgvIfPKxj4rRfbn21r-JDKTLS8RBA,https://drive.google.com/file/d/1ecFRgvIfPKxj4rRfbn21r-JDKTLS8RBA/view,MUNICIPIO,MOSTRAR_MUNICIPIO,Sur,Jojutla,,Sur,Jojutla,,0,Promotor,Rosa Simón Chávez,,Lote por evento,/foto/FOTO-A8CE758DA1,,10,SI,a8ce758da178096d366ba91276b55eb7bb47af09247da891291a0b749e46c4bc,176905,1,Faena-tequio,jojutla-faena-tequio,,"Poligonos Coordinados por Gustavo Alvarez 2026 SUR/Jojutla, Rosa Simón Chávez/Faena-tequio/Junta y Faena en Tenería 4.jpeg"
FOTO-4F42CD4722,Junta y Faena en Tenería 5.jpeg,1PRW6kVVreOHt4c8v0MuF2EwTWxim5tml,https://drive.google.com/file/d/1PRW6kVVreOHt4c8v0MuF2EwTWxim5tml/view,MUNICIPIO,MOSTRAR_MUNICIPIO,Sur,Jojutla,,Sur,Jojutla,,0,Promotor,Rosa Simón Chávez,,Lote por evento,/foto/FOTO-4F42CD4722,,10,SI,4f42cd47221f3661540003e8c89f5e82f96ce95529f8e35652467ad68e86c0d3,127628,1,Faena-tequio,jojutla-faena-tequio,,"Poligonos Coordinados por Gustavo Alvarez 2026 SUR/Jojutla, Rosa Simón Chávez/Faena-tequio/Junta y Faena en Tenería 5.jpeg"
FOTO-5FD258A4B4,Junta y Faena en Tenería 6.jpeg,1RMwO0pjDXhHYWxW27hVV4vGd04K1Kg62,https://drive.google.com/file/d/1RMwO0pjDXhHYWxW27hVV4vGd04K1Kg62/view,MUNICIPIO,MOSTRAR_MUNICIPIO,Sur,Jojutla,,Sur,Jojutla,,0,Promotor,Rosa Simón Chávez,,Lote por evento,/foto/FOTO-5FD258A4B4,,10,SI,5fd258a4b4e5cdaf3e040130ae37a06383659fc34446058865ed78bc83327ef5,149119,1,Faena-tequio,jojutla-faena-tequio,,"Poligonos Coordinados por Gustavo Alvarez 2026 SUR/Jojutla, Rosa Simón Chávez/Faena-tequio/Junta y Faena en Tenería 6.jpeg"
FOTO-D152199C58,"Obra del Faispian, Río Seco 1 2026-09-01.jpeg",1MF1LMxW3idfltgaSR4BPlwXF8KF_kZX8,https://drive.google.com/file/d/1MF1LMxW3idfltgaSR4BPlwXF8KF_kZX8/view,MUNICIPIO,MOSTRAR_MUNICIPIO,Sur,Jojutla,,Sur,Jojutla,,0,Promotor,Rosa Simón Chávez,,Lote por evento,/foto/FOTO-D152199C58,,10,SI,d152199c58e0c5487899f6b664955c83b3e3497797c0a0188647c853f9d5a95f,151750,1,Obra FAIPIAM,jojutla-obra-faipiam,2026-09-01,"Poligonos Coordinados por Gustavo Alvarez 2026 SUR/Jojutla, Rosa Simón Chávez/Obra FAIPIAM/Obra del Faispian, Río Seco 1 2026-09-01.jpeg"
FOTO-5CC70AB5E0,"Obra del Faispian, Río Seco 2 2026-09-01.jpeg",1pML-ZluA5kw12Xcl1mBI4GQx9qrdhuYW,https://drive.google.com/file/d/1pML-ZluA5kw12Xcl1mBI4GQx9qrdhuYW/view,MUNICIPIO,MOSTRAR_MUNICIPIO,Sur,Jojutla,,Sur,Jojutla,,0,Promotor,Rosa Simón Chávez,,Lote por evento,/foto/FOTO-5CC70AB5E0,,10,SI,5cc70ab5e0835e3233aa8c632d6c2ee5d58f8ae6d7fd14be9cb67de46d4eaba1,211766,1,Obra FAIPIAM,jojutla-obra-faipiam,2026-09-01,"Poligonos Coordinados por Gustavo Alvarez 2026 SUR/Jojutla, Rosa Simón Chávez/Obra FAIPIAM/Obra del Faispian, Río Seco 2 2026-09-01.jpeg"
FOTO-A96FE6F8B8,"Obra del Faispian, Río Seco 3 2026-09-01.jpeg",1pZ96dla7ol6y4Q6IKzG-OplZPzH68B02,https://drive.google.com/file/d/1pZ96dla7ol6y4Q6IKzG-OplZPzH68B02/view,MUNICIPIO,MOSTRAR_MUNICIPIO,Sur,Jojutla,,Sur,Jojutla,,0,Promotor,Rosa Simón Chávez,,Lote por evento,/foto/FOTO-A96FE6F8B8,,10,SI,a96fe6f8b8892e5eaad76c3c25a5331bd88a359b9e73aac4088a3f061b7700f9,280184,1,Obra FAIPIAM,jojutla-obra-faipiam,2026-09-01,"Poligonos Coordinados por Gustavo Alvarez 2026 SUR/Jojutla, Rosa Simón Chávez/Obra FAIPIAM/Obra del Faispian, Río Seco 3 2026-09-01.jpeg"
FOTO-7EBDF70BB9,Pozo de agua de proyecto Faispian 2026-09-14.jpeg,1MmvK6LESZFoIJksSRZhjNdh45lhz0NoD,https://drive.google.com/file/d/1MmvK6LESZFoIJksSRZhjNdh45lhz0NoD/view,MUNICIPIO,MOSTRAR_MUNICIPIO,Sur,Jojutla,,Sur,Jojutla,,0,Promotor,Rosa Simón Chávez,,Lote por evento,/foto/FOTO-7EBDF70BB9,,10,SI,7ebdf70bb948d613b319f18fdb2aee5d2025c00e7ab462cd732ca277387872f9,233583,1,Obra FAIPIAM,jojutla-obra-faipiam,2026-09-14,"Poligonos Coordinados por Gustavo Alvarez 2026 SUR/Jojutla, Rosa Simón Chávez/Obra FAIPIAM/Pozo de agua de proyecto Faispian 2026-09-14.jpeg"
FOTO-F4F30D51A4,"Pozo de agua de proyecto Faispian, Jojutla  2026-09-14.jpeg",1BwXaKkT7uk987Bbetzlm2R3Xh7nHh3pr,https://drive.google.com/file/d/1BwXaKkT7uk987Bbetzlm2R3Xh7nHh3pr/view,MUNICIPIO,MOSTRAR_MUNICIPIO,Sur,Jojutla,,Sur,Jojutla,,0,Promotor,Rosa Simón Chávez,,Lote por evento,/foto/FOTO-F4F30D51A4,,10,SI,f4f30d51a45a55564396ec119bfeb998ef75ba5abd7edaf4fffed9cb85736d27,195835,1,Obra FAIPIAM,jojutla-obra-faipiam,2026-09-14,"Poligonos Coordinados por Gustavo Alvarez 2026 SUR/Jojutla, Rosa Simón Chávez/Obra FAIPIAM/Pozo de agua de proyecto Faispian, Jojutla  2026-09-14.jpeg"
FOTO-8C295283AE,Presentación de obras de FAISPIAN  23012026 Río Seco 1.jpeg,1Ls1P9Uh1RP_oryPt6RFC_RCqA3Co88p-,https://drive.google.com/file/d/1Ls1P9Uh1RP_oryPt6RFC_RCqA3Co88p-/view,MUNICIPIO,MOSTRAR_MUNICIPIO,Sur,Jojutla,,Sur,Jojutla,,0,Promotor,Rosa Simón Chávez,,Lote por evento,/foto/FOTO-8C295283AE,,10,SI,8c295283aecb5ab47b178d110b993c8ecbaf7ee68880938e98b6eb038a10a87e,213563,1,Obra FAIPIAM,jojutla-obra-faipiam,2026-01-23,"Poligonos Coordinados por Gustavo Alvarez 2026 SUR/Jojutla, Rosa Simón Chávez/Obra FAIPIAM/Presentación de obras de FAISPIAN  23012026 Río Seco 1.jpeg"
FOTO-423D5874D6,Reunión con consejo de Chisco sobre Faispiam  2026-08-28.jpeg,18Cc8IydQ1nx5767pk__SO_tyHKQ2zZsf,https://drive.google.com/file/d/18Cc8IydQ1nx5767pk__SO_tyHKQ2zZsf/view,MUNICIPIO,MOSTRAR_MUNICIPIO,Sur,Jojutla,,Sur,Jojutla,,0,Promotor,Rosa Simón Chávez,,Lote por evento,/foto/FOTO-423D5874D6,,10,SI,423d5874d628edb419e496dd42f26c6eaa70c06411641569177e9da130902fa7,232825,1,Obra FAIPIAM,jojutla-obra-faipiam,2026-08-28,"Poligonos Coordinados por Gustavo Alvarez 2026 SUR/Jojutla, Rosa Simón Chávez/Obra FAIPIAM/Reunión con consejo de Chisco sobre Faispiam  2026-08-28.jpeg"
FOTO-CDE76F7E0E,Reunión con consejo de Chisco sobre Faispiam 2  2026-08-28.jpeg,1GlgWX_bAxufxpSosVg0uxuhFJ8Y9q-1t,https://drive.google.com/file/d/1GlgWX_bAxufxpSosVg0uxuhFJ8Y9q-1t/view,MUNICIPIO,MOSTRAR_MUNICIPIO,Sur,Jojutla,,Sur,Jojutla,,0,Promotor,Rosa Simón Chávez,,Lote por evento,/foto/FOTO-CDE76F7E0E,,10,SI,cde76f7e0e3e7f474d7982141aa6e9237eca7e2271d64c510ca59ab4f646210b,226964,1,Obra FAIPIAM,jojutla-obra-faipiam,2026-08-28,"Poligonos Coordinados por Gustavo Alvarez 2026 SUR/Jojutla, Rosa Simón Chávez/Obra FAIPIAM/Reunión con consejo de Chisco sobre Faispiam 2  2026-08-28.jpeg"
FOTO-33756A2C3F,"Capacitación de los comités de Petate de Colores, Jojutla 1 2026-09-01.jpeg",135LrL9388zOjxly1bqIVldevEtPcedU5,https://drive.google.com/file/d/135LrL9388zOjxly1bqIVldevEtPcedU5/view,MUNICIPIO,MOSTRAR_MUNICIPIO,Sur,Jojutla,,Sur,Jojutla,,0,Promotor,Rosa Simón Chávez,,Lote por evento,/foto/FOTO-33756A2C3F,,10,SI,33756a2c3f1ae044b449851cb8eef3bea129732f801b5ab6b6af588b0137dcdf,217085,1,Petate de Colores,jojutla-petate-de-colores,2026-09-01,"Poligonos Coordinados por Gustavo Alvarez 2026 SUR/Jojutla, Rosa Simón Chávez/Petate de Colores/Capacitación de los comités de Petate de Colores, Jojutla 1 2026-09-01.jpeg"
FOTO-87EB71E13A,"Capacitación de los comités de Petate de Colores, Jojutla 2 2026-09-01.jpeg",1QAVgaWbovpJGMioox6vq3FSmXBDcSwyB,https://drive.google.com/file/d/1QAVgaWbovpJGMioox6vq3FSmXBDcSwyB/view,MUNICIPIO,MOSTRAR_MUNICIPIO,Sur,Jojutla,,Sur,Jojutla,,0,Promotor,Rosa Simón Chávez,,Lote por evento,/foto/FOTO-87EB71E13A,,10,SI,87eb71e13a9ed4bf4a6d57d822bfef76a202e272da1100253ba44d3fa76a139c,183848,1,Petate de Colores,jojutla-petate-de-colores,2026-09-01,"Poligonos Coordinados por Gustavo Alvarez 2026 SUR/Jojutla, Rosa Simón Chávez/Petate de Colores/Capacitación de los comités de Petate de Colores, Jojutla 2 2026-09-01.jpeg"
FOTO-9A38307BA5,"Capacitación de los comités de Petate de Colores, Jojutla 3 2026-09-01.jpeg",16ru7xdYzWd35aaIPyHe7ZzK-EFGCubWZ,https://drive.google.com/file/d/16ru7xdYzWd35aaIPyHe7ZzK-EFGCubWZ/view,MUNICIPIO,MOSTRAR_MUNICIPIO,Sur,Jojutla,,Sur,Jojutla,,0,Promotor,Rosa Simón Chávez,,Lote por evento,/foto/FOTO-9A38307BA5,,10,SI,9a38307ba59ee14cbbee3c9c9645f304604a75b9da24cfa883c90168ed9ad51b,235468,1,Petate de Colores,jojutla-petate-de-colores,2026-09-01,"Poligonos Coordinados por Gustavo Alvarez 2026 SUR/Jojutla, Rosa Simón Chávez/Petate de Colores/Capacitación de los comités de Petate de Colores, Jojutla 3 2026-09-01.jpeg"
FOTO-C285D8F6D1,"Capacitación de los comités de Petate de Colores, Jojutla 4 2026-09-01.jpeg",1WInrlOeQKusUql_dwkXvhrLOS6woomgN,https://drive.google.com/file/d/1WInrlOeQKusUql_dwkXvhrLOS6woomgN/view,MUNICIPIO,MOSTRAR_MUNICIPIO,Sur,Jojutla,,Sur,Jojutla,,0,Promotor,Rosa Simón Chávez,,Lote por evento,/foto/FOTO-C285D8F6D1,,10,SI,c285d8f6d1f66bcc850fd88191d371a89287251adc1c5bf4a3296045a5e9c023,158455,1,Petate de Colores,jojutla-petate-de-colores,2026-09-01,"Poligonos Coordinados por Gustavo Alvarez 2026 SUR/Jojutla, Rosa Simón Chávez/Petate de Colores/Capacitación de los comités de Petate de Colores, Jojutla 4 2026-09-01.jpeg"
FOTO-C63D2B2BE3,"Capacitación de Petate de Colores en Río Seco, Jojutla 1 2026-09-05.jpeg",1_PX58Q0WiZlgueqXcQPlv84lnjgay5sT,https://drive.google.com/file/d/1_PX58Q0WiZlgueqXcQPlv84lnjgay5sT/view,MUNICIPIO,MOSTRAR_MUNICIPIO,Sur,Jojutla,,Sur,Jojutla,,0,Promotor,Rosa Simón Chávez,,Lote por evento,/foto/FOTO-C63D2B2BE3,,10,SI,c63d2b2be370f4b7aaa3a746416474ad2eb31cb2e3c95037cdb12b44e1c04485,379234,1,Petate de Colores,jojutla-petate-de-colores,2026-09-05,"Poligonos Coordinados por Gustavo Alvarez 2026 SUR/Jojutla, Rosa Simón Chávez/Petate de Colores/Capacitación de Petate de Colores en Río Seco, Jojutla 1 2026-09-05.jpeg"
FOTO-02F0B7286B,"Capacitación de Petate de Colores en Río Seco, Jojutla 2 2026-09-05.jpeg",1y1hBLG_DUDgwwaxV_iqMu7ZkpCZH4Z0F,https://drive.google.com/file/d/1y1hBLG_DUDgwwaxV_iqMu7ZkpCZH4Z0F/view,MUNICIPIO,MOSTRAR_MUNICIPIO,Sur,Jojutla,,Sur,Jojutla,,0,Promotor,Rosa Simón Chávez,,Lote por evento,/foto/FOTO-02F0B7286B,,10,SI,02f0b7286bc9873842ae35902e86067677721b820d07a8154200d7b85be65412,225425,1,Petate de Colores,jojutla-petate-de-colores,2026-09-05,"Poligonos Coordinados por Gustavo Alvarez 2026 SUR/Jojutla, Rosa Simón Chávez/Petate de Colores/Capacitación de Petate de Colores en Río Seco, Jojutla 2 2026-09-05.jpeg"
FOTO-9ECB662B7C,"Capacitación de Petate de Colores en Río Seco, Jojutla 3 2026-09-05.jpeg",1F855-akaqYAmVTYlZZkhDm11UIOPxQJd,https://drive.google.com/file/d/1F855-akaqYAmVTYlZZkhDm11UIOPxQJd/view,MUNICIPIO,MOSTRAR_MUNICIPIO,Sur,Jojutla,,Sur,Jojutla,,0,Promotor,Rosa Simón Chávez,,Lote por evento,/foto/FOTO-9ECB662B7C,,10,SI,9ecb662b7c9cc2dd12f65477e5a1d5e56af884c2f3e0d3397427d9d309856482,361691,1,Petate de Colores,jojutla-petate-de-colores,2026-09-05,"Poligonos Coordinados por Gustavo Alvarez 2026 SUR/Jojutla, Rosa Simón Chávez/Petate de Colores/Capacitación de Petate de Colores en Río Seco, Jojutla 3 2026-09-05.jpeg"
FOTO-2D164F5467,"Capacitación de Petate de Colores en Río Seco, Jojutla 4 2026-09-05.jpeg",1fovRIlw6yVYxVNS7QsJOOL5qMotmkv99,https://drive.google.com/file/d/1fovRIlw6yVYxVNS7QsJOOL5qMotmkv99/view,MUNICIPIO,MOSTRAR_MUNICIPIO,Sur,Jojutla,,Sur,Jojutla,,0,Promotor,Rosa Simón Chávez,,Lote por evento,/foto/FOTO-2D164F5467,,10,SI,2d164f5467158b68ef491036c39aec31a4b00e3e3b22b20241d06365ac1eb7f5,279392,1,Petate de Colores,jojutla-petate-de-colores,2026-09-05,"Poligonos Coordinados por Gustavo Alvarez 2026 SUR/Jojutla, Rosa Simón Chávez/Petate de Colores/Capacitación de Petate de Colores en Río Seco, Jojutla 4 2026-09-05.jpeg"
FOTO-3D2FF205FD,"Capacitación de Petate de Colores en Río Seco, Jojutla 5 2026-09-05.jpeg",1ffsQCx9Gihq20-HpfD2vB1NfjAhD7eet,https://drive.google.com/file/d/1ffsQCx9Gihq20-HpfD2vB1NfjAhD7eet/view,MUNICIPIO,MOSTRAR_MUNICIPIO,Sur,Jojutla,,Sur,Jojutla,,0,Promotor,Rosa Simón Chávez,,Lote por evento,/foto/FOTO-3D2FF205FD,,10,SI,3d2ff205fd8fedc2a0bad097f80eb509cfa260e89a93071cd1f83c6249f20582,234511,1,Petate de Colores,jojutla-petate-de-colores,2026-09-05,"Poligonos Coordinados por Gustavo Alvarez 2026 SUR/Jojutla, Rosa Simón Chávez/Petate de Colores/Capacitación de Petate de Colores en Río Seco, Jojutla 5 2026-09-05.jpeg"
FOTO-515ADD716C,"Capacitación de Petate de Colores en Río Seco, Jojutla 6 2026-09-05.jpeg",13nlIcTvAzK8QDvXqNqfF3UwSwylq-E8K,https://drive.google.com/file/d/13nlIcTvAzK8QDvXqNqfF3UwSwylq-E8K/view,MUNICIPIO,MOSTRAR_MUNICIPIO,Sur,Jojutla,,Sur,Jojutla,,0,Promotor,Rosa Simón Chávez,,Lote por evento,/foto/FOTO-515ADD716C,,10,SI,515add716cee1bd64da5f07261964a2931f3e1471b2d7b6eecf1e539306645ec,384057,1,Petate de Colores,jojutla-petate-de-colores,2026-09-05,"Poligonos Coordinados por Gustavo Alvarez 2026 SUR/Jojutla, Rosa Simón Chávez/Petate de Colores/Capacitación de Petate de Colores en Río Seco, Jojutla 6 2026-09-05.jpeg"
FOTO-0241B9BE85,"Capacitación de Petate de Colores en Río Seco, Jojutla 7 2026-09-05.jpeg",1LilWKXCU5svHb1M5OR3U_s275Dw0J1wN,https://drive.google.com/file/d/1LilWKXCU5svHb1M5OR3U_s275Dw0J1wN/view,MUNICIPIO,MOSTRAR_MUNICIPIO,Sur,Jojutla,,Sur,Jojutla,,0,Promotor,Rosa Simón Chávez,,Lote por evento,/foto/FOTO-0241B9BE85,,10,SI,0241b9be85b1e9e16017cf7ab3dbdc64b2262cc03b34e25b426cdc492af18724,204829,1,Petate de Colores,jojutla-petate-de-colores,2026-09-05,"Poligonos Coordinados por Gustavo Alvarez 2026 SUR/Jojutla, Rosa Simón Chávez/Petate de Colores/Capacitación de Petate de Colores en Río Seco, Jojutla 7 2026-09-05.jpeg"
FOTO-70FE9D44A8,"Proyecto al fomento deportivo. Chisco, Petate de Colores 1.jpeg",1xfy_zcxZv3F-D4iGEY4CBX9AysazEC8H,https://drive.google.com/file/d/1xfy_zcxZv3F-D4iGEY4CBX9AysazEC8H/view,MUNICIPIO,MOSTRAR_MUNICIPIO,Sur,Jojutla,,Sur,Jojutla,,0,Promotor,Rosa Simón Chávez,,Lote por evento,/foto/FOTO-70FE9D44A8,,10,SI,70fe9d44a84723257330cfef1e5ad507d7621987f18389fe4f4d4f5b1fa66706,90830,1,Petate de Colores,jojutla-petate-de-colores,,"Poligonos Coordinados por Gustavo Alvarez 2026 SUR/Jojutla, Rosa Simón Chávez/Petate de Colores/Proyecto al fomento deportivo. Chisco, Petate de Colores 1.jpeg"
FOTO-079A2B5500,"Proyecto al fomento deportivo. Chisco, Petate de Colores 3.jpeg",1k5dICNswq4NVxGqp89GLQvxThnrgClFm,https://drive.google.com/file/d/1k5dICNswq4NVxGqp89GLQvxThnrgClFm/view,MUNICIPIO,MOSTRAR_MUNICIPIO,Sur,Jojutla,,Sur,Jojutla,,0,Promotor,Rosa Simón Chávez,,Lote por evento,/foto/FOTO-079A2B5500,,10,SI,079a2b55003b4e729d64f9a112c7ee0aac28406238b28d06d5b385205474e04e,114053,1,Petate de Colores,jojutla-petate-de-colores,,"Poligonos Coordinados por Gustavo Alvarez 2026 SUR/Jojutla, Rosa Simón Chávez/Petate de Colores/Proyecto al fomento deportivo. Chisco, Petate de Colores 3.jpeg"
FOTO-F625A02668,Reunión del Consejo en Chisco para trabajar en proyectos deportivos.jpeg,1HMWse54aEHlRrPFW6n5nFr-Bwlbr2TIZ,https://drive.google.com/file/d/1HMWse54aEHlRrPFW6n5nFr-Bwlbr2TIZ/view,MUNICIPIO,MOSTRAR_MUNICIPIO,Sur,Jojutla,,Sur,Jojutla,,0,Promotor,Rosa Simón Chávez,,Lote por evento,/foto/FOTO-F625A02668,,10,SI,f625a02668f6df4cd4ccec1648fcd69d5c645f748d30dba373a79bdfc2432b64,395012,1,Petate de Colores,jojutla-petate-de-colores,,"Poligonos Coordinados por Gustavo Alvarez 2026 SUR/Jojutla, Rosa Simón Chávez/Petate de Colores/Reunión del Consejo en Chisco para trabajar en proyectos deportivos.jpeg"
FOTO-89C430F4BA,"Apoyando a llenar los formatos de Piso Firme en Chisco, Jojutla 2026-09-05.jpeg",1jl1fOLnOzuHJj_7FpUsl0HC_0bE6SHoy,https://drive.google.com/file/d/1jl1fOLnOzuHJj_7FpUsl0HC_0bE6SHoy/view,MUNICIPIO,MOSTRAR_MUNICIPIO,Sur,Jojutla,,Sur,Jojutla,,0,Promotor,Rosa Simón Chávez,,Lote por evento,/foto/FOTO-89C430F4BA,,10,SI,89c430f4bae73c6211ddcaaca9f881540e7e37b822588c2d012ae3f886fca405,237997,1,Piso Firme,jojutla-piso-firme,2026-09-05,"Poligonos Coordinados por Gustavo Alvarez 2026 SUR/Jojutla, Rosa Simón Chávez/Piso Firme/Apoyando a llenar los formatos de Piso Firme en Chisco, Jojutla 2026-09-05.jpeg"
FOTO-9A855DAFEF,Registro en Chisco Jojutla 2026-09-07).jpeg,1qaA6SpSxUnZejEzYIZhN8oxwJZUn96ri,https://drive.google.com/file/d/1qaA6SpSxUnZejEzYIZhN8oxwJZUn96ri/view,MUNICIPIO,MOSTRAR_MUNICIPIO,Sur,Jojutla,,Sur,Jojutla,,0,Promotor,Rosa Simón Chávez,,Lote por evento,/foto/FOTO-9A855DAFEF,,10,SI,9a855dafefdbf704b0acf87bfa376701f5c72193c6d59ebd9188b6d94191a1e9,161836,1,Piso Firme,jojutla-piso-firme,2026-09-07,"Poligonos Coordinados por Gustavo Alvarez 2026 SUR/Jojutla, Rosa Simón Chávez/Piso Firme/Registro en Chisco Jojutla 2026-09-07).jpeg"
FOTO-649C58FDF5,"Registro en Chisco, Jojutla 2026-09-07.jpeg",1DjNkBVmhjSEfsdaJFIhJNtan0PSY6rw8,https://drive.google.com/file/d/1DjNkBVmhjSEfsdaJFIhJNtan0PSY6rw8/view,MUNICIPIO,MOSTRAR_MUNICIPIO,Sur,Jojutla,,Sur,Jojutla,,0,Promotor,Rosa Simón Chávez,,Lote por evento,/foto/FOTO-649C58FDF5,,10,SI,649c58fdf5c49c187f15a359aafcf35d84f44a16c88dcd84f6eee7c882d7ef63,176428,1,Piso Firme,jojutla-piso-firme,2026-09-07,"Poligonos Coordinados por Gustavo Alvarez 2026 SUR/Jojutla, Rosa Simón Chávez/Piso Firme/Registro en Chisco, Jojutla 2026-09-07.jpeg"
FOTO-EB6D34C9CD,"Registros de piso firme, Jojutla 1 2026-09-09.jpeg",1qQaIE2ymg711J-nryGx-mUwyq-yoIesL,https://drive.google.com/file/d/1qQaIE2ymg711J-nryGx-mUwyq-yoIesL/view,MUNICIPIO,MOSTRAR_MUNICIPIO,Sur,Jojutla,,Sur,Jojutla,,0,Promotor,Rosa Simón Chávez,,Lote por evento,/foto/FOTO-EB6D34C9CD,,10,SI,eb6d34c9cd2480661d645ac442856c2646ad87078bf1f279315c000edc8e3ee6,221674,1,Piso Firme,jojutla-piso-firme,2026-09-09,"Poligonos Coordinados por Gustavo Alvarez 2026 SUR/Jojutla, Rosa Simón Chávez/Piso Firme/Registros de piso firme, Jojutla 1 2026-09-09.jpeg"
FOTO-5F0682B58B,"Registros de piso firme, Jojutla 2 2026-09-09.jpeg",1hgWgQTDAMmmBI-yNtovU0S1l1kCnvlxx,https://drive.google.com/file/d/1hgWgQTDAMmmBI-yNtovU0S1l1kCnvlxx/view,MUNICIPIO,MOSTRAR_MUNICIPIO,Sur,Jojutla,,Sur,Jojutla,,0,Promotor,Rosa Simón Chávez,,Lote por evento,/foto/FOTO-5F0682B58B,,10,SI,5f0682b58b32f84ed6a1041d5a53c3613fe7044b7d161672e6074ef888ed826e,281668,1,Piso Firme,jojutla-piso-firme,2026-09-09,"Poligonos Coordinados por Gustavo Alvarez 2026 SUR/Jojutla, Rosa Simón Chávez/Piso Firme/Registros de piso firme, Jojutla 2 2026-09-09.jpeg"
FOTO-C6017FC2DD,"Registros de piso firme, Jojutla 3 2026-09-09.jpeg",17MXRi1yxg8GCMUefm4XHZ-AwN4SQxKj9,https://drive.google.com/file/d/17MXRi1yxg8GCMUefm4XHZ-AwN4SQxKj9/view,MUNICIPIO,MOSTRAR_MUNICIPIO,Sur,Jojutla,,Sur,Jojutla,,0,Promotor,Rosa Simón Chávez,,Lote por evento,/foto/FOTO-C6017FC2DD,,10,SI,c6017fc2ddb45cb4a01c26f27ebfbb747bbe54c0446bae5917b44003132a2581,368523,1,Piso Firme,jojutla-piso-firme,2026-09-09,"Poligonos Coordinados por Gustavo Alvarez 2026 SUR/Jojutla, Rosa Simón Chávez/Piso Firme/Registros de piso firme, Jojutla 3 2026-09-09.jpeg"
FOTO-95EDC73C5E,Preparación para segundo encuentro. Comunidad de Río Seco 2026-09-14.jpeg,1MyoS5lAAKV1Y98UjYSTMssulSn1Q5xdL,https://drive.google.com/file/d/1MyoS5lAAKV1Y98UjYSTMssulSn1Q5xdL/view,MUNICIPIO,MOSTRAR_MUNICIPIO,Sur,Jojutla,,Sur,Jojutla,,0,Promotor,Rosa Simón Chávez,,Lote por evento,/foto/FOTO-95EDC73C5E,,10,SI,95edc73c5e16b3902f2a4feb3d8587cc768892b47dcdee90ac35765e0e4e25f7,176025,1,Preparación para segundo encuentro. Comunidad de Río Seco,jojutla-preparacion-para-segundo-encuentro-comunidad-de-rio-seco,2026-09-14,"Poligonos Coordinados por Gustavo Alvarez 2026 SUR/Jojutla, Rosa Simón Chávez/Preparación para segundo encuentro. Comunidad de Río Seco 2026-09-14.jpeg"
FOTO-C3CDA87C44,Seguimiento al proyecto de Semillas de Esperanza a cargo de Abigail 1.jpeg,10spHbDNjRljOWM35MwYoS9rra6uvzFi4,https://drive.google.com/file/d/10spHbDNjRljOWM35MwYoS9rra6uvzFi4/view,MUNICIPIO,MOSTRAR_MUNICIPIO,Sur,Jojutla,,Sur,Jojutla,,0,Promotor,Rosa Simón Chávez,,Lote por evento,/foto/FOTO-C3CDA87C44,,10,SI,c3cda87c448cf0950f95a9e935bfb70bb3c00171b52c697c3f6ad260f44dc81a,341995,1,Proyecto Semillas de Esperanza,jojutla-proyecto-semillas-de-esperanza,,"Poligonos Coordinados por Gustavo Alvarez 2026 SUR/Jojutla, Rosa Simón Chávez/Proyecto Semillas de Esperanza/Seguimiento al proyecto de Semillas de Esperanza a cargo de Abigail 1.jpeg"
FOTO-E95AF70706,Seguimiento al proyecto de Semillas de Esperanza a cargo de Abigail 10.jpeg,1i5n-n4pxmz-0pzyjb1trmUVAwZtA0OEb,https://drive.google.com/file/d/1i5n-n4pxmz-0pzyjb1trmUVAwZtA0OEb/view,MUNICIPIO,MOSTRAR_MUNICIPIO,Sur,Jojutla,,Sur,Jojutla,,0,Promotor,Rosa Simón Chávez,,Lote por evento,/foto/FOTO-E95AF70706,,10,SI,e95af707060a0fb9b12a059790d64e8be478dcff012f6f574c7bbd135f2e6b75,410550,1,Proyecto Semillas de Esperanza,jojutla-proyecto-semillas-de-esperanza,,"Poligonos Coordinados por Gustavo Alvarez 2026 SUR/Jojutla, Rosa Simón Chávez/Proyecto Semillas de Esperanza/Seguimiento al proyecto de Semillas de Esperanza a cargo de Abigail 10.jpeg"
FOTO-1C40473354,Seguimiento al proyecto de Semillas de Esperanza a cargo de Abigail 2.jpeg,1fCFcwqx-Xl_aAmuxXWYtRwY1WkHqg_QN,https://drive.google.com/file/d/1fCFcwqx-Xl_aAmuxXWYtRwY1WkHqg_QN/view,MUNICIPIO,MOSTRAR_MUNICIPIO,Sur,Jojutla,,Sur,Jojutla,,0,Promotor,Rosa Simón Chávez,,Lote por evento,/foto/FOTO-1C40473354,,10,SI,1c40473354849a9bf346b2fca4b5034e0ca97b6010af1059a029748c0bf3e1ba,380217,1,Proyecto Semillas de Esperanza,jojutla-proyecto-semillas-de-esperanza,,"Poligonos Coordinados por Gustavo Alvarez 2026 SUR/Jojutla, Rosa Simón Chávez/Proyecto Semillas de Esperanza/Seguimiento al proyecto de Semillas de Esperanza a cargo de Abigail 2.jpeg"
FOTO-8499977CC5,Seguimiento al proyecto de Semillas de Esperanza a cargo de Abigail 3.jpeg,1_LbLs1b5mNVBjRyiwowDrqGz8uH95d0D,https://drive.google.com/file/d/1_LbLs1b5mNVBjRyiwowDrqGz8uH95d0D/view,MUNICIPIO,MOSTRAR_MUNICIPIO,Sur,Jojutla,,Sur,Jojutla,,0,Promotor,Rosa Simón Chávez,,Lote por evento,/foto/FOTO-8499977CC5,,10,SI,8499977cc5c92e4486ac6f5cf6c3f3e13699f72459603fa72149cb7aa0a4d68a,292861,1,Proyecto Semillas de Esperanza,jojutla-proyecto-semillas-de-esperanza,,"Poligonos Coordinados por Gustavo Alvarez 2026 SUR/Jojutla, Rosa Simón Chávez/Proyecto Semillas de Esperanza/Seguimiento al proyecto de Semillas de Esperanza a cargo de Abigail 3.jpeg"
FOTO-DDC46C3C78,Seguimiento al proyecto de Semillas de Esperanza a cargo de Abigail 4.jpeg,1eC2DWXpMAP6xBS7fXBCF-96QuQl3Bgoz,https://drive.google.com/file/d/1eC2DWXpMAP6xBS7fXBCF-96QuQl3Bgoz/view,MUNICIPIO,MOSTRAR_MUNICIPIO,Sur,Jojutla,,Sur,Jojutla,,0,Promotor,Rosa Simón Chávez,,Lote por evento,/foto/FOTO-DDC46C3C78,,10,SI,ddc46c3c7896699bff041fec3ebc52aca9bb7b199510c46dcb0f5bc1f21f056d,241617,1,Proyecto Semillas de Esperanza,jojutla-proyecto-semillas-de-esperanza,,"Poligonos Coordinados por Gustavo Alvarez 2026 SUR/Jojutla, Rosa Simón Chávez/Proyecto Semillas de Esperanza/Seguimiento al proyecto de Semillas de Esperanza a cargo de Abigail 4.jpeg"
FOTO-B7F4263FE5,Seguimiento al proyecto de Semillas de Esperanza a cargo de Abigail 5.jpeg,1R0bG4DNHHGmur9W6XBFNByTusmgNGH6S,https://drive.google.com/file/d/1R0bG4DNHHGmur9W6XBFNByTusmgNGH6S/view,MUNICIPIO,MOSTRAR_MUNICIPIO,Sur,Jojutla,,Sur,Jojutla,,0,Promotor,Rosa Simón Chávez,,Lote por evento,/foto/FOTO-B7F4263FE5,,10,SI,b7f4263fe5adfcb38c4b329920f337011666f794bee8cc28b5a4edfd33f7bfed,394288,1,Proyecto Semillas de Esperanza,jojutla-proyecto-semillas-de-esperanza,,"Poligonos Coordinados por Gustavo Alvarez 2026 SUR/Jojutla, Rosa Simón Chávez/Proyecto Semillas de Esperanza/Seguimiento al proyecto de Semillas de Esperanza a cargo de Abigail 5.jpeg"
FOTO-A57ADD383B,Seguimiento al proyecto de Semillas de Esperanza a cargo de Abigail 6.jpeg,1Q-wMP_wmis2E1yFMMr3G-vDTKR1FrnTA,https://drive.google.com/file/d/1Q-wMP_wmis2E1yFMMr3G-vDTKR1FrnTA/view,MUNICIPIO,MOSTRAR_MUNICIPIO,Sur,Jojutla,,Sur,Jojutla,,0,Promotor,Rosa Simón Chávez,,Lote por evento,/foto/FOTO-A57ADD383B,,10,SI,a57add383b3512ec78435476ff95ecae9342d64198070f2483aa0e111122b772,223805,1,Proyecto Semillas de Esperanza,jojutla-proyecto-semillas-de-esperanza,,"Poligonos Coordinados por Gustavo Alvarez 2026 SUR/Jojutla, Rosa Simón Chávez/Proyecto Semillas de Esperanza/Seguimiento al proyecto de Semillas de Esperanza a cargo de Abigail 6.jpeg"
FOTO-89BE39D8DD,Seguimiento al proyecto de Semillas de Esperanza a cargo de Abigail 7.jpeg,1MxVHLw09HLPRHZUbom_oPq9z3BpedDmL,https://drive.google.com/file/d/1MxVHLw09HLPRHZUbom_oPq9z3BpedDmL/view,MUNICIPIO,MOSTRAR_MUNICIPIO,Sur,Jojutla,,Sur,Jojutla,,0,Promotor,Rosa Simón Chávez,,Lote por evento,/foto/FOTO-89BE39D8DD,,10,SI,89be39d8dd25662e4316d3594e6b279dd7b9800a4555e6d2b1b99f13e373edf0,401212,1,Proyecto Semillas de Esperanza,jojutla-proyecto-semillas-de-esperanza,,"Poligonos Coordinados por Gustavo Alvarez 2026 SUR/Jojutla, Rosa Simón Chávez/Proyecto Semillas de Esperanza/Seguimiento al proyecto de Semillas de Esperanza a cargo de Abigail 7.jpeg"
FOTO-DF5D41338A,Seguimiento al proyecto de Semillas de Esperanza a cargo de Abigail 8.jpeg,17tNhxDfBwqAQoj7TvLZW40bYyK_mbJ6p,https://drive.google.com/file/d/17tNhxDfBwqAQoj7TvLZW40bYyK_mbJ6p/view,MUNICIPIO,MOSTRAR_MUNICIPIO,Sur,Jojutla,,Sur,Jojutla,,0,Promotor,Rosa Simón Chávez,,Lote por evento,/foto/FOTO-DF5D41338A,,10,SI,df5d41338ac8de286721ae23e0a1487e7049da2601361620ccdcca88fae1854a,339034,1,Proyecto Semillas de Esperanza,jojutla-proyecto-semillas-de-esperanza,,"Poligonos Coordinados por Gustavo Alvarez 2026 SUR/Jojutla, Rosa Simón Chávez/Proyecto Semillas de Esperanza/Seguimiento al proyecto de Semillas de Esperanza a cargo de Abigail 8.jpeg"
FOTO-FA8DDB1CA2,Seguimiento al proyecto de Semillas de Esperanza a cargo de Abigail 9.jpeg,19SshuZMWVRN0dmCCrcDn9k12bUMB22h3,https://drive.google.com/file/d/19SshuZMWVRN0dmCCrcDn9k12bUMB22h3/view,MUNICIPIO,MOSTRAR_MUNICIPIO,Sur,Jojutla,,Sur,Jojutla,,0,Promotor,Rosa Simón Chávez,,Lote por evento,/foto/FOTO-FA8DDB1CA2,,10,SI,fa8ddb1ca2ae8151cbd8be78a4324a1db71c72b2e7de470d0887fecb54c861e7,415472,1,Proyecto Semillas de Esperanza,jojutla-proyecto-semillas-de-esperanza,,"Poligonos Coordinados por Gustavo Alvarez 2026 SUR/Jojutla, Rosa Simón Chávez/Proyecto Semillas de Esperanza/Seguimiento al proyecto de Semillas de Esperanza a cargo de Abigail 9.jpeg"
FOTO-6B8F603E8F,Ensayo de Voleibol en Chisco  2.jpeg,1fZPnCd5Gq5gkFJz0MswDRXgF0b6Ahk-g,https://drive.google.com/file/d/1fZPnCd5Gq5gkFJz0MswDRXgF0b6Ahk-g/view,MUNICIPIO,MOSTRAR_MUNICIPIO,Sur,Jojutla,,Sur,Jojutla,,0,Promotor,Rosa Simón Chávez,,Lote por evento,/foto/FOTO-6B8F603E8F,,10,SI,6b8f603e8fb0215c9b0e2bef4d54454af64f24a316f39acfa4648159749d0c09,133003,1,Práctica deportiva,jojutla-practica-deportiva,,"Poligonos Coordinados por Gustavo Alvarez 2026 SUR/Jojutla, Rosa Simón Chávez/Práctica deportiva/Ensayo de Voleibol en Chisco  2.jpeg"
FOTO-A44D49EE8E,Ensayo de Voleibol en Chisco 1.jpeg,1-LsQdeIvFVRv7h9LBcFOK2Zr5bC6Yb-1,https://drive.google.com/file/d/1-LsQdeIvFVRv7h9LBcFOK2Zr5bC6Yb-1/view,MUNICIPIO,MOSTRAR_MUNICIPIO,Sur,Jojutla,,Sur,Jojutla,,0,Promotor,Rosa Simón Chávez,,Lote por evento,/foto/FOTO-A44D49EE8E,,10,SI,a44d49ee8eb49ca2e9bdf7b87b2a924633f226fb59e627cf6a8c949a5f2880ce,148579,1,Práctica deportiva,jojutla-practica-deportiva,,"Poligonos Coordinados por Gustavo Alvarez 2026 SUR/Jojutla, Rosa Simón Chávez/Práctica deportiva/Ensayo de Voleibol en Chisco 1.jpeg"
FOTO-33CF90D937,Práctica de basquetbol..jpeg,1QwEaHL8__r4i2Fjzf1R5ZBPet2FIHrMV,https://drive.google.com/file/d/1QwEaHL8__r4i2Fjzf1R5ZBPet2FIHrMV/view,MUNICIPIO,MOSTRAR_MUNICIPIO,Sur,Jojutla,,Sur,Jojutla,,0,Promotor,Rosa Simón Chávez,,Lote por evento,/foto/FOTO-33CF90D937,,10,SI,33cf90d93783a5e947e55fa3892dc7059d3490900a3813056b86e3d19c74ef31,86200,1,Práctica deportiva,jojutla-practica-deportiva,,"Poligonos Coordinados por Gustavo Alvarez 2026 SUR/Jojutla, Rosa Simón Chávez/Práctica deportiva/Práctica de basquetbol..jpeg"
FOTO-F73EEA89E9,Tarde de entrenamiento en Chisco..jpeg,1g5JMeXdDp_XC04wUUxko7VdSN6AJ8pEf,https://drive.google.com/file/d/1g5JMeXdDp_XC04wUUxko7VdSN6AJ8pEf/view,MUNICIPIO,MOSTRAR_MUNICIPIO,Sur,Jojutla,,Sur,Jojutla,,0,Promotor,Rosa Simón Chávez,,Lote por evento,/foto/FOTO-F73EEA89E9,,10,SI,f73eea89e97150e1ddd21ad0885e14d51454e590e56869d3a19c9541d7382558,133550,1,Práctica deportiva,jojutla-practica-deportiva,,"Poligonos Coordinados por Gustavo Alvarez 2026 SUR/Jojutla, Rosa Simón Chávez/Práctica deportiva/Tarde de entrenamiento en Chisco..jpeg"
FOTO-618E167EBA,"Taller de cartonería en Río Seco, Jojutla 1 2026-09-10.jpeg",1Hl33kLMof2YyjC7RWKkqpbl3cyltQohI,https://drive.google.com/file/d/1Hl33kLMof2YyjC7RWKkqpbl3cyltQohI/view,MUNICIPIO,MOSTRAR_MUNICIPIO,Sur,Jojutla,,Sur,Jojutla,,0,Promotor,Rosa Simón Chávez,,Lote por evento,/foto/FOTO-618E167EBA,,10,SI,618e167ebab2c8c9b80fe43a8cf9cb7dd06df29a5c27f13ab897c115e2f93dfd,358830,1,Taller de cartonería,jojutla-taller-de-cartoneria,2026-09-10,"Poligonos Coordinados por Gustavo Alvarez 2026 SUR/Jojutla, Rosa Simón Chávez/Taller de cartonería/Taller de cartonería en Río Seco, Jojutla 1 2026-09-10.jpeg"
FOTO-A01DE9F573,"Taller de cartonería en Río Seco, Jojutla 2 2026-09-10.jpeg",1lAD8jjM8BSJ8Q7rMeqIx7RI-1e1hYqw9,https://drive.google.com/file/d/1lAD8jjM8BSJ8Q7rMeqIx7RI-1e1hYqw9/view,MUNICIPIO,MOSTRAR_MUNICIPIO,Sur,Jojutla,,Sur,Jojutla,,0,Promotor,Rosa Simón Chávez,,Lote por evento,/foto/FOTO-A01DE9F573,,10,SI,a01de9f5731fa83912b09e573ff33e0f372901efba9ad55ff97b520cc8494dac,249553,1,Taller de cartonería,jojutla-taller-de-cartoneria,2026-09-10,"Poligonos Coordinados por Gustavo Alvarez 2026 SUR/Jojutla, Rosa Simón Chávez/Taller de cartonería/Taller de cartonería en Río Seco, Jojutla 2 2026-09-10.jpeg"
FOTO-7AE8F8C8B4,"Taller de cartonería en Río Seco, Jojutla 2026-08-26.jpeg",1jTAGMm7MPGSvVbIweKs_bpDj9uZaYJk0,https://drive.google.com/file/d/1jTAGMm7MPGSvVbIweKs_bpDj9uZaYJk0/view,MUNICIPIO,MOSTRAR_MUNICIPIO,Sur,Jojutla,,Sur,Jojutla,,0,Promotor,Rosa Simón Chávez,,Lote por evento,/foto/FOTO-7AE8F8C8B4,,10,SI,7ae8f8c8b4b2613a8ee6d9f13ea5e887039025ee1d4b2fe4c3517bc2e5190604,359892,1,Taller de cartonería,jojutla-taller-de-cartoneria,2026-08-26,"Poligonos Coordinados por Gustavo Alvarez 2026 SUR/Jojutla, Rosa Simón Chávez/Taller de cartonería/Taller de cartonería en Río Seco, Jojutla 2026-08-26.jpeg"
FOTO-4E43C8FC4A,"Taller de cartonería en Río Seco, Jojutla 3 2026-09-10.jpeg",1eaxtSjCVntlSA5RBneT8YZJdzSsNjT0H,https://drive.google.com/file/d/1eaxtSjCVntlSA5RBneT8YZJdzSsNjT0H/view,MUNICIPIO,MOSTRAR_MUNICIPIO,Sur,Jojutla,,Sur,Jojutla,,0,Promotor,Rosa Simón Chávez,,Lote por evento,/foto/FOTO-4E43C8FC4A,,10,SI,4e43c8fc4a258f6e7890860d7a22d74fc96a52954fd5fd7001c1e5e1feacfcc4,290133,1,Taller de cartonería,jojutla-taller-de-cartoneria,2026-09-10,"Poligonos Coordinados por Gustavo Alvarez 2026 SUR/Jojutla, Rosa Simón Chávez/Taller de cartonería/Taller de cartonería en Río Seco, Jojutla 3 2026-09-10.jpeg"
FOTO-6303ED6ABD,"Taller de cartonería en Río Seco, Jojutla 4 2026-09-10.jpeg",1JjvxkaShmTkvNUFo5IGeN1aoo-rbaOLi,https://drive.google.com/file/d/1JjvxkaShmTkvNUFo5IGeN1aoo-rbaOLi/view,MUNICIPIO,MOSTRAR_MUNICIPIO,Sur,Jojutla,,Sur,Jojutla,,0,Promotor,Rosa Simón Chávez,,Lote por evento,/foto/FOTO-6303ED6ABD,,10,SI,6303ed6abdeacc363da82905acba35b438fdb2fe6b2608f47814f3074f8167fa,283073,1,Taller de cartonería,jojutla-taller-de-cartoneria,2026-09-10,"Poligonos Coordinados por Gustavo Alvarez 2026 SUR/Jojutla, Rosa Simón Chávez/Taller de cartonería/Taller de cartonería en Río Seco, Jojutla 4 2026-09-10.jpeg"
FOTO-1419381EFF,WhatsApp Image 2026-01-21 at 10.50.18 AM (3).jpeg,1K9M_4yAKBe-m32SiNXAApF05H5d_Xr_L,https://drive.google.com/file/d/1K9M_4yAKBe-m32SiNXAApF05H5d_Xr_L/view,MUNICIPIO,MOSTRAR_MUNICIPIO,Sur,Jojutla,,Sur,Jojutla,,0,Promotor,Rosa Simón Chávez,,Lote por evento,/foto/FOTO-1419381EFF,,10,SI,1419381eff999ebbaa46c36e57b806be276f44bc5215569894dc7959bb1fa31e,130132,1,Taller de elaboración de pan,jojutla-taller-de-elaboracion-de-pan,2026-01-21,"Poligonos Coordinados por Gustavo Alvarez 2026 SUR/Jojutla, Rosa Simón Chávez/Taller de elaboración de pan/WhatsApp Image 2026-01-21 at 10.50.18 AM (3).jpeg"
FOTO-71E16E6C49,WhatsApp Image 2026-01-21 at 10.50.18 AM (4).jpeg,1L4LnTvS-2Ys6RWyuIOOTTN4ZKVXFVOd5,https://drive.google.com/file/d/1L4LnTvS-2Ys6RWyuIOOTTN4ZKVXFVOd5/view,MUNICIPIO,MOSTRAR_MUNICIPIO,Sur,Jojutla,,Sur,Jojutla,,0,Promotor,Rosa Simón Chávez,,Lote por evento,/foto/FOTO-71E16E6C49,,10,SI,71e16e6c49147fe7644710053b0e7e20fb85a0ec7f18d16dc1d982734b6d9035,157476,1,Taller de elaboración de pan,jojutla-taller-de-elaboracion-de-pan,2026-01-21,"Poligonos Coordinados por Gustavo Alvarez 2026 SUR/Jojutla, Rosa Simón Chávez/Taller de elaboración de pan/WhatsApp Image 2026-01-21 at 10.50.18 AM (4).jpeg"
FOTO-39A55C9992,WhatsApp Image 2026-01-21 at 10.50.18 AM (5).jpeg,1NS_mF1R1lraR9gRao0Mg2sQ4fylXXfEz,https://drive.google.com/file/d/1NS_mF1R1lraR9gRao0Mg2sQ4fylXXfEz/view,MUNICIPIO,MOSTRAR_MUNICIPIO,Sur,Jojutla,,Sur,Jojutla,,0,Promotor,Rosa Simón Chávez,,Lote por evento,/foto/FOTO-39A55C9992,,10,SI,39a55c9992795bba0bba3b11ecc14316a374a3ee7d05de809af0096339d7e5df,210487,1,Taller de elaboración de pan,jojutla-taller-de-elaboracion-de-pan,2026-01-21,"Poligonos Coordinados por Gustavo Alvarez 2026 SUR/Jojutla, Rosa Simón Chávez/Taller de elaboración de pan/WhatsApp Image 2026-01-21 at 10.50.18 AM (5).jpeg"
FOTO-C17C42A660,Reunión de consejos comuntiarios con la Gobernadora. Jojutla 21062026.jpeg,1cxwShySuH-5QitNG69KS8k8Ztz933utf,https://drive.google.com/file/d/1cxwShySuH-5QitNG69KS8k8Ztz933utf/view,REGION,MOSTRAR_REGION,Sur,,,Sur,,,0,Promotor,,,Lote por evento,/foto/FOTO-C17C42A660,,10,SI,c17c42a660901b0fe00644be9e05c64b9fbf5f87b85c3b14bac67daf7ab75893,473447,1,Reunión de consejos comuntiarios con la Gobernadora. Jojutla,sur-reunion-de-consejos-comuntiarios-con-la-gobernadora-jojutla,2026-06-21,Poligonos Coordinados por Gustavo Alvarez 2026 SUR/Reunión de consejos comuntiarios con la Gobernadora. Jojutla 21062026.jpeg
FOTO-0C85DA04C8,"Francisco Javier Mina, Reunión. 2026-08-07.jpeg",1a6AzGJHTAoJKkkOtEVlJ0xX25oLlSsjV,https://drive.google.com/file/d/1a6AzGJHTAoJKkkOtEVlJ0xX25oLlSsjV/view,MUNICIPIO,MOSTRAR_MUNICIPIO,Sur,Tlaltizapán de Zapata,,Sur,Tlaltizapán de Zapata,,0,Promotor,Roberto Ramírez Morales,,Lote por evento,/foto/FOTO-0C85DA04C8,,10,SI,0c85da04c85904b9078b742ed7478071be14156f765d8ea6ee5d89860c3f1ff5,420097,1,Consejo Comunitario,tlaltizapan-de-zapata-consejo-comunitario,2026-08-07,"Poligonos Coordinados por Gustavo Alvarez 2026 SUR/Tlaltizapan, Roberto Ramírez Morales/Consejo Comunitario/Francisco Javier Mina, Reunión. 2026-08-07.jpeg"
FOTO-F3D1D38976,Reunión con la Gobernadora  2026-06-19.jpeg,1-2QmbsSz6fyLQAk0NO6AMAGurZl73i7P,https://drive.google.com/file/d/1-2QmbsSz6fyLQAk0NO6AMAGurZl73i7P/view,MUNICIPIO,MOSTRAR_MUNICIPIO,Sur,Tlaltizapán de Zapata,,Sur,Tlaltizapán de Zapata,,0,Promotor,Roberto Ramírez Morales,,Lote por evento,/foto/FOTO-F3D1D38976,,10,SI,f3d1d38976be01b4298434a0a7e31c30c3a9597b83d76b334b5e1ff4fd611e9a,220234,1,Consejo Comunitario,tlaltizapan-de-zapata-consejo-comunitario,2026-06-19,"Poligonos Coordinados por Gustavo Alvarez 2026 SUR/Tlaltizapan, Roberto Ramírez Morales/Consejo Comunitario/Reunión con la Gobernadora  2026-06-19.jpeg"
FOTO-3BF1AA81E9,Reunión de consejo 1 2026-01-21.jpeg,1O7e-cbCybY66dDjFH92pz4FWvs8kKe5c,https://drive.google.com/file/d/1O7e-cbCybY66dDjFH92pz4FWvs8kKe5c/view,MUNICIPIO,MOSTRAR_MUNICIPIO,Sur,Tlaltizapán de Zapata,,Sur,Tlaltizapán de Zapata,,0,Promotor,Roberto Ramírez Morales,,Lote por evento,/foto/FOTO-3BF1AA81E9,,10,SI,3bf1aa81e9e68f960748894028ad565b3bb009a0afbeb26b34370d5b8f19e858,359327,1,Consejo Comunitario,tlaltizapan-de-zapata-consejo-comunitario,2026-01-21,"Poligonos Coordinados por Gustavo Alvarez 2026 SUR/Tlaltizapan, Roberto Ramírez Morales/Consejo Comunitario/Reunión de consejo 1 2026-01-21.jpeg"
FOTO-EE2AC58DAE,Reunión de consejo 22026-01-21.jpeg,1MI9313fYZhwBuKmnoliv3SqQ1YwVLsKD,https://drive.google.com/file/d/1MI9313fYZhwBuKmnoliv3SqQ1YwVLsKD/view,MUNICIPIO,MOSTRAR_MUNICIPIO,Sur,Tlaltizapán de Zapata,,Sur,Tlaltizapán de Zapata,,0,Promotor,Roberto Ramírez Morales,,Lote por evento,/foto/FOTO-EE2AC58DAE,,10,SI,ee2ac58dae684b9135ffadca115e6768994eb428ef43edcb997a80c3a0dadec8,355916,1,Consejo Comunitario,tlaltizapan-de-zapata-consejo-comunitario,2026-01-21,"Poligonos Coordinados por Gustavo Alvarez 2026 SUR/Tlaltizapan, Roberto Ramírez Morales/Consejo Comunitario/Reunión de consejo 22026-01-21.jpeg"
FOTO-8F3B68513C,Reunión de consejo comunitario de Tlaltizapan 2026-09-10.jpeg,11C0qWue_TDvPNZXdEACQsvCgcD_qOowg,https://drive.google.com/file/d/11C0qWue_TDvPNZXdEACQsvCgcD_qOowg/view,MUNICIPIO,MOSTRAR_MUNICIPIO,Sur,Tlaltizapán de Zapata,,Sur,Tlaltizapán de Zapata,,0,Promotor,Roberto Ramírez Morales,,Lote por evento,/foto/FOTO-8F3B68513C,,10,SI,8f3b68513c2fd446fdbb91c46fc2425a7575568f77a005ae80f74eb84d9268ce,160713,1,Consejo Comunitario,tlaltizapan-de-zapata-consejo-comunitario,2026-09-10,"Poligonos Coordinados por Gustavo Alvarez 2026 SUR/Tlaltizapan, Roberto Ramírez Morales/Consejo Comunitario/Reunión de consejo comunitario de Tlaltizapan 2026-09-10.jpeg"
FOTO-EF6399CFC8,"Reunión de consejo de la Comunidad Francisco Javier Mina, Tlaltizapan24062026.jpeg",1f3gIf6U6EzqGyXtD0u_CxB996HW7jE1_,https://drive.google.com/file/d/1f3gIf6U6EzqGyXtD0u_CxB996HW7jE1_/view,MUNICIPIO,MOSTRAR_MUNICIPIO,Sur,Tlaltizapán de Zapata,,Sur,Tlaltizapán de Zapata,,0,Promotor,Roberto Ramírez Morales,,Lote por evento,/foto/FOTO-EF6399CFC8,,10,SI,ef6399cfc828f4f1dafe67aab06dbe69979bac8cc6003905757f887dd38dc936,334692,1,Consejo Comunitario,tlaltizapan-de-zapata-consejo-comunitario,2026-06-24,"Poligonos Coordinados por Gustavo Alvarez 2026 SUR/Tlaltizapan, Roberto Ramírez Morales/Consejo Comunitario/Reunión de consejo de la Comunidad Francisco Javier Mina, Tlaltizapan24062026.jpeg"
FOTO-F9EF00555C,Reunión de Consejo del Programa CALMECAC..jpeg,1rweYA0EJNvRP0YVop4HBQ-Q_l6p4YW79,https://drive.google.com/file/d/1rweYA0EJNvRP0YVop4HBQ-Q_l6p4YW79/view,MUNICIPIO,MOSTRAR_MUNICIPIO,Sur,Tlaltizapán de Zapata,,Sur,Tlaltizapán de Zapata,,0,Promotor,Roberto Ramírez Morales,,Lote por evento,/foto/FOTO-F9EF00555C,,10,SI,f9ef00555cf367e522a35f7dfa6b1bec113de614c7a3340aa2a795dae4a6ba84,330456,1,Consejo Comunitario,tlaltizapan-de-zapata-consejo-comunitario,,"Poligonos Coordinados por Gustavo Alvarez 2026 SUR/Tlaltizapan, Roberto Ramírez Morales/Consejo Comunitario/Reunión de Consejo del Programa CALMECAC..jpeg"
FOTO-56C896205A,WhatsApp Image 2026-01-28 at 7.04.03 PM.jpeg,1du6ngnx4Aby6jtp8p81i3V6_GhFUXHMF,https://drive.google.com/file/d/1du6ngnx4Aby6jtp8p81i3V6_GhFUXHMF/view,MUNICIPIO,MOSTRAR_MUNICIPIO,Sur,Tlaltizapán de Zapata,,Sur,Tlaltizapán de Zapata,,0,Promotor,Roberto Ramírez Morales,,Lote por evento,/foto/FOTO-56C896205A,,10,SI,56c896205a264ee0a3bc5be6623d7b21f6bf5434fa00fde17bf07ad1e80af80a,437802,1,Consejo Comunitario,tlaltizapan-de-zapata-consejo-comunitario,2026-01-28,"Poligonos Coordinados por Gustavo Alvarez 2026 SUR/Tlaltizapan, Roberto Ramírez Morales/Consejo Comunitario/WhatsApp Image 2026-01-28 at 7.04.03 PM.jpeg"
FOTO-DE779F2D98,Seguimiento del curso de panadería 2. 22012026.jpeg,1MaSXR4t3LHK8zC-9oBInfsG-OWi_4eKg,https://drive.google.com/file/d/1MaSXR4t3LHK8zC-9oBInfsG-OWi_4eKg/view,MUNICIPIO,MOSTRAR_MUNICIPIO,Sur,Tlaltizapán de Zapata,,Sur,Tlaltizapán de Zapata,,0,Promotor,Roberto Ramírez Morales,,Lote por evento,/foto/FOTO-DE779F2D98,,10,SI,de779f2d9856c5af1a1fcb3c28cae0dbbb160834baf4aa3231bb9a0978ba48ff,147827,1,Curso de panadería,tlaltizapan-de-zapata-curso-de-panaderia,2026-01-22,"Poligonos Coordinados por Gustavo Alvarez 2026 SUR/Tlaltizapan, Roberto Ramírez Morales/Curso de panadería/Seguimiento del curso de panadería 2. 22012026.jpeg"
FOTO-795267DD42,Seguimiento del curso de panadería 3. 22012026.jpeg,17NPSiLPBcGWjSupsdPCaW_7BmvmSxhw7,https://drive.google.com/file/d/17NPSiLPBcGWjSupsdPCaW_7BmvmSxhw7/view,MUNICIPIO,MOSTRAR_MUNICIPIO,Sur,Tlaltizapán de Zapata,,Sur,Tlaltizapán de Zapata,,0,Promotor,Roberto Ramírez Morales,,Lote por evento,/foto/FOTO-795267DD42,,10,SI,795267dd42a33b8c63a76a696609ce1e1aacab32ad664c6e154becbe31def889,156964,1,Curso de panadería,tlaltizapan-de-zapata-curso-de-panaderia,2026-01-22,"Poligonos Coordinados por Gustavo Alvarez 2026 SUR/Tlaltizapan, Roberto Ramírez Morales/Curso de panadería/Seguimiento del curso de panadería 3. 22012026.jpeg"
FOTO-5E3E248A74,Seguimiento del curso de panadería 4. 22012026.jpeg,10v2BDx9DWGQkV_yfAOw0Mf3Z3K1SFzAp,https://drive.google.com/file/d/10v2BDx9DWGQkV_yfAOw0Mf3Z3K1SFzAp/view,MUNICIPIO,MOSTRAR_MUNICIPIO,Sur,Tlaltizapán de Zapata,,Sur,Tlaltizapán de Zapata,,0,Promotor,Roberto Ramírez Morales,,Lote por evento,/foto/FOTO-5E3E248A74,,10,SI,5e3e248a740b372e760d8c8216cb4988e62af5866147152148b80fdb1251c301,164160,1,Curso de panadería,tlaltizapan-de-zapata-curso-de-panaderia,2026-01-22,"Poligonos Coordinados por Gustavo Alvarez 2026 SUR/Tlaltizapan, Roberto Ramírez Morales/Curso de panadería/Seguimiento del curso de panadería 4. 22012026.jpeg"
FOTO-B652A5A63D,Seguimiento del curso de panadería 5. 22012026.jpeg,1lOo4m2eREs_8C-lIar-1IS_CDGWWWcpi,https://drive.google.com/file/d/1lOo4m2eREs_8C-lIar-1IS_CDGWWWcpi/view,MUNICIPIO,MOSTRAR_MUNICIPIO,Sur,Tlaltizapán de Zapata,,Sur,Tlaltizapán de Zapata,,0,Promotor,Roberto Ramírez Morales,,Lote por evento,/foto/FOTO-B652A5A63D,,10,SI,b652a5a63d4952113f7f99cb0a0cd11938df3b17a5efb393fd5b7bc2859613bf,170191,1,Curso de panadería,tlaltizapan-de-zapata-curso-de-panaderia,2026-01-22,"Poligonos Coordinados por Gustavo Alvarez 2026 SUR/Tlaltizapan, Roberto Ramírez Morales/Curso de panadería/Seguimiento del curso de panadería 5. 22012026.jpeg"
FOTO-8B9042BD7A,Seguimiento del curso de panadería 6. 22012026.jpeg,16R56EHGoLp7RD-iQdsOV-gbS9GklkitV,https://drive.google.com/file/d/16R56EHGoLp7RD-iQdsOV-gbS9GklkitV/view,MUNICIPIO,MOSTRAR_MUNICIPIO,Sur,Tlaltizapán de Zapata,,Sur,Tlaltizapán de Zapata,,0,Promotor,Roberto Ramírez Morales,,Lote por evento,/foto/FOTO-8B9042BD7A,,10,SI,8b9042bd7ac1e73227787fb2f0965619238d5dd43c33ecf36c23ed845981ab01,254483,1,Curso de panadería,tlaltizapan-de-zapata-curso-de-panaderia,2026-01-22,"Poligonos Coordinados por Gustavo Alvarez 2026 SUR/Tlaltizapan, Roberto Ramírez Morales/Curso de panadería/Seguimiento del curso de panadería 6. 22012026.jpeg"
FOTO-641C20F32A,WhatsApp Image 2026-01-22 at 9.30.58 AM.jpeg,14OuE_9GlUUEPbL9__3N_vImyjeJ5RCxe,https://drive.google.com/file/d/14OuE_9GlUUEPbL9__3N_vImyjeJ5RCxe/view,MUNICIPIO,MOSTRAR_MUNICIPIO,Sur,Tlaltizapán de Zapata,,Sur,Tlaltizapán de Zapata,,0,Promotor,Roberto Ramírez Morales,,Lote por evento,/foto/FOTO-641C20F32A,,10,SI,641c20f32a9778ffd38c086ad6e66b23c4684e1be6d360e4a744b55130f05916,297778,1,Curso de panadería,tlaltizapan-de-zapata-curso-de-panaderia,2026-01-22,"Poligonos Coordinados por Gustavo Alvarez 2026 SUR/Tlaltizapan, Roberto Ramírez Morales/Curso de panadería/WhatsApp Image 2026-01-22 at 9.30.58 AM.jpeg"
FOTO-BD7789E9EB,WhatsApp Image 2026-01-22 at 9.30.59 AM.jpeg,14cmok_kEHoN3vuYGAR1m5TfPJe2eAsV9,https://drive.google.com/file/d/14cmok_kEHoN3vuYGAR1m5TfPJe2eAsV9/view,MUNICIPIO,MOSTRAR_MUNICIPIO,Sur,Tlaltizapán de Zapata,,Sur,Tlaltizapán de Zapata,,0,Promotor,Roberto Ramírez Morales,,Lote por evento,/foto/FOTO-BD7789E9EB,,10,SI,bd7789e9ebf6c2671fe43aae0d4a8311a7d396ca69621aa5a71bc99601a22555,259434,1,Curso de panadería,tlaltizapan-de-zapata-curso-de-panaderia,2026-01-22,"Poligonos Coordinados por Gustavo Alvarez 2026 SUR/Tlaltizapan, Roberto Ramírez Morales/Curso de panadería/WhatsApp Image 2026-01-22 at 9.30.59 AM.jpeg"
FOTO-F0362E3325,"Apertura de taller de reposteria en Pueblo Nuevo, Tlaltizapan 1. 05032026..jpeg",1lM09cbHgZ4j04BB0NezQEpKEwEuKxQVu,https://drive.google.com/file/d/1lM09cbHgZ4j04BB0NezQEpKEwEuKxQVu/view,MUNICIPIO,MOSTRAR_MUNICIPIO,Sur,Tlaltizapán de Zapata,,Sur,Tlaltizapán de Zapata,,0,Promotor,Roberto Ramírez Morales,,Lote por evento,/foto/FOTO-F0362E3325,,10,SI,f0362e33257fd44f33d5323d046c61688147fae9fc44302d6d0ac0c5c48268d3,259855,1,Curso de Reposteria,tlaltizapan-de-zapata-curso-de-reposteria,2026-03-05,"Poligonos Coordinados por Gustavo Alvarez 2026 SUR/Tlaltizapan, Roberto Ramírez Morales/Curso de Reposteria/Apertura de taller de reposteria en Pueblo Nuevo, Tlaltizapan 1. 05032026..jpeg"
FOTO-47F666BE2C,"Apertura de taller de reposteria en Pueblo Nuevo, Tlaltizapan 2. 05032026..jpeg",1kjgA8YzruwMgDB9sBOfBangPISfIHTif,https://drive.google.com/file/d/1kjgA8YzruwMgDB9sBOfBangPISfIHTif/view,MUNICIPIO,MOSTRAR_MUNICIPIO,Sur,Tlaltizapán de Zapata,,Sur,Tlaltizapán de Zapata,,0,Promotor,Roberto Ramírez Morales,,Lote por evento,/foto/FOTO-47F666BE2C,,10,SI,47f666be2c156a480029718aa00893770c7d688b4fef777656ee4c67b36460fa,280420,1,Curso de Reposteria,tlaltizapan-de-zapata-curso-de-reposteria,2026-03-05,"Poligonos Coordinados por Gustavo Alvarez 2026 SUR/Tlaltizapan, Roberto Ramírez Morales/Curso de Reposteria/Apertura de taller de reposteria en Pueblo Nuevo, Tlaltizapan 2. 05032026..jpeg"
FOTO-C9525756A0,"Apertura de taller de reposteria en Pueblo Nuevo, Tlaltizapan 3. 05032026..jpeg",19rE_UmFAFzwZNKkGKlq2fFuZcW4uzkJA,https://drive.google.com/file/d/19rE_UmFAFzwZNKkGKlq2fFuZcW4uzkJA/view,MUNICIPIO,MOSTRAR_MUNICIPIO,Sur,Tlaltizapán de Zapata,,Sur,Tlaltizapán de Zapata,,0,Promotor,Roberto Ramírez Morales,,Lote por evento,/foto/FOTO-C9525756A0,,10,SI,c9525756a0e79a21cc248bea5002f962190051f10f8ea0bfc45ca5516d17f5f2,227530,1,Curso de Reposteria,tlaltizapan-de-zapata-curso-de-reposteria,2026-03-05,"Poligonos Coordinados por Gustavo Alvarez 2026 SUR/Tlaltizapan, Roberto Ramírez Morales/Curso de Reposteria/Apertura de taller de reposteria en Pueblo Nuevo, Tlaltizapan 3. 05032026..jpeg"
FOTO-F4FD0D315F,"Apertura de taller de reposteria en Pueblo Nuevo, Tlaltizapan 4. 05032026..jpeg",1Em45GjTd8R5iNgtqC4SJQuLT1N7bqKwe,https://drive.google.com/file/d/1Em45GjTd8R5iNgtqC4SJQuLT1N7bqKwe/view,MUNICIPIO,MOSTRAR_MUNICIPIO,Sur,Tlaltizapán de Zapata,,Sur,Tlaltizapán de Zapata,,0,Promotor,Roberto Ramírez Morales,,Lote por evento,/foto/FOTO-F4FD0D315F,,10,SI,f4fd0d315f94267cf93cf0ddb4be06d5bad1063b6995dea7ad76bfa92c03f1e4,231724,1,Curso de Reposteria,tlaltizapan-de-zapata-curso-de-reposteria,2026-03-05,"Poligonos Coordinados por Gustavo Alvarez 2026 SUR/Tlaltizapan, Roberto Ramírez Morales/Curso de Reposteria/Apertura de taller de reposteria en Pueblo Nuevo, Tlaltizapan 4. 05032026..jpeg"
FOTO-9B8A4BE925,"Apertura de taller de reposteria en Pueblo Nuevo, Tlaltizapan 5. 05032026..jpeg",1PdCNsZ4af-0VbbNsJjyGiQCDor-4FcCw,https://drive.google.com/file/d/1PdCNsZ4af-0VbbNsJjyGiQCDor-4FcCw/view,MUNICIPIO,MOSTRAR_MUNICIPIO,Sur,Tlaltizapán de Zapata,,Sur,Tlaltizapán de Zapata,,0,Promotor,Roberto Ramírez Morales,,Lote por evento,/foto/FOTO-9B8A4BE925,,10,SI,9b8a4be925b544fb89bdaef1431fd97dd22c438027c69b3470d430652c15b224,267624,1,Curso de Reposteria,tlaltizapan-de-zapata-curso-de-reposteria,2026-03-05,"Poligonos Coordinados por Gustavo Alvarez 2026 SUR/Tlaltizapan, Roberto Ramírez Morales/Curso de Reposteria/Apertura de taller de reposteria en Pueblo Nuevo, Tlaltizapan 5. 05032026..jpeg"
FOTO-0094072223,Curso de Reposteria en Pueblo Nuevo 1.jpeg,1DxA-ldKEi0XahNv5QQbEyV_zYBeqeequ,https://drive.google.com/file/d/1DxA-ldKEi0XahNv5QQbEyV_zYBeqeequ/view,MUNICIPIO,MOSTRAR_MUNICIPIO,Sur,Tlaltizapán de Zapata,,Sur,Tlaltizapán de Zapata,,0,Promotor,Roberto Ramírez Morales,,Lote por evento,/foto/FOTO-0094072223,,10,SI,00940722239c7e56ceaf0db5b4fae18b96883c2cf761e92d8578d92b29c3fa96,285121,1,Curso de Reposteria,tlaltizapan-de-zapata-curso-de-reposteria,,"Poligonos Coordinados por Gustavo Alvarez 2026 SUR/Tlaltizapan, Roberto Ramírez Morales/Curso de Reposteria/Curso de Reposteria en Pueblo Nuevo 1.jpeg"
FOTO-DBC0806EEA,Curso de Reposteria en Pueblo Nuevo 2.jpeg,1a9XkbJRwAFPLvWcCblGh5tbMdLpAQDqd,https://drive.google.com/file/d/1a9XkbJRwAFPLvWcCblGh5tbMdLpAQDqd/view,MUNICIPIO,MOSTRAR_MUNICIPIO,Sur,Tlaltizapán de Zapata,,Sur,Tlaltizapán de Zapata,,0,Promotor,Roberto Ramírez Morales,,Lote por evento,/foto/FOTO-DBC0806EEA,,10,SI,dbc0806eea5470fdb9a5b161fd68819f80951e1b306287e82b33819e545236d5,264306,1,Curso de Reposteria,tlaltizapan-de-zapata-curso-de-reposteria,,"Poligonos Coordinados por Gustavo Alvarez 2026 SUR/Tlaltizapan, Roberto Ramírez Morales/Curso de Reposteria/Curso de Reposteria en Pueblo Nuevo 2.jpeg"
FOTO-FADE43EB7D,"Pueblo Nuevo, taller de postres 1 2026-03-05.jpeg",1XN8tfBdLuyPnqT_WrnqhuGrPV1-z68RP,https://drive.google.com/file/d/1XN8tfBdLuyPnqT_WrnqhuGrPV1-z68RP/view,MUNICIPIO,MOSTRAR_MUNICIPIO,Sur,Tlaltizapán de Zapata,,Sur,Tlaltizapán de Zapata,,0,Promotor,Roberto Ramírez Morales,,Lote por evento,/foto/FOTO-FADE43EB7D,,10,SI,fade43eb7d95fea7d5b8ca8709566ae6b0c58b106fb3519384860cbce63828cb,355904,1,Curso de Reposteria,tlaltizapan-de-zapata-curso-de-reposteria,2026-03-05,"Poligonos Coordinados por Gustavo Alvarez 2026 SUR/Tlaltizapan, Roberto Ramírez Morales/Curso de Reposteria/Pueblo Nuevo, taller de postres 1 2026-03-05.jpeg"
FOTO-8656439D7E,"Pueblo Nuevo, taller de postres 2 2026-03-05.jpeg",1zg_rdfNSB-AbBHRYMtMKNWCuzlTpvVC5,https://drive.google.com/file/d/1zg_rdfNSB-AbBHRYMtMKNWCuzlTpvVC5/view,MUNICIPIO,MOSTRAR_MUNICIPIO,Sur,Tlaltizapán de Zapata,,Sur,Tlaltizapán de Zapata,,0,Promotor,Roberto Ramírez Morales,,Lote por evento,/foto/FOTO-8656439D7E,,10,SI,8656439d7e454e8795e251232f8443e0529a01ae227316df56c43f8acd9e0827,334271,1,Curso de Reposteria,tlaltizapan-de-zapata-curso-de-reposteria,2026-03-05,"Poligonos Coordinados por Gustavo Alvarez 2026 SUR/Tlaltizapan, Roberto Ramírez Morales/Curso de Reposteria/Pueblo Nuevo, taller de postres 2 2026-03-05.jpeg"
FOTO-99C0F71481,Seguimiento del curso de panadería 1. 22012026.jpeg,1LIZ_QgFQhJTgy0NDLvTI1slyWfRQJFXX,https://drive.google.com/file/d/1LIZ_QgFQhJTgy0NDLvTI1slyWfRQJFXX/view,MUNICIPIO,MOSTRAR_MUNICIPIO,Sur,Tlaltizapán de Zapata,,Sur,Tlaltizapán de Zapata,,0,Promotor,Roberto Ramírez Morales,,Lote por evento,/foto/FOTO-99C0F71481,,10,SI,99c0f7148176d17aef5f18590e4d44b53be08e0701d3b1bec5beb967d72d7c8d,139227,1,Curso de Reposteria,tlaltizapan-de-zapata-curso-de-reposteria,2026-01-22,"Poligonos Coordinados por Gustavo Alvarez 2026 SUR/Tlaltizapan, Roberto Ramírez Morales/Curso de Reposteria/Seguimiento del curso de panadería 1. 22012026.jpeg"
FOTO-679F8C7199,"DIF estatal en apoyo de laminas en Tlaltizapan 1, 2026-08-26.jpeg",1VTNH9SlbxnB3xeYv0ykkNHQorkqq7off,https://drive.google.com/file/d/1VTNH9SlbxnB3xeYv0ykkNHQorkqq7off/view,MUNICIPIO,MOSTRAR_MUNICIPIO,Sur,Tlaltizapán de Zapata,,Sur,Tlaltizapán de Zapata,,0,Promotor,Roberto Ramírez Morales,,Lote por evento,/foto/FOTO-679F8C7199,,10,SI,679f8c7199ddbb20c00b0076d584230f459a3382a07b7502483eb8467281906e,242557,1,"DIF estatal, apoyo de laminas",tlaltizapan-de-zapata-dif-estatal-apoyo-de-laminas,2026-08-26,"Poligonos Coordinados por Gustavo Alvarez 2026 SUR/Tlaltizapan, Roberto Ramírez Morales/DIF estatal, apoyo de laminas/DIF estatal en apoyo de laminas en Tlaltizapan 1, 2026-08-26.jpeg"
FOTO-4F2D1E3821,"DIF estatal en apoyo de laminas en Tlaltizapan 2, 2026-08-26.jpeg",1W_p8BjzzwsMihI2kWvQGerZW9S2H4P45,https://drive.google.com/file/d/1W_p8BjzzwsMihI2kWvQGerZW9S2H4P45/view,MUNICIPIO,MOSTRAR_MUNICIPIO,Sur,Tlaltizapán de Zapata,,Sur,Tlaltizapán de Zapata,,0,Promotor,Roberto Ramírez Morales,,Lote por evento,/foto/FOTO-4F2D1E3821,,10,SI,4f2d1e382168146b41b5c73926f8a1c245c6e23d48d85ed635e9566c290d809f,172237,1,"DIF estatal, apoyo de laminas",tlaltizapan-de-zapata-dif-estatal-apoyo-de-laminas,2026-08-26,"Poligonos Coordinados por Gustavo Alvarez 2026 SUR/Tlaltizapan, Roberto Ramírez Morales/DIF estatal, apoyo de laminas/DIF estatal en apoyo de laminas en Tlaltizapan 2, 2026-08-26.jpeg"
FOTO-BA7AAE2FAA,"DIF estatal en apoyo de laminas en Tlaltizapan 3, 2026-08-26.jpeg",15yEPIOBbC8pQoUYIIjy5otoU0L6Gsri9,https://drive.google.com/file/d/15yEPIOBbC8pQoUYIIjy5otoU0L6Gsri9/view,MUNICIPIO,MOSTRAR_MUNICIPIO,Sur,Tlaltizapán de Zapata,,Sur,Tlaltizapán de Zapata,,0,Promotor,Roberto Ramírez Morales,,Lote por evento,/foto/FOTO-BA7AAE2FAA,,10,SI,ba7aae2faa4c9132ebf6c71a35bfa9d935d90283d78cc4aedb236feee595900d,146611,1,"DIF estatal, apoyo de laminas",tlaltizapan-de-zapata-dif-estatal-apoyo-de-laminas,2026-08-26,"Poligonos Coordinados por Gustavo Alvarez 2026 SUR/Tlaltizapan, Roberto Ramírez Morales/DIF estatal, apoyo de laminas/DIF estatal en apoyo de laminas en Tlaltizapan 3, 2026-08-26.jpeg"
FOTO-040ADD6756,"DIF estatal en apoyo de laminas en Tlaltizapan 4, 2026-08-26.jpeg",1W2lF6b-efAtvG8MbNrI_Aw-w-tlw-_n_,https://drive.google.com/file/d/1W2lF6b-efAtvG8MbNrI_Aw-w-tlw-_n_/view,MUNICIPIO,MOSTRAR_MUNICIPIO,Sur,Tlaltizapán de Zapata,,Sur,Tlaltizapán de Zapata,,0,Promotor,Roberto Ramírez Morales,,Lote por evento,/foto/FOTO-040ADD6756,,10,SI,040add67565ddb36b174a7053262d2f157b392fd4b6c902a70071503f1560069,145476,1,"DIF estatal, apoyo de laminas",tlaltizapan-de-zapata-dif-estatal-apoyo-de-laminas,2026-08-26,"Poligonos Coordinados por Gustavo Alvarez 2026 SUR/Tlaltizapan, Roberto Ramírez Morales/DIF estatal, apoyo de laminas/DIF estatal en apoyo de laminas en Tlaltizapan 4, 2026-08-26.jpeg"
FOTO-98672A8687,Tlaltizapan 1. 27032026.jpeg,1fOPuc8o-KEU0zT6pA4tSMiwp8xxJcDja,https://drive.google.com/file/d/1fOPuc8o-KEU0zT6pA4tSMiwp8xxJcDja/view,MUNICIPIO,MOSTRAR_MUNICIPIO,Sur,Tlaltizapán de Zapata,,Sur,Tlaltizapán de Zapata,,0,Promotor,Roberto Ramírez Morales,,Lote por evento,/foto/FOTO-98672A8687,,10,SI,98672a8687ad128c34163a28c57d71efd57f60d86863db75eaa7da79992f4012,347169,1,Entrega de hortalizas. Tlaltizapan,tlaltizapan-de-zapata-entrega-de-hortalizas-tlaltizapan,2026-03-27,"Poligonos Coordinados por Gustavo Alvarez 2026 SUR/Tlaltizapan, Roberto Ramírez Morales/Entrega de hortalizas. Tlaltizapan/Tlaltizapan 1. 27032026.jpeg"
FOTO-64869CA09A,Tlaltizapan 2. 27032026.jpeg,1pothNjHNrX9n2_c4CUsT8QCiXgTl_jnT,https://drive.google.com/file/d/1pothNjHNrX9n2_c4CUsT8QCiXgTl_jnT/view,MUNICIPIO,MOSTRAR_MUNICIPIO,Sur,Tlaltizapán de Zapata,,Sur,Tlaltizapán de Zapata,,0,Promotor,Roberto Ramírez Morales,,Lote por evento,/foto/FOTO-64869CA09A,,10,SI,64869ca09a599028148c56838db8b7bbef20fe7029df5225915147bfee7e7b93,398368,1,Entrega de hortalizas. Tlaltizapan,tlaltizapan-de-zapata-entrega-de-hortalizas-tlaltizapan,2026-03-27,"Poligonos Coordinados por Gustavo Alvarez 2026 SUR/Tlaltizapan, Roberto Ramírez Morales/Entrega de hortalizas. Tlaltizapan/Tlaltizapan 2. 27032026.jpeg"
FOTO-CBEC09A4B6,Tlaltizapan 3. 27032026.jpeg,1YINSBSR8FAaHhuWyK6YKEox8O7GLJ4nh,https://drive.google.com/file/d/1YINSBSR8FAaHhuWyK6YKEox8O7GLJ4nh/view,MUNICIPIO,MOSTRAR_MUNICIPIO,Sur,Tlaltizapán de Zapata,,Sur,Tlaltizapán de Zapata,,0,Promotor,Roberto Ramírez Morales,,Lote por evento,/foto/FOTO-CBEC09A4B6,,10,SI,cbec09a4b63fbeaaee3772e4d96703b147f338259758a977a0aa75d8b63d5671,433124,1,Entrega de hortalizas. Tlaltizapan,tlaltizapan-de-zapata-entrega-de-hortalizas-tlaltizapan,2026-03-27,"Poligonos Coordinados por Gustavo Alvarez 2026 SUR/Tlaltizapan, Roberto Ramírez Morales/Entrega de hortalizas. Tlaltizapan/Tlaltizapan 3. 27032026.jpeg"
FOTO-52C6EB93E4,Tlaltizapan 4. 27032026.jpeg,1K3p9q3wI_tBWyeumkC-_Elz0D87H-sfz,https://drive.google.com/file/d/1K3p9q3wI_tBWyeumkC-_Elz0D87H-sfz/view,MUNICIPIO,MOSTRAR_MUNICIPIO,Sur,Tlaltizapán de Zapata,,Sur,Tlaltizapán de Zapata,,0,Promotor,Roberto Ramírez Morales,,Lote por evento,/foto/FOTO-52C6EB93E4,,10,SI,52c6eb93e41353cf97e644a3cff321ae8d12eaa1e0d13275feaf6baaf7f0cf51,257760,1,Entrega de hortalizas. Tlaltizapan,tlaltizapan-de-zapata-entrega-de-hortalizas-tlaltizapan,2026-03-27,"Poligonos Coordinados por Gustavo Alvarez 2026 SUR/Tlaltizapan, Roberto Ramírez Morales/Entrega de hortalizas. Tlaltizapan/Tlaltizapan 4. 27032026.jpeg"
FOTO-FE7E2BB69C,Tlaltizapan 5. 27032026.jpeg,1Zea6lK1CQOVnqBxWvGA5yKuNBH6nQJLl,https://drive.google.com/file/d/1Zea6lK1CQOVnqBxWvGA5yKuNBH6nQJLl/view,MUNICIPIO,MOSTRAR_MUNICIPIO,Sur,Tlaltizapán de Zapata,,Sur,Tlaltizapán de Zapata,,0,Promotor,Roberto Ramírez Morales,,Lote por evento,/foto/FOTO-FE7E2BB69C,,10,SI,fe7e2bb69c7fdcb8175849c04f1032bfb7b812e671277811706ff77a725633f3,260109,1,Entrega de hortalizas. Tlaltizapan,tlaltizapan-de-zapata-entrega-de-hortalizas-tlaltizapan,2026-03-27,"Poligonos Coordinados por Gustavo Alvarez 2026 SUR/Tlaltizapan, Roberto Ramírez Morales/Entrega de hortalizas. Tlaltizapan/Tlaltizapan 5. 27032026.jpeg"
FOTO-7050CCDC4A,Tlaltizapan 6. 27032026.jpeg,1pppqt5iXqQ1kk5jC5mXj1ZO2C0SB-KDA,https://drive.google.com/file/d/1pppqt5iXqQ1kk5jC5mXj1ZO2C0SB-KDA/view,MUNICIPIO,MOSTRAR_MUNICIPIO,Sur,Tlaltizapán de Zapata,,Sur,Tlaltizapán de Zapata,,0,Promotor,Roberto Ramírez Morales,,Lote por evento,/foto/FOTO-7050CCDC4A,,10,SI,7050ccdc4aa4a7202f97654c44cc1cdacc5a6451f02c4d3749a9b6f098d1ec49,263438,1,Entrega de hortalizas. Tlaltizapan,tlaltizapan-de-zapata-entrega-de-hortalizas-tlaltizapan,2026-03-27,"Poligonos Coordinados por Gustavo Alvarez 2026 SUR/Tlaltizapan, Roberto Ramírez Morales/Entrega de hortalizas. Tlaltizapan/Tlaltizapan 6. 27032026.jpeg"
FOTO-2CFD67143C,Tlaltizapan 7. 27032026.jpeg,1Dass1NF0HK1gQg16SaRQ2VexOamuDUok,https://drive.google.com/file/d/1Dass1NF0HK1gQg16SaRQ2VexOamuDUok/view,MUNICIPIO,MOSTRAR_MUNICIPIO,Sur,Tlaltizapán de Zapata,,Sur,Tlaltizapán de Zapata,,0,Promotor,Roberto Ramírez Morales,,Lote por evento,/foto/FOTO-2CFD67143C,,10,SI,2cfd67143c7da4779857a99dc317bc61a14902a4b37e47a98c85590c5df75f7b,251193,1,Entrega de hortalizas. Tlaltizapan,tlaltizapan-de-zapata-entrega-de-hortalizas-tlaltizapan,2026-03-27,"Poligonos Coordinados por Gustavo Alvarez 2026 SUR/Tlaltizapan, Roberto Ramírez Morales/Entrega de hortalizas. Tlaltizapan/Tlaltizapan 7. 27032026.jpeg"
FOTO-CEFC000357,Tlaltizapan 8. 27032026.jpeg,1ni6eVBm21dal39PmvTvj4MaX4EGC-n-I,https://drive.google.com/file/d/1ni6eVBm21dal39PmvTvj4MaX4EGC-n-I/view,MUNICIPIO,MOSTRAR_MUNICIPIO,Sur,Tlaltizapán de Zapata,,Sur,Tlaltizapán de Zapata,,0,Promotor,Roberto Ramírez Morales,,Lote por evento,/foto/FOTO-CEFC000357,,10,SI,cefc000357763ff7c8b29a8daedd11fd52a20adb75850bd342b769b99c2dc38f,313857,1,Entrega de hortalizas. Tlaltizapan,tlaltizapan-de-zapata-entrega-de-hortalizas-tlaltizapan,2026-03-27,"Poligonos Coordinados por Gustavo Alvarez 2026 SUR/Tlaltizapan, Roberto Ramírez Morales/Entrega de hortalizas. Tlaltizapan/Tlaltizapan 8. 27032026.jpeg"
FOTO-BCD209D593,"Entrega de juguetes en colab. DIF estatal, Tlaltizapan 1.jpeg",1mJqD-WR7nNJdoDDYQp6j9lRCNnGTt74V,https://drive.google.com/file/d/1mJqD-WR7nNJdoDDYQp6j9lRCNnGTt74V/view,MUNICIPIO,MOSTRAR_MUNICIPIO,Sur,Tlaltizapán de Zapata,,Sur,Tlaltizapán de Zapata,,0,Promotor,Roberto Ramírez Morales,,Lote por evento,/foto/FOTO-BCD209D593,,10,SI,bcd209d593b7c4cc9ad0f2e8c7a3ab9cb9d36ef538a6fb18c6babbd96ecf98fb,347230,1,Entrega de Juguetes,tlaltizapan-de-zapata-entrega-de-juguetes,,"Poligonos Coordinados por Gustavo Alvarez 2026 SUR/Tlaltizapan, Roberto Ramírez Morales/Entrega de Juguetes/Entrega de juguetes en colab. DIF estatal, Tlaltizapan 1.jpeg"
FOTO-D660045627,"Entrega de juguetes en colab. DIF estatal, Tlaltizapan 2.jpeg",1w_MxbN23M5O2eriSzCatGdp2I1dc7PDD,https://drive.google.com/file/d/1w_MxbN23M5O2eriSzCatGdp2I1dc7PDD/view,MUNICIPIO,MOSTRAR_MUNICIPIO,Sur,Tlaltizapán de Zapata,,Sur,Tlaltizapán de Zapata,,0,Promotor,Roberto Ramírez Morales,,Lote por evento,/foto/FOTO-D660045627,,10,SI,d6600456273520603d75672e499804a9e26d481597a1492f191a0300b1766eec,450498,1,Entrega de Juguetes,tlaltizapan-de-zapata-entrega-de-juguetes,,"Poligonos Coordinados por Gustavo Alvarez 2026 SUR/Tlaltizapan, Roberto Ramírez Morales/Entrega de Juguetes/Entrega de juguetes en colab. DIF estatal, Tlaltizapan 2.jpeg"
FOTO-1068ACB883,"Entrega de juguetes en colab. DIF estatal, Tlaltizapan 3.jpeg",109g5G4iNnyK7jh6wLZAOOPVLbtoyXp-e,https://drive.google.com/file/d/109g5G4iNnyK7jh6wLZAOOPVLbtoyXp-e/view,MUNICIPIO,MOSTRAR_MUNICIPIO,Sur,Tlaltizapán de Zapata,,Sur,Tlaltizapán de Zapata,,0,Promotor,Roberto Ramírez Morales,,Lote por evento,/foto/FOTO-1068ACB883,,10,SI,1068acb883e96411aaa8578d00e99fffdfd35bb356d5c8bd87247845260acc16,366332,1,Entrega de Juguetes,tlaltizapan-de-zapata-entrega-de-juguetes,,"Poligonos Coordinados por Gustavo Alvarez 2026 SUR/Tlaltizapan, Roberto Ramírez Morales/Entrega de Juguetes/Entrega de juguetes en colab. DIF estatal, Tlaltizapan 3.jpeg"
FOTO-E63B15CDDC,"Entrega de juguetes en colab. DIF estatal, Tlaltizapan 4.jpeg",1r0VeggNHDGrExwoHOEqisd744Vt-tlEs,https://drive.google.com/file/d/1r0VeggNHDGrExwoHOEqisd744Vt-tlEs/view,MUNICIPIO,MOSTRAR_MUNICIPIO,Sur,Tlaltizapán de Zapata,,Sur,Tlaltizapán de Zapata,,0,Promotor,Roberto Ramírez Morales,,Lote por evento,/foto/FOTO-E63B15CDDC,,10,SI,e63b15cddc7ed4403c300239c725cfc09fe493612244a51e00328039845a8702,471458,1,Entrega de Juguetes,tlaltizapan-de-zapata-entrega-de-juguetes,,"Poligonos Coordinados por Gustavo Alvarez 2026 SUR/Tlaltizapan, Roberto Ramírez Morales/Entrega de Juguetes/Entrega de juguetes en colab. DIF estatal, Tlaltizapan 4.jpeg"
FOTO-8181D96D9B,"Entrega de juguetes en colab. DIF estatal, Tlaltizapan 5.jpeg",1Mom6cfzZc9t45uXivdljvIAekrXQt1Hk,https://drive.google.com/file/d/1Mom6cfzZc9t45uXivdljvIAekrXQt1Hk/view,MUNICIPIO,MOSTRAR_MUNICIPIO,Sur,Tlaltizapán de Zapata,,Sur,Tlaltizapán de Zapata,,0,Promotor,Roberto Ramírez Morales,,Lote por evento,/foto/FOTO-8181D96D9B,,10,SI,8181d96d9b9374c51231cc6ab55b062719fa527a82e0008ec9aea997c2e76614,462270,1,Entrega de Juguetes,tlaltizapan-de-zapata-entrega-de-juguetes,,"Poligonos Coordinados por Gustavo Alvarez 2026 SUR/Tlaltizapan, Roberto Ramírez Morales/Entrega de Juguetes/Entrega de juguetes en colab. DIF estatal, Tlaltizapan 5.jpeg"
FOTO-23A3370D42,"Equipo de medicina tradicional se instalaron para dar sesión en Acamilpa, Tlaltizapan 1 2026-09-09.jpeg",1ZCCvNBCdhfk3u0WN2p0AYgqZZvZ-lpGA,https://drive.google.com/file/d/1ZCCvNBCdhfk3u0WN2p0AYgqZZvZ-lpGA/view,MUNICIPIO,MOSTRAR_MUNICIPIO,Sur,Tlaltizapán de Zapata,,Sur,Tlaltizapán de Zapata,,0,Promotor,Roberto Ramírez Morales,,Lote por evento,/foto/FOTO-23A3370D42,,10,SI,23a3370d42d535b96692451f9ed8877e5cf6f5aeb2acb29e2140218e3f9947d0,173590,1,Equipo de medicina tradicional,tlaltizapan-de-zapata-equipo-de-medicina-tradicional,2026-09-09,"Poligonos Coordinados por Gustavo Alvarez 2026 SUR/Tlaltizapan, Roberto Ramírez Morales/Equipo de medicina tradicional/Equipo de medicina tradicional se instalaron para dar sesión en Acamilpa, Tlaltizapan 1 2026-09-09.jpeg"
FOTO-89C11DD4F7,"Equipo de medicina tradicional se instalaron para dar sesión en Acamilpa, Tlaltizapan 2 2026-09-09.jpeg",1811BdrZKEAdnPwh2N_pEnO4K2Wupo8Pk,https://drive.google.com/file/d/1811BdrZKEAdnPwh2N_pEnO4K2Wupo8Pk/view,MUNICIPIO,MOSTRAR_MUNICIPIO,Sur,Tlaltizapán de Zapata,,Sur,Tlaltizapán de Zapata,,0,Promotor,Roberto Ramírez Morales,,Lote por evento,/foto/FOTO-89C11DD4F7,,10,SI,89c11dd4f7b16e6cd7c39fd5c48ff07482022e4cd2acfc45b0e7fed06f8dc3e6,197832,1,Equipo de medicina tradicional,tlaltizapan-de-zapata-equipo-de-medicina-tradicional,2026-09-09,"Poligonos Coordinados por Gustavo Alvarez 2026 SUR/Tlaltizapan, Roberto Ramírez Morales/Equipo de medicina tradicional/Equipo de medicina tradicional se instalaron para dar sesión en Acamilpa, Tlaltizapan 2 2026-09-09.jpeg"
FOTO-7AD5B202E2,"Equipo de medicina tradicional se instalaron para dar sesión en Acamilpa, Tlaltizapan 3 2026-09-09.jpeg",1Owrd06RLwGtm0pIJG9wHRvosSntMhgAb,https://drive.google.com/file/d/1Owrd06RLwGtm0pIJG9wHRvosSntMhgAb/view,MUNICIPIO,MOSTRAR_MUNICIPIO,Sur,Tlaltizapán de Zapata,,Sur,Tlaltizapán de Zapata,,0,Promotor,Roberto Ramírez Morales,,Lote por evento,/foto/FOTO-7AD5B202E2,,10,SI,7ad5b202e21c28c204f905387a5fdf32e1f70fd1f056939bf8aa7fbd342d2084,260603,1,Equipo de medicina tradicional,tlaltizapan-de-zapata-equipo-de-medicina-tradicional,2026-09-09,"Poligonos Coordinados por Gustavo Alvarez 2026 SUR/Tlaltizapan, Roberto Ramírez Morales/Equipo de medicina tradicional/Equipo de medicina tradicional se instalaron para dar sesión en Acamilpa, Tlaltizapan 3 2026-09-09.jpeg"
FOTO-6ADA8C389D,"Revisión de los grupos representativos en Acamilpa, Tlaltizapan 2026-08-27.jpeg",16348mE8AoQjf1IFN6RTsHOran9D0qXEJ,https://drive.google.com/file/d/16348mE8AoQjf1IFN6RTsHOran9D0qXEJ/view,MUNICIPIO,MOSTRAR_MUNICIPIO,Sur,Tlaltizapán de Zapata,,Sur,Tlaltizapán de Zapata,,0,Promotor,Roberto Ramírez Morales,,Lote por evento,/foto/FOTO-6ADA8C389D,,10,SI,6ada8c389dc2f050d23a2ae2a1d113b58019717c98867d24a5d0b6755f2b5101,113661,1,Equipo de medicina tradicional,tlaltizapan-de-zapata-equipo-de-medicina-tradicional,2026-08-27,"Poligonos Coordinados por Gustavo Alvarez 2026 SUR/Tlaltizapan, Roberto Ramírez Morales/Equipo de medicina tradicional/Revisión de los grupos representativos en Acamilpa, Tlaltizapan 2026-08-27.jpeg"
FOTO-C76E4769DA,Convivio después de Faena.jpeg,1IxwM8VIhvXqk4QPQnHYJdeKL1kTQtlXE,https://drive.google.com/file/d/1IxwM8VIhvXqk4QPQnHYJdeKL1kTQtlXE/view,MUNICIPIO,MOSTRAR_MUNICIPIO,Sur,Tlaltizapán de Zapata,,Sur,Tlaltizapán de Zapata,,0,Promotor,Roberto Ramírez Morales,,Lote por evento,/foto/FOTO-C76E4769DA,,10,SI,c76e4769da81f3f48b38e6773a569674fe24e0025d44dd19b748ce42b61f2e22,364221,1,Faena-Tequio,tlaltizapan-de-zapata-faena-tequio,,"Poligonos Coordinados por Gustavo Alvarez 2026 SUR/Tlaltizapan, Roberto Ramírez Morales/Faena-Tequio/Convivio después de Faena.jpeg"
FOTO-A097CD51F1,Faena del consejo de col. Javier Mina 1.jpeg,1P1mQSHXo2ElvbJhFQlqVaPcxtE4mzyfn,https://drive.google.com/file/d/1P1mQSHXo2ElvbJhFQlqVaPcxtE4mzyfn/view,MUNICIPIO,MOSTRAR_MUNICIPIO,Sur,Tlaltizapán de Zapata,,Sur,Tlaltizapán de Zapata,,0,Promotor,Roberto Ramírez Morales,,Lote por evento,/foto/FOTO-A097CD51F1,,10,SI,a097cd51f1c771cde079574710223346acf8ae02dd8bb357f17ee82ac4fd44f1,105890,1,Faena-Tequio,tlaltizapan-de-zapata-faena-tequio,,"Poligonos Coordinados por Gustavo Alvarez 2026 SUR/Tlaltizapan, Roberto Ramírez Morales/Faena-Tequio/Faena del consejo de col. Javier Mina 1.jpeg"
FOTO-2E85B49B84,Faena del consejo de col. Javier Mina 2.jpeg,1XwYb3bDfiYTD-lLHuEIBhf41VynwEI9v,https://drive.google.com/file/d/1XwYb3bDfiYTD-lLHuEIBhf41VynwEI9v/view,MUNICIPIO,MOSTRAR_MUNICIPIO,Sur,Tlaltizapán de Zapata,,Sur,Tlaltizapán de Zapata,,0,Promotor,Roberto Ramírez Morales,,Lote por evento,/foto/FOTO-2E85B49B84,,10,SI,2e85b49b840d95b1562b788a5d24789a45c4cd7199fe54050fd975c4cff44e84,189590,1,Faena-Tequio,tlaltizapan-de-zapata-faena-tequio,,"Poligonos Coordinados por Gustavo Alvarez 2026 SUR/Tlaltizapan, Roberto Ramírez Morales/Faena-Tequio/Faena del consejo de col. Javier Mina 2.jpeg"
FOTO-0830AA0066,Faena del consejo de col. Javier Mina 3.jpeg,1tsNQ6kDWk23lt_qYShKFkQT8xMVmJSWp,https://drive.google.com/file/d/1tsNQ6kDWk23lt_qYShKFkQT8xMVmJSWp/view,MUNICIPIO,MOSTRAR_MUNICIPIO,Sur,Tlaltizapán de Zapata,,Sur,Tlaltizapán de Zapata,,0,Promotor,Roberto Ramírez Morales,,Lote por evento,/foto/FOTO-0830AA0066,,10,SI,0830aa0066f2954ef0185426b698550f9e30b83aaaf1c430b45b58433f8666a7,216524,1,Faena-Tequio,tlaltizapan-de-zapata-faena-tequio,,"Poligonos Coordinados por Gustavo Alvarez 2026 SUR/Tlaltizapan, Roberto Ramírez Morales/Faena-Tequio/Faena del consejo de col. Javier Mina 3.jpeg"
FOTO-A40A9CE525,Faena del consejo de col. Javier Mina 4.jpeg,1iJCIw3v0rBEcUwxF5U18MRQTVnYXAMja,https://drive.google.com/file/d/1iJCIw3v0rBEcUwxF5U18MRQTVnYXAMja/view,MUNICIPIO,MOSTRAR_MUNICIPIO,Sur,Tlaltizapán de Zapata,,Sur,Tlaltizapán de Zapata,,0,Promotor,Roberto Ramírez Morales,,Lote por evento,/foto/FOTO-A40A9CE525,,10,SI,a40a9ce5250b1719c25307ee2d4b8c9d52814a3973ad698294dbad2a1acfc2a0,331362,1,Faena-Tequio,tlaltizapan-de-zapata-faena-tequio,,"Poligonos Coordinados por Gustavo Alvarez 2026 SUR/Tlaltizapan, Roberto Ramírez Morales/Faena-Tequio/Faena del consejo de col. Javier Mina 4.jpeg"
FOTO-45453D017D,Faena en la col. Francisco Javier Mina 1..jpeg,17866yAvQih89yCJ-SXxExTY8OAu7ynk-,https://drive.google.com/file/d/17866yAvQih89yCJ-SXxExTY8OAu7ynk-/view,MUNICIPIO,MOSTRAR_MUNICIPIO,Sur,Tlaltizapán de Zapata,,Sur,Tlaltizapán de Zapata,,0,Promotor,Roberto Ramírez Morales,,Lote por evento,/foto/FOTO-45453D017D,,10,SI,45453d017d0a4d3d59d249934bc649ea255d104535f0344ae13aa7cde9f14d1b,308271,1,Faena-Tequio,tlaltizapan-de-zapata-faena-tequio,,"Poligonos Coordinados por Gustavo Alvarez 2026 SUR/Tlaltizapan, Roberto Ramírez Morales/Faena-Tequio/Faena en la col. Francisco Javier Mina 1..jpeg"
FOTO-971763659A,Faena en la col. Francisco Javier Mina 2.jpeg,1P2BJCfRtdbF_EcWxIKM8SRxt84OtKL_j,https://drive.google.com/file/d/1P2BJCfRtdbF_EcWxIKM8SRxt84OtKL_j/view,MUNICIPIO,MOSTRAR_MUNICIPIO,Sur,Tlaltizapán de Zapata,,Sur,Tlaltizapán de Zapata,,0,Promotor,Roberto Ramírez Morales,,Lote por evento,/foto/FOTO-971763659A,,10,SI,971763659ab2125e3f47880a592196886ec9d56032c85189357250bbaa50a654,349724,1,Faena-Tequio,tlaltizapan-de-zapata-faena-tequio,,"Poligonos Coordinados por Gustavo Alvarez 2026 SUR/Tlaltizapan, Roberto Ramírez Morales/Faena-Tequio/Faena en la col. Francisco Javier Mina 2.jpeg"
FOTO-4ABD8B8651,"Comites de Piso firme, Tlaltizapan 2026-08-26.jpeg",169msv52Raemrc2ykAxCrzIK3C0LfZrMW,https://drive.google.com/file/d/169msv52Raemrc2ykAxCrzIK3C0LfZrMW/view,MUNICIPIO,MOSTRAR_MUNICIPIO,Sur,Tlaltizapán de Zapata,,Sur,Tlaltizapán de Zapata,,0,Promotor,Roberto Ramírez Morales,,Lote por evento,/foto/FOTO-4ABD8B8651,,10,SI,4abd8b865119b71a270c71196f1862882a7343cac3f592d45a3f7574e70a86eb,197577,1,Piso Firme,tlaltizapan-de-zapata-piso-firme,2026-08-26,"Poligonos Coordinados por Gustavo Alvarez 2026 SUR/Tlaltizapan, Roberto Ramírez Morales/Piso Firme/Comites de Piso firme, Tlaltizapan 2026-08-26.jpeg"
FOTO-C185B46151,Recolección de firmas en Tlaltizapan..jpeg,18r8oZ-FMkhB2UJtQu2SZcNJOHO7DAout,https://drive.google.com/file/d/18r8oZ-FMkhB2UJtQu2SZcNJOHO7DAout/view,MUNICIPIO,MOSTRAR_MUNICIPIO,Sur,Tlaltizapán de Zapata,,Sur,Tlaltizapán de Zapata,,0,Promotor,Roberto Ramírez Morales,,Lote por evento,/foto/FOTO-C185B46151,,10,SI,c185b4615192e59169605c4932327d17bfc1fcdcd01479236dc1e0b81d80c25a,219628,1,Piso Firme,tlaltizapan-de-zapata-piso-firme,,"Poligonos Coordinados por Gustavo Alvarez 2026 SUR/Tlaltizapan, Roberto Ramírez Morales/Piso Firme/Recolección de firmas en Tlaltizapan..jpeg"
FOTO-8382B6AB73,"Registro de piso Firme FISE Acamilpa, Tlaltizapan 1 2026-09-10.jpeg",1wFZrMxImJ3lRs-Sv-dKhwMlsntKeDP4j,https://drive.google.com/file/d/1wFZrMxImJ3lRs-Sv-dKhwMlsntKeDP4j/view,MUNICIPIO,MOSTRAR_MUNICIPIO,Sur,Tlaltizapán de Zapata,,Sur,Tlaltizapán de Zapata,,0,Promotor,Roberto Ramírez Morales,,Lote por evento,/foto/FOTO-8382B6AB73,,10,SI,8382b6ab73ebc92b953331abc2fe19f023fae0b75f2a53b6b64265ff0c82656d,241485,1,Piso Firme,tlaltizapan-de-zapata-piso-firme,2026-09-10,"Poligonos Coordinados por Gustavo Alvarez 2026 SUR/Tlaltizapan, Roberto Ramírez Morales/Piso Firme/Registro de piso Firme FISE Acamilpa, Tlaltizapan 1 2026-09-10.jpeg"
FOTO-47076938E1,"Registro de piso Firme FISE Acamilpa, Tlaltizapan 2 2026-09-10.jpeg",1SdwapL0Xngg32eiTM6mDKDDF29SGiX59,https://drive.google.com/file/d/1SdwapL0Xngg32eiTM6mDKDDF29SGiX59/view,MUNICIPIO,MOSTRAR_MUNICIPIO,Sur,Tlaltizapán de Zapata,,Sur,Tlaltizapán de Zapata,,0,Promotor,Roberto Ramírez Morales,,Lote por evento,/foto/FOTO-47076938E1,,10,SI,47076938e159c2b853126fc58b64733c1c6e7176ef8d7fcd4d1f8149fe5be5e0,253992,1,Piso Firme,tlaltizapan-de-zapata-piso-firme,2026-09-10,"Poligonos Coordinados por Gustavo Alvarez 2026 SUR/Tlaltizapan, Roberto Ramírez Morales/Piso Firme/Registro de piso Firme FISE Acamilpa, Tlaltizapan 2 2026-09-10.jpeg"
FOTO-2ED71AB559,"Registro de piso Firme FISE Acamilpa, Tlaltizapan 3 2026-09-10.jpeg",1VwzW2S_UeZ-j0si5arsFQgBOpFJau_3Q,https://drive.google.com/file/d/1VwzW2S_UeZ-j0si5arsFQgBOpFJau_3Q/view,MUNICIPIO,MOSTRAR_MUNICIPIO,Sur,Tlaltizapán de Zapata,,Sur,Tlaltizapán de Zapata,,0,Promotor,Roberto Ramírez Morales,,Lote por evento,/foto/FOTO-2ED71AB559,,10,SI,2ed71ab55981166296d2808718928ec5560e789456365a08950585d345ce5ac2,276782,1,Piso Firme,tlaltizapan-de-zapata-piso-firme,2026-09-10,"Poligonos Coordinados por Gustavo Alvarez 2026 SUR/Tlaltizapan, Roberto Ramírez Morales/Piso Firme/Registro de piso Firme FISE Acamilpa, Tlaltizapan 3 2026-09-10.jpeg"
FOTO-A69C22C0D3,"Registro de piso Firme FISE Acamilpa, Tlaltizapan 4 2026-09-10.jpeg",1Har6ghYhMTb-rGhZIsUm0LBzXQtbYcuv,https://drive.google.com/file/d/1Har6ghYhMTb-rGhZIsUm0LBzXQtbYcuv/view,MUNICIPIO,MOSTRAR_MUNICIPIO,Sur,Tlaltizapán de Zapata,,Sur,Tlaltizapán de Zapata,,0,Promotor,Roberto Ramírez Morales,,Lote por evento,/foto/FOTO-A69C22C0D3,,10,SI,a69c22c0d34fc4d7cebdece419df27f722641cef5cd8b9c164c7f17462793ec0,277957,1,Piso Firme,tlaltizapan-de-zapata-piso-firme,2026-09-10,"Poligonos Coordinados por Gustavo Alvarez 2026 SUR/Tlaltizapan, Roberto Ramírez Morales/Piso Firme/Registro de piso Firme FISE Acamilpa, Tlaltizapan 4 2026-09-10.jpeg"
FOTO-1DC04DCF5E,"Taller de Artes Plasticas en Pueblo Nuevo, Tlaltizapan 1 2026-09-10.jpeg",1YMJMyHcFKRj_XTTOVdwGqX09EwM5FKW-,https://drive.google.com/file/d/1YMJMyHcFKRj_XTTOVdwGqX09EwM5FKW-/view,MUNICIPIO,MOSTRAR_MUNICIPIO,Sur,Tlaltizapán de Zapata,,Sur,Tlaltizapán de Zapata,,0,Promotor,Roberto Ramírez Morales,,Lote por evento,/foto/FOTO-1DC04DCF5E,,10,SI,1dc04dcf5e19f03e54e1840cbde0641d829a42fc34ac5054cfe1d98bd6668dea,184932,1,Taller de Artes plásticas,tlaltizapan-de-zapata-taller-de-artes-plasticas,2026-09-10,"Poligonos Coordinados por Gustavo Alvarez 2026 SUR/Tlaltizapan, Roberto Ramírez Morales/Taller de Artes plásticas/Taller de Artes Plasticas en Pueblo Nuevo, Tlaltizapan 1 2026-09-10.jpeg"
FOTO-830F286ACD,"Taller de Artes Plasticas en Pueblo Nuevo, Tlaltizapan 2 2026-09-10.jpeg",1fXNmSggdC-A4mZBYaYAfKYwrzTEZHcDY,https://drive.google.com/file/d/1fXNmSggdC-A4mZBYaYAfKYwrzTEZHcDY/view,MUNICIPIO,MOSTRAR_MUNICIPIO,Sur,Tlaltizapán de Zapata,,Sur,Tlaltizapán de Zapata,,0,Promotor,Roberto Ramírez Morales,,Lote por evento,/foto/FOTO-830F286ACD,,10,SI,830f286acd9047b8af8568f9629e2a8143112462d369881dcd6d4bc598185f6a,125579,1,Taller de Artes plásticas,tlaltizapan-de-zapata-taller-de-artes-plasticas,2026-09-10,"Poligonos Coordinados por Gustavo Alvarez 2026 SUR/Tlaltizapan, Roberto Ramírez Morales/Taller de Artes plásticas/Taller de Artes Plasticas en Pueblo Nuevo, Tlaltizapan 2 2026-09-10.jpeg"
FOTO-5635D6AD59,Taller de Bolsa de Toquilla en Acamilpa 03032026.jpeg,1Cn8h5W6RXhBzcbDQUg-HlJGLCtDjiYnF,https://drive.google.com/file/d/1Cn8h5W6RXhBzcbDQUg-HlJGLCtDjiYnF/view,MUNICIPIO,MOSTRAR_MUNICIPIO,Sur,Tlaltizapán de Zapata,,Sur,Tlaltizapán de Zapata,,0,Promotor,Roberto Ramírez Morales,,Lote por evento,/foto/FOTO-5635D6AD59,,10,SI,5635d6ad59a485c7d603b03a0210b8ec410d8da32ce60cf81bd03e1ff8529e59,302865,1,Taller de bolsa de toquilla,tlaltizapan-de-zapata-taller-de-bolsa-de-toquilla,2026-03-03,"Poligonos Coordinados por Gustavo Alvarez 2026 SUR/Tlaltizapan, Roberto Ramírez Morales/Taller de bolsa de toquilla/Taller de Bolsa de Toquilla en Acamilpa 03032026.jpeg"
FOTO-F9244F98B4,Taller de Bolsa de Toquilla en Acamilpa 2. 03032026.jpeg,1bu04IF8gLezT7AinV71bACaekhv6i2IZ,https://drive.google.com/file/d/1bu04IF8gLezT7AinV71bACaekhv6i2IZ/view,MUNICIPIO,MOSTRAR_MUNICIPIO,Sur,Tlaltizapán de Zapata,,Sur,Tlaltizapán de Zapata,,0,Promotor,Roberto Ramírez Morales,,Lote por evento,/foto/FOTO-F9244F98B4,,10,SI,f9244f98b40f7070b2cb51168f7ae39b207d69db215cdea686f0ad6311033e81,273122,1,Taller de bolsa de toquilla,tlaltizapan-de-zapata-taller-de-bolsa-de-toquilla,2026-03-03,"Poligonos Coordinados por Gustavo Alvarez 2026 SUR/Tlaltizapan, Roberto Ramírez Morales/Taller de bolsa de toquilla/Taller de Bolsa de Toquilla en Acamilpa 2. 03032026.jpeg"
FOTO-77C2AE955B,Taller de Bolsa de Toquilla en Acamilpa 3. 03032026.jpeg,1rWpv478tsrwO2-gKkOKTNq7OjbIjUvtA,https://drive.google.com/file/d/1rWpv478tsrwO2-gKkOKTNq7OjbIjUvtA/view,MUNICIPIO,MOSTRAR_MUNICIPIO,Sur,Tlaltizapán de Zapata,,Sur,Tlaltizapán de Zapata,,0,Promotor,Roberto Ramírez Morales,,Lote por evento,/foto/FOTO-77C2AE955B,,10,SI,77c2ae955be920602269d163f92600fb2934be0e9d77765c11cf62bafa4cec2d,302194,1,Taller de bolsa de toquilla,tlaltizapan-de-zapata-taller-de-bolsa-de-toquilla,2026-03-03,"Poligonos Coordinados por Gustavo Alvarez 2026 SUR/Tlaltizapan, Roberto Ramírez Morales/Taller de bolsa de toquilla/Taller de Bolsa de Toquilla en Acamilpa 3. 03032026.jpeg"
FOTO-9935EA1DEE,Taller de Bolsa de Toquilla en Acamilpa 4. 03032026.jpeg,10hmAOHFEU0AHQlaAYuwCM32bVYaBd7cf,https://drive.google.com/file/d/10hmAOHFEU0AHQlaAYuwCM32bVYaBd7cf/view,MUNICIPIO,MOSTRAR_MUNICIPIO,Sur,Tlaltizapán de Zapata,,Sur,Tlaltizapán de Zapata,,0,Promotor,Roberto Ramírez Morales,,Lote por evento,/foto/FOTO-9935EA1DEE,,10,SI,9935ea1deea5ae54796c604477fea8609da3e13133ef8e47e6ebf80b9ccb36a0,365297,1,Taller de bolsa de toquilla,tlaltizapan-de-zapata-taller-de-bolsa-de-toquilla,2026-03-03,"Poligonos Coordinados por Gustavo Alvarez 2026 SUR/Tlaltizapan, Roberto Ramírez Morales/Taller de bolsa de toquilla/Taller de Bolsa de Toquilla en Acamilpa 4. 03032026.jpeg"
FOTO-C6D8ED3B60,Taller de piano de la Sec. Cult. 1. Tlaltizapan 2026-08-26.jpeg,1SMN3cUbl9LOLkFCT1SDOzC_sudCeEvRu,https://drive.google.com/file/d/1SMN3cUbl9LOLkFCT1SDOzC_sudCeEvRu/view,MUNICIPIO,MOSTRAR_MUNICIPIO,Sur,Tlaltizapán de Zapata,,Sur,Tlaltizapán de Zapata,,0,Promotor,Roberto Ramírez Morales,,Lote por evento,/foto/FOTO-C6D8ED3B60,,10,SI,c6d8ed3b60aafad414b4cba294dcdf2b4598117f877a103e40f2747b69b13386,306375,1,Taller de Piano,tlaltizapan-de-zapata-taller-de-piano,2026-08-26,"Poligonos Coordinados por Gustavo Alvarez 2026 SUR/Tlaltizapan, Roberto Ramírez Morales/Taller de Piano/Taller de piano de la Sec. Cult. 1. Tlaltizapan 2026-08-26.jpeg"
FOTO-FE9F04DAD1,Taller de piano de la Sec. Cult. 2. Tlaltizapan 2026-08-26.jpeg,1_VNi6yjcQ51AKCC6RHxLptGAswHMrWi8,https://drive.google.com/file/d/1_VNi6yjcQ51AKCC6RHxLptGAswHMrWi8/view,MUNICIPIO,MOSTRAR_MUNICIPIO,Sur,Tlaltizapán de Zapata,,Sur,Tlaltizapán de Zapata,,0,Promotor,Roberto Ramírez Morales,,Lote por evento,/foto/FOTO-FE9F04DAD1,,10,SI,fe9f04dad1596ebca16e74232ba9e4e6b89b5219c545f0bf45aebcd93916a3fe,310242,1,Taller de Piano,tlaltizapan-de-zapata-taller-de-piano,2026-08-26,"Poligonos Coordinados por Gustavo Alvarez 2026 SUR/Tlaltizapan, Roberto Ramírez Morales/Taller de Piano/Taller de piano de la Sec. Cult. 2. Tlaltizapan 2026-08-26.jpeg"
FOTO-C51BF0F728,Taller de piano de la Sec. Cult. 3. Tlaltizapan 2026-08-26.jpeg,15zbrj-tb3aeu9c2JdPnZ1dwfyoWjq8FJ,https://drive.google.com/file/d/15zbrj-tb3aeu9c2JdPnZ1dwfyoWjq8FJ/view,MUNICIPIO,MOSTRAR_MUNICIPIO,Sur,Tlaltizapán de Zapata,,Sur,Tlaltizapán de Zapata,,0,Promotor,Roberto Ramírez Morales,,Lote por evento,/foto/FOTO-C51BF0F728,,10,SI,c51bf0f7289caa4e7adee6cc9b620f785a28efefa27405c0938de6fc53192c59,290212,1,Taller de Piano,tlaltizapan-de-zapata-taller-de-piano,2026-08-26,"Poligonos Coordinados por Gustavo Alvarez 2026 SUR/Tlaltizapan, Roberto Ramírez Morales/Taller de Piano/Taller de piano de la Sec. Cult. 3. Tlaltizapan 2026-08-26.jpeg"
FOTO-1174AE7363,Taller de piano de la Sec. Cult. 4. Tlaltizapan 2026-08-26.jpeg,1s-k08jBTD99PtZPdj45Wa5rEOqG_WbDa,https://drive.google.com/file/d/1s-k08jBTD99PtZPdj45Wa5rEOqG_WbDa/view,MUNICIPIO,MOSTRAR_MUNICIPIO,Sur,Tlaltizapán de Zapata,,Sur,Tlaltizapán de Zapata,,0,Promotor,Roberto Ramírez Morales,,Lote por evento,/foto/FOTO-1174AE7363,,10,SI,1174ae7363780178928f8bb90b7bcd93b4d0e2100d3035b9a1c013351c616dfd,209943,1,Taller de Piano,tlaltizapan-de-zapata-taller-de-piano,2026-08-26,"Poligonos Coordinados por Gustavo Alvarez 2026 SUR/Tlaltizapan, Roberto Ramírez Morales/Taller de Piano/Taller de piano de la Sec. Cult. 4. Tlaltizapan 2026-08-26.jpeg"
FOTO-D89E558F93,Taller de piano de la Sec. Cult. 5. Tlaltizapan 2026-08-26.jpeg,1srUYyLY4aOAIdjnS8FZX4t_Jp8yEMBjx,https://drive.google.com/file/d/1srUYyLY4aOAIdjnS8FZX4t_Jp8yEMBjx/view,MUNICIPIO,MOSTRAR_MUNICIPIO,Sur,Tlaltizapán de Zapata,,Sur,Tlaltizapán de Zapata,,0,Promotor,Roberto Ramírez Morales,,Lote por evento,/foto/FOTO-D89E558F93,,10,SI,d89e558f9310978ba85cf93ed0c9ba43257d8392bae1fc6417d71a47e50cd5aa,265316,1,Taller de Piano,tlaltizapan-de-zapata-taller-de-piano,2026-08-26,"Poligonos Coordinados por Gustavo Alvarez 2026 SUR/Tlaltizapan, Roberto Ramírez Morales/Taller de Piano/Taller de piano de la Sec. Cult. 5. Tlaltizapan 2026-08-26.jpeg"
FOTO-E9D34A9A12,"Taller de piano en Acamilpa, Tlaltizapan  2026-09-17 (1).jpeg",1C0QwHQH8xC-PymJKMtP34sZBH_ZVbZow,https://drive.google.com/file/d/1C0QwHQH8xC-PymJKMtP34sZBH_ZVbZow/view,MUNICIPIO,MOSTRAR_MUNICIPIO,Sur,Tlaltizapán de Zapata,,Sur,Tlaltizapán de Zapata,,0,Promotor,Roberto Ramírez Morales,,Lote por evento,/foto/FOTO-E9D34A9A12,,10,SI,e9d34a9a12d60ed3ad47736155e42a035861124f27700a7a40814cce372c6ed9,347121,1,Taller de Piano,tlaltizapan-de-zapata-taller-de-piano,2026-09-17,"Poligonos Coordinados por Gustavo Alvarez 2026 SUR/Tlaltizapan, Roberto Ramírez Morales/Taller de Piano/Taller de piano en Acamilpa, Tlaltizapan  2026-09-17 (1).jpeg"
FOTO-9F9B5087B5,"Taller de piano en Acamilpa, Tlaltizapan  2026-09-17 (2).jpeg",1YDagBiFlLGjGyt01DRbOyDMJHY95h5SJ,https://drive.google.com/file/d/1YDagBiFlLGjGyt01DRbOyDMJHY95h5SJ/view,MUNICIPIO,MOSTRAR_MUNICIPIO,Sur,Tlaltizapán de Zapata,,Sur,Tlaltizapán de Zapata,,0,Promotor,Roberto Ramírez Morales,,Lote por evento,/foto/FOTO-9F9B5087B5,,10,SI,9f9b5087b5834a2151668cfd14972d805f41103dbc8b01ec6bbc5680ff438380,349392,1,Taller de Piano,tlaltizapan-de-zapata-taller-de-piano,2026-09-17,"Poligonos Coordinados por Gustavo Alvarez 2026 SUR/Tlaltizapan, Roberto Ramírez Morales/Taller de Piano/Taller de piano en Acamilpa, Tlaltizapan  2026-09-17 (2).jpeg"
FOTO-E220431944,"Taller de piano en Acamilpa, Tlaltizapan  2026-09-17 (3).jpeg",1OEdvC-1YodDF2CdUaxgTjYYMCPQixanj,https://drive.google.com/file/d/1OEdvC-1YodDF2CdUaxgTjYYMCPQixanj/view,MUNICIPIO,MOSTRAR_MUNICIPIO,Sur,Tlaltizapán de Zapata,,Sur,Tlaltizapán de Zapata,,0,Promotor,Roberto Ramírez Morales,,Lote por evento,/foto/FOTO-E220431944,,10,SI,e22043194499c25e7c064f79db7a6da30c2cff6af0385a8f1e854373132fbab9,256242,1,Taller de Piano,tlaltizapan-de-zapata-taller-de-piano,2026-09-17,"Poligonos Coordinados por Gustavo Alvarez 2026 SUR/Tlaltizapan, Roberto Ramírez Morales/Taller de Piano/Taller de piano en Acamilpa, Tlaltizapan  2026-09-17 (3).jpeg"
FOTO-366991BCD2,"Taller de piano en Acamilpa, Tlaltizapan  2026-09-17 (4).jpeg",1kVMN-oaRmXxewFYbIzlZDCavh2vNYbES,https://drive.google.com/file/d/1kVMN-oaRmXxewFYbIzlZDCavh2vNYbES/view,MUNICIPIO,MOSTRAR_MUNICIPIO,Sur,Tlaltizapán de Zapata,,Sur,Tlaltizapán de Zapata,,0,Promotor,Roberto Ramírez Morales,,Lote por evento,/foto/FOTO-366991BCD2,,10,SI,366991bcd2bd783cccfa84ea25fa93433a95b0c7a67a3f66f4cf62c65e633469,257520,1,Taller de Piano,tlaltizapan-de-zapata-taller-de-piano,2026-09-17,"Poligonos Coordinados por Gustavo Alvarez 2026 SUR/Tlaltizapan, Roberto Ramírez Morales/Taller de Piano/Taller de piano en Acamilpa, Tlaltizapan  2026-09-17 (4).jpeg"
FOTO-36A9998F66,"Taller de piano en Acamilpa, Tlaltizapan  2026-09-17 (7).jpeg",14LoE34gHNq94H7jICyNcF1aY_aGSUhG0,https://drive.google.com/file/d/14LoE34gHNq94H7jICyNcF1aY_aGSUhG0/view,MUNICIPIO,MOSTRAR_MUNICIPIO,Sur,Tlaltizapán de Zapata,,Sur,Tlaltizapán de Zapata,,0,Promotor,Roberto Ramírez Morales,,Lote por evento,/foto/FOTO-36A9998F66,,10,SI,36a9998f660667f558df44f369e8c23a39980f42705b2e7f83e4761a87eafd3b,353682,1,Taller de Piano,tlaltizapan-de-zapata-taller-de-piano,2026-09-17,"Poligonos Coordinados por Gustavo Alvarez 2026 SUR/Tlaltizapan, Roberto Ramírez Morales/Taller de Piano/Taller de piano en Acamilpa, Tlaltizapan  2026-09-17 (7).jpeg"
FOTO-5ECAD23928,"Taller de Piano en Acamilpa, Tlaltizapan 1. 2026-09-03.jpeg",1l1AXycqRtvstGUipclj2ZKlecTgaEutv,https://drive.google.com/file/d/1l1AXycqRtvstGUipclj2ZKlecTgaEutv/view,MUNICIPIO,MOSTRAR_MUNICIPIO,Sur,Tlaltizapán de Zapata,,Sur,Tlaltizapán de Zapata,,0,Promotor,Roberto Ramírez Morales,,Lote por evento,/foto/FOTO-5ECAD23928,,10,SI,5ecad239289b919941363e5e2f7025ecdec2bf6364165967d86b87b01c935ec0,213235,1,Taller de Piano,tlaltizapan-de-zapata-taller-de-piano,2026-09-03,"Poligonos Coordinados por Gustavo Alvarez 2026 SUR/Tlaltizapan, Roberto Ramírez Morales/Taller de Piano/Taller de Piano en Acamilpa, Tlaltizapan 1. 2026-09-03.jpeg"
FOTO-7D2972A959,"Taller de Piano en Acamilpa, Tlaltizapan 2. 2026-09-03.jpeg",1EXVyFmVRwloKmLnuE-mP2HIpysJzPs6s,https://drive.google.com/file/d/1EXVyFmVRwloKmLnuE-mP2HIpysJzPs6s/view,MUNICIPIO,MOSTRAR_MUNICIPIO,Sur,Tlaltizapán de Zapata,,Sur,Tlaltizapán de Zapata,,0,Promotor,Roberto Ramírez Morales,,Lote por evento,/foto/FOTO-7D2972A959,,10,SI,7d2972a959d0c079b30c33e42b7846e493e3a5981bca9534ae354b241384c8df,240479,1,Taller de Piano,tlaltizapan-de-zapata-taller-de-piano,2026-09-03,"Poligonos Coordinados por Gustavo Alvarez 2026 SUR/Tlaltizapan, Roberto Ramírez Morales/Taller de Piano/Taller de Piano en Acamilpa, Tlaltizapan 2. 2026-09-03.jpeg"
FOTO-AFAB42735B,"Taller de piano, Acamilpa, Tlaltizapan 1 2026-09-03.jpeg",1BMoF7paZEtTG2Xo5ge6u6WjilyA2RJzM,https://drive.google.com/file/d/1BMoF7paZEtTG2Xo5ge6u6WjilyA2RJzM/view,MUNICIPIO,MOSTRAR_MUNICIPIO,Sur,Tlaltizapán de Zapata,,Sur,Tlaltizapán de Zapata,,0,Promotor,Roberto Ramírez Morales,,Lote por evento,/foto/FOTO-AFAB42735B,,10,SI,afab42735b0aa8d18444e0cf317f7767c742586c450e4bc18e2f3bd1d8095f5e,221872,1,Taller de Piano,tlaltizapan-de-zapata-taller-de-piano,2026-09-03,"Poligonos Coordinados por Gustavo Alvarez 2026 SUR/Tlaltizapan, Roberto Ramírez Morales/Taller de Piano/Taller de piano, Acamilpa, Tlaltizapan 1 2026-09-03.jpeg"
FOTO-A757F66215,"Taller de piano, Acamilpa, Tlaltizapan 2 2026-09-03.jpeg",1bECL19d1IMqDH4BlOWRDp6JULlDlTb3Y,https://drive.google.com/file/d/1bECL19d1IMqDH4BlOWRDp6JULlDlTb3Y/view,MUNICIPIO,MOSTRAR_MUNICIPIO,Sur,Tlaltizapán de Zapata,,Sur,Tlaltizapán de Zapata,,0,Promotor,Roberto Ramírez Morales,,Lote por evento,/foto/FOTO-A757F66215,,10,SI,a757f662158f36fbfd2083671eeb3fd204b30b6edddae3e353211e49035ca581,165811,1,Taller de Piano,tlaltizapan-de-zapata-taller-de-piano,2026-09-03,"Poligonos Coordinados por Gustavo Alvarez 2026 SUR/Tlaltizapan, Roberto Ramírez Morales/Taller de Piano/Taller de piano, Acamilpa, Tlaltizapan 2 2026-09-03.jpeg"
FOTO-E1B73733DA,"Taller de piano, Acamilpa, Tlaltizapan 3 2026-09-03.jpeg",1yQKA5-i3_Xk0ssDf1cKHa5YxJ7FoF8u5,https://drive.google.com/file/d/1yQKA5-i3_Xk0ssDf1cKHa5YxJ7FoF8u5/view,MUNICIPIO,MOSTRAR_MUNICIPIO,Sur,Tlaltizapán de Zapata,,Sur,Tlaltizapán de Zapata,,0,Promotor,Roberto Ramírez Morales,,Lote por evento,/foto/FOTO-E1B73733DA,,10,SI,e1b73733dade25dcf0e200705534ef5c82bdc9d03b42d1bbe909b5bf3b081832,256803,1,Taller de Piano,tlaltizapan-de-zapata-taller-de-piano,2026-09-03,"Poligonos Coordinados por Gustavo Alvarez 2026 SUR/Tlaltizapan, Roberto Ramírez Morales/Taller de Piano/Taller de piano, Acamilpa, Tlaltizapan 3 2026-09-03.jpeg"
FOTO-9CF5B63E89,"Taller de piano, Acamilpa, Tlaltizapan 4 2026-09-03.jpeg",15F_vmVEi537z2Zwv2YnwQliGa3ChmZkj,https://drive.google.com/file/d/15F_vmVEi537z2Zwv2YnwQliGa3ChmZkj/view,MUNICIPIO,MOSTRAR_MUNICIPIO,Sur,Tlaltizapán de Zapata,,Sur,Tlaltizapán de Zapata,,0,Promotor,Roberto Ramírez Morales,,Lote por evento,/foto/FOTO-9CF5B63E89,,10,SI,9cf5b63e8982e93232c2e2807bdb38961ee3bf919d99c3093f5c0e6b9bd80d21,138751,1,Taller de Piano,tlaltizapan-de-zapata-taller-de-piano,2026-09-03,"Poligonos Coordinados por Gustavo Alvarez 2026 SUR/Tlaltizapan, Roberto Ramírez Morales/Taller de Piano/Taller de piano, Acamilpa, Tlaltizapan 4 2026-09-03.jpeg"
FOTO-4F08C32BC8,"Taller de piano, Acamilpa, Tlaltizapan 5 2026-09-03.jpeg",1s-IOi32xXyGX1p2QEhUjIw7J8q0AZ3ka,https://drive.google.com/file/d/1s-IOi32xXyGX1p2QEhUjIw7J8q0AZ3ka/view,MUNICIPIO,MOSTRAR_MUNICIPIO,Sur,Tlaltizapán de Zapata,,Sur,Tlaltizapán de Zapata,,0,Promotor,Roberto Ramírez Morales,,Lote por evento,/foto/FOTO-4F08C32BC8,,10,SI,4f08c32bc831a89d6b893b0709eddbc44d58b2335de8b8859c30e817d435b946,200523,1,Taller de Piano,tlaltizapan-de-zapata-taller-de-piano,2026-09-03,"Poligonos Coordinados por Gustavo Alvarez 2026 SUR/Tlaltizapan, Roberto Ramírez Morales/Taller de Piano/Taller de piano, Acamilpa, Tlaltizapan 5 2026-09-03.jpeg"
FOTO-2D1BD0FB65,"Taller de piano, Acamilpa, Tlaltizapan 6 2026-09-03.jpeg",184-zmiubMGubk6KC90B7_3tuxuY_Q2KT,https://drive.google.com/file/d/184-zmiubMGubk6KC90B7_3tuxuY_Q2KT/view,MUNICIPIO,MOSTRAR_MUNICIPIO,Sur,Tlaltizapán de Zapata,,Sur,Tlaltizapán de Zapata,,0,Promotor,Roberto Ramírez Morales,,Lote por evento,/foto/FOTO-2D1BD0FB65,,10,SI,2d1bd0fb658292952c1c11143bdbb9a5cb40e23660ed36dbf6af9accd50ac48a,250963,1,Taller de Piano,tlaltizapan-de-zapata-taller-de-piano,2026-09-03,"Poligonos Coordinados por Gustavo Alvarez 2026 SUR/Tlaltizapan, Roberto Ramírez Morales/Taller de Piano/Taller de piano, Acamilpa, Tlaltizapan 6 2026-09-03.jpeg"
FOTO-CD22C43968,WhatsApp Image 2026-09-17 at 7.23.38 PM (6).jpeg,1jRALbWgKKwen4upJAA65Dgm-9d2gyeE4,https://drive.google.com/file/d/1jRALbWgKKwen4upJAA65Dgm-9d2gyeE4/view,MUNICIPIO,MOSTRAR_MUNICIPIO,Sur,Tlaltizapán de Zapata,,Sur,Tlaltizapán de Zapata,,0,Promotor,Roberto Ramírez Morales,,Lote por evento,/foto/FOTO-CD22C43968,,10,SI,cd22c43968b8d31bf8d1f59e704e85460f114456714f1b975fad77e30f8363dd,357332,1,Taller de Piano,tlaltizapan-de-zapata-taller-de-piano,2026-09-17,"Poligonos Coordinados por Gustavo Alvarez 2026 SUR/Tlaltizapan, Roberto Ramírez Morales/Taller de Piano/WhatsApp Image 2026-09-17 at 7.23.38 PM (6).jpeg"
FOTO-C790B7F83B,Entrega de documentación para cursos de acrílico en Puente de Ixtla..jpeg,1vPzQUJcb8jdQ2bbNlwANQ_fVJbhFpYqb,https://drive.google.com/file/d/1vPzQUJcb8jdQ2bbNlwANQ_fVJbhFpYqb/view,MUNICIPIO,MOSTRAR_MUNICIPIO,Sur,Tlaltizapán de Zapata,,Sur,Tlaltizapán de Zapata,,0,Promotor,Roberto Ramírez Morales,,Lote por evento,/foto/FOTO-C790B7F83B,,10,SI,c790b7f83b7b248f0370682a598e3bbb9d2c0e65b9ce0beba70d8525eddc875b,153516,1,Taller de uñas Acrilico,tlaltizapan-de-zapata-taller-de-unas-acrilico,,"Poligonos Coordinados por Gustavo Alvarez 2026 SUR/Tlaltizapan, Roberto Ramírez Morales/Taller de uñas Acrilico/Entrega de documentación para cursos de acrílico en Puente de Ixtla..jpeg"
FOTO-C092034AE0,Taller de Acrílico en Tlaltizapan 2. 04032026.jpeg,1R9y2QIsu1avPyiSVz3NWsLU6EWvbqj34,https://drive.google.com/file/d/1R9y2QIsu1avPyiSVz3NWsLU6EWvbqj34/view,MUNICIPIO,MOSTRAR_MUNICIPIO,Sur,Tlaltizapán de Zapata,,Sur,Tlaltizapán de Zapata,,0,Promotor,Roberto Ramírez Morales,,Lote por evento,/foto/FOTO-C092034AE0,,10,SI,c092034ae0fa9786003650ab9c2d9f7b4e6ae893b56e3330afd7b690b693f2c0,221865,1,Taller de uñas Acrilico,tlaltizapan-de-zapata-taller-de-unas-acrilico,2026-03-04,"Poligonos Coordinados por Gustavo Alvarez 2026 SUR/Tlaltizapan, Roberto Ramírez Morales/Taller de uñas Acrilico/Taller de Acrílico en Tlaltizapan 2. 04032026.jpeg"
FOTO-B1DAA8AB71,Taller de Acrílico en Tlaltizapan. 04032026.jpeg,1yRXrqFA6wurnyLmRKuernO3wAvpk1Mtr,https://drive.google.com/file/d/1yRXrqFA6wurnyLmRKuernO3wAvpk1Mtr/view,MUNICIPIO,MOSTRAR_MUNICIPIO,Sur,Tlaltizapán de Zapata,,Sur,Tlaltizapán de Zapata,,0,Promotor,Roberto Ramírez Morales,,Lote por evento,/foto/FOTO-B1DAA8AB71,,10,SI,b1daa8ab71dab673c801810f22d35a9a8213e7c7b84f60b8c0d7354a2a4f51b7,249285,1,Taller de uñas Acrilico,tlaltizapan-de-zapata-taller-de-unas-acrilico,2026-03-04,"Poligonos Coordinados por Gustavo Alvarez 2026 SUR/Tlaltizapan, Roberto Ramírez Morales/Taller de uñas Acrilico/Taller de Acrílico en Tlaltizapan. 04032026.jpeg"
FOTO-529FAFAAE0,"Consejo comunitario de la Comunidad de los Dormidos, Tlaquiltenango..jpeg",1v9FvN6Y0JcKu6xBQ9r7N6z76JnGIOfJW,https://drive.google.com/file/d/1v9FvN6Y0JcKu6xBQ9r7N6z76JnGIOfJW/view,MUNICIPIO,MOSTRAR_MUNICIPIO,Sur,Tlaquiltenango,,Sur,Tlaquiltenango,,0,Promotor,Ramiro Pérez Montes,,Lote por evento,/foto/FOTO-529FAFAAE0,,10,SI,529fafaae0f99bf00980169970e0af74ef8efa15dac8c84fa302cea2d737804c,239907,1,Consejo Comunitario,tlaquiltenango-consejo-comunitario,,"Poligonos Coordinados por Gustavo Alvarez 2026 SUR/Tlaquiltenango, Ramiro Pérez Montes/Consejo Comunitario/Consejo comunitario de la Comunidad de los Dormidos, Tlaquiltenango..jpeg"
FOTO-DAB5A5F30E,"Consejo Comunitario de la Era, Tlaqui..jpeg",1f87f3U-8u4v0zes38ZGS7hAN80nWmnnI,https://drive.google.com/file/d/1f87f3U-8u4v0zes38ZGS7hAN80nWmnnI/view,MUNICIPIO,MOSTRAR_MUNICIPIO,Sur,Tlaquiltenango,,Sur,Tlaquiltenango,,0,Promotor,Ramiro Pérez Montes,,Lote por evento,/foto/FOTO-DAB5A5F30E,,10,SI,dab5a5f30eeafc07353c062a82e0b7f2f01f64edb0cf72f1042ea239dae1baf8,98127,1,Consejo Comunitario,tlaquiltenango-consejo-comunitario,,"Poligonos Coordinados por Gustavo Alvarez 2026 SUR/Tlaquiltenango, Ramiro Pérez Montes/Consejo Comunitario/Consejo Comunitario de la Era, Tlaqui..jpeg"
FOTO-FF18629A9F,"Consejo Comunitario de la Mezquitera, Tlaquiltenango.jpeg",1Ad-pMqf0CQXOm_al4ynJPXw9RNeh2rGI,https://drive.google.com/file/d/1Ad-pMqf0CQXOm_al4ynJPXw9RNeh2rGI/view,MUNICIPIO,MOSTRAR_MUNICIPIO,Sur,Tlaquiltenango,,Sur,Tlaquiltenango,,0,Promotor,Ramiro Pérez Montes,,Lote por evento,/foto/FOTO-FF18629A9F,,10,SI,ff18629a9f52d07bfefe7f31533aaf0295a2a82fbb4bf79ea1510baa9656fe00,189731,1,Consejo Comunitario,tlaquiltenango-consejo-comunitario,,"Poligonos Coordinados por Gustavo Alvarez 2026 SUR/Tlaquiltenango, Ramiro Pérez Montes/Consejo Comunitario/Consejo Comunitario de la Mezquitera, Tlaquiltenango.jpeg"
FOTO-969462E578,"Entrega de Jitomate, cebolla y nopal. Tlaquiltenango 2. 05032026.jpeg",1hpQ4dmA-fXWpElVbvzChJHE7dOaILaPf,https://drive.google.com/file/d/1hpQ4dmA-fXWpElVbvzChJHE7dOaILaPf/view,MUNICIPIO,MOSTRAR_MUNICIPIO,Sur,Tlaquiltenango,,Sur,Tlaquiltenango,,0,Promotor,Ramiro Pérez Montes,,Lote por evento,/foto/FOTO-969462E578,,10,SI,969462e57817f4e5fc0cc1f5281fed900d8cf699368609d042b2fe4cea45a2c2,157579,1,Entrega de hortalizas. Tlaquiltenango,tlaquiltenango-entrega-de-hortalizas-tlaquiltenango,2026-03-05,"Poligonos Coordinados por Gustavo Alvarez 2026 SUR/Tlaquiltenango, Ramiro Pérez Montes/Entrega de hortalizas. Tlaquiltenango/Entrega de Jitomate, cebolla y nopal. Tlaquiltenango 2. 05032026.jpeg"
FOTO-97DFF8E2B6,"Entrega de Jitomate, cebolla y nopal. Tlaquiltenango 3. 05032026.jpeg",15deWzBdM9ri6VESlT6bCEEmnQtlzEgKi,https://drive.google.com/file/d/15deWzBdM9ri6VESlT6bCEEmnQtlzEgKi/view,MUNICIPIO,MOSTRAR_MUNICIPIO,Sur,Tlaquiltenango,,Sur,Tlaquiltenango,,0,Promotor,Ramiro Pérez Montes,,Lote por evento,/foto/FOTO-97DFF8E2B6,,10,SI,97dff8e2b6f9d19d245f3983c8da33e72d9a385d465e7755b89732ef5d54b75b,196849,1,Entrega de hortalizas. Tlaquiltenango,tlaquiltenango-entrega-de-hortalizas-tlaquiltenango,2026-03-05,"Poligonos Coordinados por Gustavo Alvarez 2026 SUR/Tlaquiltenango, Ramiro Pérez Montes/Entrega de hortalizas. Tlaquiltenango/Entrega de Jitomate, cebolla y nopal. Tlaquiltenango 3. 05032026.jpeg"
FOTO-E0A9F97640,"Entrega de Jitomate, cebolla y nopal. Tlaquiltenango 4. 05032026.jpeg",1df1wQ8EIdC90aSLs-86tvyTQhkgwCPsY,https://drive.google.com/file/d/1df1wQ8EIdC90aSLs-86tvyTQhkgwCPsY/view,MUNICIPIO,MOSTRAR_MUNICIPIO,Sur,Tlaquiltenango,,Sur,Tlaquiltenango,,0,Promotor,Ramiro Pérez Montes,,Lote por evento,/foto/FOTO-E0A9F97640,,10,SI,e0a9f976405b5a3cd5edab2acfc19094e14cd7aac79af46b569120e687b25a49,169126,1,Entrega de hortalizas. Tlaquiltenango,tlaquiltenango-entrega-de-hortalizas-tlaquiltenango,2026-03-05,"Poligonos Coordinados por Gustavo Alvarez 2026 SUR/Tlaquiltenango, Ramiro Pérez Montes/Entrega de hortalizas. Tlaquiltenango/Entrega de Jitomate, cebolla y nopal. Tlaquiltenango 4. 05032026.jpeg"
FOTO-87696059B8,"Entrega de Jitomate, cebolla y nopal. Tlaquiltenango. 05032026.jpeg",14URxH83Xb7lcg760lELVCiuoCVl19NMC,https://drive.google.com/file/d/14URxH83Xb7lcg760lELVCiuoCVl19NMC/view,MUNICIPIO,MOSTRAR_MUNICIPIO,Sur,Tlaquiltenango,,Sur,Tlaquiltenango,,0,Promotor,Ramiro Pérez Montes,,Lote por evento,/foto/FOTO-87696059B8,,10,SI,87696059b8e7e2da8faea0f34de4ee7727287b527dc05da7d2bc831e253c07d5,172229,1,Entrega de hortalizas. Tlaquiltenango,tlaquiltenango-entrega-de-hortalizas-tlaquiltenango,2026-03-05,"Poligonos Coordinados por Gustavo Alvarez 2026 SUR/Tlaquiltenango, Ramiro Pérez Montes/Entrega de hortalizas. Tlaquiltenango/Entrega de Jitomate, cebolla y nopal. Tlaquiltenango. 05032026.jpeg"
FOTO-C634B8E620,Tercera entrega de Jitomate en Tlaquiltenango en la Era.jpeg,1EswWfOWMgkIFjLqImiwil2IK7gjJ03Gr,https://drive.google.com/file/d/1EswWfOWMgkIFjLqImiwil2IK7gjJ03Gr/view,MUNICIPIO,MOSTRAR_MUNICIPIO,Sur,Tlaquiltenango,,Sur,Tlaquiltenango,,0,Promotor,Ramiro Pérez Montes,,Lote por evento,/foto/FOTO-C634B8E620,,10,SI,c634b8e6201dcdefe1de3ebb7cdb08fcfa84aea907927efb17a5af9cc733b3e5,303706,1,Entrega de hortalizas. Tlaquiltenango,tlaquiltenango-entrega-de-hortalizas-tlaquiltenango,,"Poligonos Coordinados por Gustavo Alvarez 2026 SUR/Tlaquiltenango, Ramiro Pérez Montes/Entrega de hortalizas. Tlaquiltenango/Tercera entrega de Jitomate en Tlaquiltenango en la Era.jpeg"
FOTO-8BE5D78ACA,Tercera entrega de Jitomate en Tlaquiltenango en la Mezquitera..jpeg,1jYZF_FwQyiZ_2b7tJQd5NNtEEH6Rn5df,https://drive.google.com/file/d/1jYZF_FwQyiZ_2b7tJQd5NNtEEH6Rn5df/view,MUNICIPIO,MOSTRAR_MUNICIPIO,Sur,Tlaquiltenango,,Sur,Tlaquiltenango,,0,Promotor,Ramiro Pérez Montes,,Lote por evento,/foto/FOTO-8BE5D78ACA,,10,SI,8be5d78aca21a0ae7818cca151804f659355008f46fe44ec994a081fa3e97257,260291,1,Entrega de hortalizas. Tlaquiltenango,tlaquiltenango-entrega-de-hortalizas-tlaquiltenango,,"Poligonos Coordinados por Gustavo Alvarez 2026 SUR/Tlaquiltenango, Ramiro Pérez Montes/Entrega de hortalizas. Tlaquiltenango/Tercera entrega de Jitomate en Tlaquiltenango en la Mezquitera..jpeg"
FOTO-8E84FC86A9,"Entrega de Juguetes a la comunidad, La Era. Tlaquiltenango, colab. DIF estatal.jpeg",1hNPR4d9xwGVPbEnQKTOnv7rcY5tZakTN,https://drive.google.com/file/d/1hNPR4d9xwGVPbEnQKTOnv7rcY5tZakTN/view,MUNICIPIO,MOSTRAR_MUNICIPIO,Sur,Tlaquiltenango,,Sur,Tlaquiltenango,,0,Promotor,Ramiro Pérez Montes,,Lote por evento,/foto/FOTO-8E84FC86A9,,10,SI,8e84fc86a9d071b6dfea93cac5611a352cb1f25e30287a968306c95cde4559af,180550,1,"Entrega de Juguetes a la comunidad, La Era. Tlaquiltenango, colab. DIF estatal",tlaquiltenango-entrega-de-juguetes-a-la-comunidad-la-era-tlaquiltenango-colab-dif-estatal,,"Poligonos Coordinados por Gustavo Alvarez 2026 SUR/Tlaquiltenango, Ramiro Pérez Montes/Entrega de Juguetes a la comunidad, La Era. Tlaquiltenango, colab. DIF estatal.jpeg"
FOTO-35E947D1CB,"Conformación de comités Piso Firme FISE, 1 en la comunidad de la Era Tlaquiltenango 2026-08-26.jpeg",1ywZhMJhAif7CzbxOPhQ-b0joTxoMnQAV,https://drive.google.com/file/d/1ywZhMJhAif7CzbxOPhQ-b0joTxoMnQAV/view,MUNICIPIO,MOSTRAR_MUNICIPIO,Sur,Tlaquiltenango,,Sur,Tlaquiltenango,,0,Promotor,Ramiro Pérez Montes,,Lote por evento,/foto/FOTO-35E947D1CB,,10,SI,35e947d1cb997d7297d3263d06c799f5b2913135db746c29bea9c73d2793487f,230557,1,Piso Firme Fise,tlaquiltenango-piso-firme-fise,2026-08-26,"Poligonos Coordinados por Gustavo Alvarez 2026 SUR/Tlaquiltenango, Ramiro Pérez Montes/Piso Firme Fise/Conformación de comités Piso Firme FISE, 1 en la comunidad de la Era Tlaquiltenango 2026-08-26.jpeg"
FOTO-D09B242A88,"Conformación de comités Piso Firme FISE, 2 en la comunidad de la Era Tlaquiltenango 2026-08-26.jpeg",1RRygRqObZtBi98UcYMye0-5akiYmT5me,https://drive.google.com/file/d/1RRygRqObZtBi98UcYMye0-5akiYmT5me/view,MUNICIPIO,MOSTRAR_MUNICIPIO,Sur,Tlaquiltenango,,Sur,Tlaquiltenango,,0,Promotor,Ramiro Pérez Montes,,Lote por evento,/foto/FOTO-D09B242A88,,10,SI,d09b242a888a853bba62fd1ba5b9c193f7f9456e4bd411475959fd75738b2359,230725,1,Piso Firme Fise,tlaquiltenango-piso-firme-fise,2026-08-26,"Poligonos Coordinados por Gustavo Alvarez 2026 SUR/Tlaquiltenango, Ramiro Pérez Montes/Piso Firme Fise/Conformación de comités Piso Firme FISE, 2 en la comunidad de la Era Tlaquiltenango 2026-08-26.jpeg"
FOTO-221F44EFE6,"Conformación de comités Piso Firme FISE, 3 en la comunidad de la Era Tlaquiltenango 2026-08-26.jpeg",1GKDuscSEgHQY-r-a5Ey1Yby3naFj-aUj,https://drive.google.com/file/d/1GKDuscSEgHQY-r-a5Ey1Yby3naFj-aUj/view,MUNICIPIO,MOSTRAR_MUNICIPIO,Sur,Tlaquiltenango,,Sur,Tlaquiltenango,,0,Promotor,Ramiro Pérez Montes,,Lote por evento,/foto/FOTO-221F44EFE6,,10,SI,221f44efe63ff05bf75e73c5f03b608365e21b507ed09465154ddda702746880,337086,1,Piso Firme Fise,tlaquiltenango-piso-firme-fise,2026-08-26,"Poligonos Coordinados por Gustavo Alvarez 2026 SUR/Tlaquiltenango, Ramiro Pérez Montes/Piso Firme Fise/Conformación de comités Piso Firme FISE, 3 en la comunidad de la Era Tlaquiltenango 2026-08-26.jpeg"
FOTO-61D64EB7F6,"Conformación de comités Piso Firme FISE, 4 en la comunidad de la Era Tlaquiltenango 2026-08-26.jpeg",1CuzYZNtKCC55VKXqP9M5hTODpGtC-rj8,https://drive.google.com/file/d/1CuzYZNtKCC55VKXqP9M5hTODpGtC-rj8/view,MUNICIPIO,MOSTRAR_MUNICIPIO,Sur,Tlaquiltenango,,Sur,Tlaquiltenango,,0,Promotor,Ramiro Pérez Montes,,Lote por evento,/foto/FOTO-61D64EB7F6,,10,SI,61d64eb7f61424b04c3a7e28cf156887501c41a52e49b4b8887d2a510f31cb89,250308,1,Piso Firme Fise,tlaquiltenango-piso-firme-fise,2026-08-26,"Poligonos Coordinados por Gustavo Alvarez 2026 SUR/Tlaquiltenango, Ramiro Pérez Montes/Piso Firme Fise/Conformación de comités Piso Firme FISE, 4 en la comunidad de la Era Tlaquiltenango 2026-08-26.jpeg"
FOTO-2F70246975,"Visita de coordinador. Reunión con grupo de Medicina tradicional. Petate de Colores en Lorenzo Vazquez, Tlquiltenango..jpeg",1BakO2IgQtMilOkSLrI0bzuCkvYrJosuY,https://drive.google.com/file/d/1BakO2IgQtMilOkSLrI0bzuCkvYrJosuY/view,MUNICIPIO,MOSTRAR_MUNICIPIO,Sur,Tlaquiltenango,,Sur,Tlaquiltenango,,0,Promotor,Ramiro Pérez Montes,,Lote por evento,/foto/FOTO-2F70246975,,10,SI,2f70246975c3cab45981e1dccc975246801ed37390d1fc295f74c38beccc7fcb,123678,1,"Visita de coordinador. Reunión con grupo de Medicina tradicional. Petate de Colores en Lorenzo Vazquez, Tlquiltenango",tlaquiltenango-visita-de-coordinador-reunion-con-grupo-de-medicina-tradicional-petate-de-colores-en-lorenzo-vazquez-tlquiltenango,,"Poligonos Coordinados por Gustavo Alvarez 2026 SUR/Tlaquiltenango, Ramiro Pérez Montes/Visita de coordinador. Reunión con grupo de Medicina tradicional. Petate de Colores en Lorenzo Vazquez, Tlquiltenango..jpeg"
FOTO-2EBC3BB370,WhatsApp Image 2026-01-28 at 4.38.21 PM.jpeg,1SiJm1T9Gv50PBDvXlImquKdGNgnB9P-u,https://drive.google.com/file/d/1SiJm1T9Gv50PBDvXlImquKdGNgnB9P-u/view,REGION,MOSTRAR_REGION,Sur,,,Sur,,,0,Promotor,,,Lote por evento,/foto/FOTO-2EBC3BB370,,10,SI,2ebc3bb3702551fa1dd3a891450101cdbe377bf81bdfc5e358c29ed218720b7c,220905,1,,,2026-01-28,Poligonos Coordinados por Gustavo Alvarez 2026 SUR/WhatsApp Image 2026-01-28 at 4.38.21 PM.jpeg
FOTO-1ECAED6D1D,2026-01-07.jpeg,1OucRdwgz7P1p5mpy4UCHLNelGhw-cGFC,https://drive.google.com/file/d/1OucRdwgz7P1p5mpy4UCHLNelGhw-cGFC/view,MUNICIPIO,MOSTRAR_MUNICIPIO,Sur,Xoxocotla,,Sur,Xoxocotla,,0,Promotor,Alberto Báron Salazar,,Lote por evento,/foto/FOTO-1ECAED6D1D,,10,SI,1ecaed6d1da4ed537838a3f2e1b6b01aca6e1973c1053d5954a5358303bafaf6,601710,1,Consejo Comunitario,xoxocotla-consejo-comunitario,2026-01-07,"Poligonos Coordinados por Gustavo Alvarez 2026 SUR/Xoxocotla, Alberto Báron Salazar/Consejo Comunitario/2026-01-07.jpeg"
FOTO-9D650F2247,Consejo Comunitario  2026-01-07.jpeg,1dABml2eJ78fp6qWTLlwfolZX7oN98F0e,https://drive.google.com/file/d/1dABml2eJ78fp6qWTLlwfolZX7oN98F0e/view,MUNICIPIO,MOSTRAR_MUNICIPIO,Sur,Xoxocotla,,Sur,Xoxocotla,,0,Promotor,Alberto Báron Salazar,,Lote por evento,/foto/FOTO-9D650F2247,,10,SI,9d650f2247936a9bcde5972c69995c23a3cdd56eda8e97abcd28ec6b8eead2a2,384428,1,Consejo Comunitario,xoxocotla-consejo-comunitario,2026-01-07,"Poligonos Coordinados por Gustavo Alvarez 2026 SUR/Xoxocotla, Alberto Báron Salazar/Consejo Comunitario/Consejo Comunitario  2026-01-07.jpeg"
FOTO-1B6C2FF8C4,Consejo Comunitario 22026-01-07.jpeg,10CxyxyDF13cHaecZG7ar0v3Haut92khJ,https://drive.google.com/file/d/10CxyxyDF13cHaecZG7ar0v3Haut92khJ/view,MUNICIPIO,MOSTRAR_MUNICIPIO,Sur,Xoxocotla,,Sur,Xoxocotla,,0,Promotor,Alberto Báron Salazar,,Lote por evento,/foto/FOTO-1B6C2FF8C4,,10,SI,1b6c2ff8c4570cb061988efa8b28323fbee4901d170a8fdb87bb317049962670,428226,1,Consejo Comunitario,xoxocotla-consejo-comunitario,2026-01-07,"Poligonos Coordinados por Gustavo Alvarez 2026 SUR/Xoxocotla, Alberto Báron Salazar/Consejo Comunitario/Consejo Comunitario 22026-01-07.jpeg"
FOTO-7EE95A959C,Consejo Comunitario Xoxocotla.28 de Mayo de 2026.jpeg,1QCvdx9q6K63kh8aAssPnuE9h7Yoaef0F,https://drive.google.com/file/d/1QCvdx9q6K63kh8aAssPnuE9h7Yoaef0F/view,MUNICIPIO,MOSTRAR_MUNICIPIO,Sur,Xoxocotla,,Sur,Xoxocotla,,0,Promotor,Alberto Báron Salazar,,Lote por evento,/foto/FOTO-7EE95A959C,,10,SI,7ee95a959c103a9b2a86cbb3ad6838e9f8a45c7bb511784ca1441e914de89591,395349,1,Consejo Comunitario,xoxocotla-consejo-comunitario,2026-05-28,"Poligonos Coordinados por Gustavo Alvarez 2026 SUR/Xoxocotla, Alberto Báron Salazar/Consejo Comunitario/Consejo Comunitario Xoxocotla.28 de Mayo de 2026.jpeg"
FOTO-6071896361,Consejos Comunitarios 2026-01-28.jpeg,1nSUx4hqFy8ATQofTLzGg5TCFacKyXBn9,https://drive.google.com/file/d/1nSUx4hqFy8ATQofTLzGg5TCFacKyXBn9/view,MUNICIPIO,MOSTRAR_MUNICIPIO,Sur,Xoxocotla,,Sur,Xoxocotla,,0,Promotor,Alberto Báron Salazar,,Lote por evento,/foto/FOTO-6071896361,,10,SI,6071896361fe4eb9e29b87d749ea2caa6ae2cad1c00fba2774a72060c334ca7d,243224,1,Consejo Comunitario,xoxocotla-consejo-comunitario,2026-01-28,"Poligonos Coordinados por Gustavo Alvarez 2026 SUR/Xoxocotla, Alberto Báron Salazar/Consejo Comunitario/Consejos Comunitarios 2026-01-28.jpeg"
FOTO-58083C80A8,Consejos comunitarios 3 2026-01-07.jpeg,1H-rz2VaRn7b7S7sc4aGBjYOGogtHrito,https://drive.google.com/file/d/1H-rz2VaRn7b7S7sc4aGBjYOGogtHrito/view,MUNICIPIO,MOSTRAR_MUNICIPIO,Sur,Xoxocotla,,Sur,Xoxocotla,,0,Promotor,Alberto Báron Salazar,,Lote por evento,/foto/FOTO-58083C80A8,,10,SI,58083c80a82d45401624b6e0499d5801863e63f285934c9ef90f3f784b23dd4b,232710,1,Consejo Comunitario,xoxocotla-consejo-comunitario,2026-01-07,"Poligonos Coordinados por Gustavo Alvarez 2026 SUR/Xoxocotla, Alberto Báron Salazar/Consejo Comunitario/Consejos comunitarios 3 2026-01-07.jpeg"
FOTO-3A3DF60166,Consejos comunutarios en Xoxo 2026-01-28.jpeg,1hRMvSQEuk_k0X_zMWRQWW6r7ejj-PWtq,https://drive.google.com/file/d/1hRMvSQEuk_k0X_zMWRQWW6r7ejj-PWtq/view,MUNICIPIO,MOSTRAR_MUNICIPIO,Sur,Xoxocotla,,Sur,Xoxocotla,,0,Promotor,Alberto Báron Salazar,,Lote por evento,/foto/FOTO-3A3DF60166,,10,SI,3a3df60166c71c2b6eb108f89316af031ffe9bdc99c7dd0a94cd52e41daba590,265691,1,Consejo Comunitario,xoxocotla-consejo-comunitario,2026-01-28,"Poligonos Coordinados por Gustavo Alvarez 2026 SUR/Xoxocotla, Alberto Báron Salazar/Consejo Comunitario/Consejos comunutarios en Xoxo 2026-01-28.jpeg"
FOTO-4DF34C77F1,Seguimiento a consejos 2026-01-07.jpeg,1PUbQSGqmrffYlJesQUMvVubdfQ9hAKGx,https://drive.google.com/file/d/1PUbQSGqmrffYlJesQUMvVubdfQ9hAKGx/view,MUNICIPIO,MOSTRAR_MUNICIPIO,Sur,Xoxocotla,,Sur,Xoxocotla,,0,Promotor,Alberto Báron Salazar,,Lote por evento,/foto/FOTO-4DF34C77F1,,10,SI,4df34c77f12db1d8999917622fe2e2bd222a668492d61be1fc9982831ff26a98,379206,1,Consejo Comunitario,xoxocotla-consejo-comunitario,2026-01-07,"Poligonos Coordinados por Gustavo Alvarez 2026 SUR/Xoxocotla, Alberto Báron Salazar/Consejo Comunitario/Seguimiento a consejos 2026-01-07.jpeg"
FOTO-ED0FA91D00,Xoxocotla 27032026.jpeg,1fiAez1teE3G9mKWVxYevci-kCOoe7kgn,https://drive.google.com/file/d/1fiAez1teE3G9mKWVxYevci-kCOoe7kgn/view,MUNICIPIO,MOSTRAR_MUNICIPIO,Sur,Xoxocotla,,Sur,Xoxocotla,,0,Promotor,Alberto Báron Salazar,,Lote por evento,/foto/FOTO-ED0FA91D00,,10,SI,ed0fa91d00eb4ec20b0276bdf4ff0bb72e69981230d080ad79ff36dcd49ec600,210722,1,Consejo Comunitario,xoxocotla-consejo-comunitario,2026-03-27,"Poligonos Coordinados por Gustavo Alvarez 2026 SUR/Xoxocotla, Alberto Báron Salazar/Consejo Comunitario/Xoxocotla 27032026.jpeg"
FOTO-205E056AB5,Clase de Náhuatl básico del proyecto Guardianes de la lengua. Techichilco..jpeg,16DYZNXZrobCeWz8mtCr7MfrJToUVWX-b,https://drive.google.com/file/d/16DYZNXZrobCeWz8mtCr7MfrJToUVWX-b/view,MUNICIPIO,MOSTRAR_MUNICIPIO,Sur,Xoxocotla,,Sur,Xoxocotla,,0,Promotor,Alberto Báron Salazar,,Lote por evento,/foto/FOTO-205E056AB5,,10,SI,205e056ab5695f091c8bc504dd3ec4ccd5996e134b9d16d65c374ca5c5fe6ebb,131134,1,Guardianes de la Lengua,xoxocotla-guardianes-de-la-lengua,,"Poligonos Coordinados por Gustavo Alvarez 2026 SUR/Xoxocotla, Alberto Báron Salazar/Guardianes de la Lengua/Clase de Náhuatl básico del proyecto Guardianes de la lengua. Techichilco..jpeg"
FOTO-734C743A84,"Clase del proyecto, Guardianes de la Lengua, Techichilco, Xoxocotla..jpeg",1kYVgIGadGkFVp6AX1nHeuhYbq8YMz8ou,https://drive.google.com/file/d/1kYVgIGadGkFVp6AX1nHeuhYbq8YMz8ou/view,MUNICIPIO,MOSTRAR_MUNICIPIO,Sur,Xoxocotla,,Sur,Xoxocotla,,0,Promotor,Alberto Báron Salazar,,Lote por evento,/foto/FOTO-734C743A84,,10,SI,734c743a841dc8f24cee897e0d340ba62c3df355926a50e5eb6a2b85b990425c,306668,1,Guardianes de la Lengua,xoxocotla-guardianes-de-la-lengua,,"Poligonos Coordinados por Gustavo Alvarez 2026 SUR/Xoxocotla, Alberto Báron Salazar/Guardianes de la Lengua/Clase del proyecto, Guardianes de la Lengua, Techichilco, Xoxocotla..jpeg"
FOTO-86928CA19B,"Primer clase del proyecto Guardianes de la Lengua, Techichilco, Xoxocotla..jpeg",1mjy9JzaYrwD6LuI1YJaYpDy3tD8TtesH,https://drive.google.com/file/d/1mjy9JzaYrwD6LuI1YJaYpDy3tD8TtesH/view,MUNICIPIO,MOSTRAR_MUNICIPIO,Sur,Xoxocotla,,Sur,Xoxocotla,,0,Promotor,Alberto Báron Salazar,,Lote por evento,/foto/FOTO-86928CA19B,,10,SI,86928ca19bcd7c00bde214f56392d685d13fbf2e2735777cffc7463530b9bc33,195703,1,Guardianes de la Lengua,xoxocotla-guardianes-de-la-lengua,,"Poligonos Coordinados por Gustavo Alvarez 2026 SUR/Xoxocotla, Alberto Báron Salazar/Guardianes de la Lengua/Primer clase del proyecto Guardianes de la Lengua, Techichilco, Xoxocotla..jpeg"
FOTO-476FA0036D,"Inauguración de la Escuela Formativa Yolotl, Xoxocotla, en Techichilco..jpeg",1P9AdqQDAhXArXxNd0N-PRMlM3IsBUHLI,https://drive.google.com/file/d/1P9AdqQDAhXArXxNd0N-PRMlM3IsBUHLI/view,MUNICIPIO,MOSTRAR_MUNICIPIO,Sur,Xoxocotla,,Sur,Xoxocotla,,0,Promotor,Alberto Báron Salazar,,Lote por evento,/foto/FOTO-476FA0036D,,10,SI,476fa0036d2d0cbb7be609cda1af77245615f992393c9deabe6b64f69072f6cd,384901,1,Proyecto Calmecac,xoxocotla-proyecto-calmecac,,"Poligonos Coordinados por Gustavo Alvarez 2026 SUR/Xoxocotla, Alberto Báron Salazar/Proyecto Calmecac-/Inauguración de la Escuela Formativa Yolotl, Xoxocotla, en Techichilco..jpeg"
FOTO-8AD5FD4B3B,Reunión de Danzantes del Venado CALMECAC. XOXOCOTLA.jpeg,1Q-b71Z60t1Jjq-w3F8xMdgPzmmAXDGN2,https://drive.google.com/file/d/1Q-b71Z60t1Jjq-w3F8xMdgPzmmAXDGN2/view,MUNICIPIO,MOSTRAR_MUNICIPIO,Sur,Xoxocotla,,Sur,Xoxocotla,,0,Promotor,Alberto Báron Salazar,,Lote por evento,/foto/FOTO-8AD5FD4B3B,,10,SI,8ad5fd4b3b7f56220116c703d10ca7c6405acf1ae16a3c5f37bfe278e96c0998,118871,1,Proyecto Calmecac,xoxocotla-proyecto-calmecac,,"Poligonos Coordinados por Gustavo Alvarez 2026 SUR/Xoxocotla, Alberto Báron Salazar/Proyecto Calmecac-/Reunión de Danzantes del Venado CALMECAC. XOXOCOTLA.jpeg"
FOTO-AA9A90B890,"Yolotl, Xoxocotla; Petates de Colores.jpeg",1e6No_cba_OiWPHYetCLu8-mvf_ahO9ZA,https://drive.google.com/file/d/1e6No_cba_OiWPHYetCLu8-mvf_ahO9ZA/view,MUNICIPIO,MOSTRAR_MUNICIPIO,Sur,Xoxocotla,,Sur,Xoxocotla,,0,Promotor,Alberto Báron Salazar,,Lote por evento,/foto/FOTO-AA9A90B890,,10,SI,aa9a90b8907eece749f29c088d03ef12dd0195f0b26f69da677a81e464b169e8,504278,1,Proyecto Calmecac,xoxocotla-proyecto-calmecac,,"Poligonos Coordinados por Gustavo Alvarez 2026 SUR/Xoxocotla, Alberto Báron Salazar/Proyecto Calmecac-/Yolotl, Xoxocotla; Petates de Colores.jpeg"
FOTO-806413ED3F,Taller de telar de Cintura en Xoxocotla  2026-05-26 at 9.51.48 AM.jpeg,1pJAoZ4Qn_7z6_1YB1Ii3qapyK3uJcHB7,https://drive.google.com/file/d/1pJAoZ4Qn_7z6_1YB1Ii3qapyK3uJcHB7/view,MUNICIPIO,MOSTRAR_MUNICIPIO,Sur,Xoxocotla,,Sur,Xoxocotla,,0,Promotor,Alberto Báron Salazar,,Lote por evento,/foto/FOTO-806413ED3F,,10,SI,806413ed3f974af758df3bc7c9768c1ac420787dd29d68c2c3ec3b3728cf7b20,353079,1,Taller de telar de cintura,xoxocotla-taller-de-telar-de-cintura,2026-05-26,"Poligonos Coordinados por Gustavo Alvarez 2026 SUR/Xoxocotla, Alberto Báron Salazar/Taller de telar de cintura/Taller de telar de Cintura en Xoxocotla  2026-05-26 at 9.51.48 AM.jpeg"
FOTO-E02503EA15,Telar de Cintura Xoxocotla  2026-02-11.jpeg,1i4VbaLMs2U1erKr2xVLUCl3h6M9fDfts,https://drive.google.com/file/d/1i4VbaLMs2U1erKr2xVLUCl3h6M9fDfts/view,MUNICIPIO,MOSTRAR_MUNICIPIO,Sur,Xoxocotla,,Sur,Xoxocotla,,0,Promotor,Alberto Báron Salazar,,Lote por evento,/foto/FOTO-E02503EA15,,10,SI,e02503ea15311a02580798a74d838005202d7f05766ae08a7fe2cc1c67429e04,202894,1,Taller de telar de cintura,xoxocotla-taller-de-telar-de-cintura,2026-02-11,"Poligonos Coordinados por Gustavo Alvarez 2026 SUR/Xoxocotla, Alberto Báron Salazar/Taller de telar de cintura/Telar de Cintura Xoxocotla  2026-02-11.jpeg"
FOTO-DF575CF08D,Telar de Cintura Xoxocotla 1 2026-02-11.jpeg,1F0bvJExAaQR0ejjTmM4h1loiMz4sIlj2,https://drive.google.com/file/d/1F0bvJExAaQR0ejjTmM4h1loiMz4sIlj2/view,MUNICIPIO,MOSTRAR_MUNICIPIO,Sur,Xoxocotla,,Sur,Xoxocotla,,0,Promotor,Alberto Báron Salazar,,Lote por evento,/foto/FOTO-DF575CF08D,,10,SI,df575cf08d6e098b06d0dae6bb142b261bc2e6ea76799e003e29a5b0ac3f190b,213955,1,Taller de telar de cintura,xoxocotla-taller-de-telar-de-cintura,2026-02-11,"Poligonos Coordinados por Gustavo Alvarez 2026 SUR/Xoxocotla, Alberto Báron Salazar/Taller de telar de cintura/Telar de Cintura Xoxocotla 1 2026-02-11.jpeg"
FOTO-E64AC065C4,Consejeras de una comunidad.jpeg,14OOZCu-FPmKpNEeDaSxxP9mcPYp_ubte,https://drive.google.com/file/d/14OOZCu-FPmKpNEeDaSxxP9mcPYp_ubte/view,MUNICIPIO,MOSTRAR_MUNICIPIO,Sur,Zacatepec,,Sur,Zacatepec,,0,Promotor,Honorina Coronel Trujillo,,Lote por evento,/foto/FOTO-E64AC065C4,,10,SI,e64ac065c47cd6a6bdbe2d6879e8628077e3eb012802cd31b6d00dd007f073fe,104200,1,Consejo comunitario,zacatepec-consejo-comunitario,,"Poligonos Coordinados por Gustavo Alvarez 2026 SUR/Zacatepec, Honorina Coronel Trujillo/Consejo comunitario/Consejeras de una comunidad.jpeg"
FOTO-56516DF784,Entrega de Jitomate 3.jpeg,188grrsYzsIBAQdW2MITAz16mt7aKAoNU,https://drive.google.com/file/d/188grrsYzsIBAQdW2MITAz16mt7aKAoNU/view,MUNICIPIO,MOSTRAR_MUNICIPIO,Sur,Zacatepec,,Sur,Zacatepec,,0,Promotor,Honorina Coronel Trujillo,,Lote por evento,/foto/FOTO-56516DF784,,10,SI,56516df7849be06769e755211d7716a58315cd8f6982a3d8331dd32f101e52bc,110399,1,Entrega de verdura,zacatepec-entrega-de-verdura,,"Poligonos Coordinados por Gustavo Alvarez 2026 SUR/Zacatepec, Honorina Coronel Trujillo/Entrega de verdura/Entrega de Jitomate 3.jpeg"
FOTO-8595879CA2,Entrega de Jitomate 4.jpeg,1zzHVJwq1u1UHsvsMQEtx77oU0JZGzgwZ,https://drive.google.com/file/d/1zzHVJwq1u1UHsvsMQEtx77oU0JZGzgwZ/view,MUNICIPIO,MOSTRAR_MUNICIPIO,Sur,Zacatepec,,Sur,Zacatepec,,0,Promotor,Honorina Coronel Trujillo,,Lote por evento,/foto/FOTO-8595879CA2,,10,SI,8595879ca2fa71b2dfdb5ccf93e8656511652df26ced5ca7e129774c0cfa0d1c,257638,1,Entrega de verdura,zacatepec-entrega-de-verdura,,"Poligonos Coordinados por Gustavo Alvarez 2026 SUR/Zacatepec, Honorina Coronel Trujillo/Entrega de verdura/Entrega de Jitomate 4.jpeg"
FOTO-8FBDC9A27F,Entrega de Jitomate 5.jpeg,1HqCdgeTEvC7DS3fhh7U72qg4SC5ThJcT,https://drive.google.com/file/d/1HqCdgeTEvC7DS3fhh7U72qg4SC5ThJcT/view,MUNICIPIO,MOSTRAR_MUNICIPIO,Sur,Zacatepec,,Sur,Zacatepec,,0,Promotor,Honorina Coronel Trujillo,,Lote por evento,/foto/FOTO-8FBDC9A27F,,10,SI,8fbdc9a27fee45f7975cf4ef9f57a5678d89e1a753f3db3e69568bef2dd8393d,258610,1,Entrega de verdura,zacatepec-entrega-de-verdura,,"Poligonos Coordinados por Gustavo Alvarez 2026 SUR/Zacatepec, Honorina Coronel Trujillo/Entrega de verdura/Entrega de Jitomate 5.jpeg"
FOTO-F140339832,Entrega de Jitomate 6.jpeg,1jaxwAaTU56BXB-spEQC40Gc8Z6HqmGsQ,https://drive.google.com/file/d/1jaxwAaTU56BXB-spEQC40Gc8Z6HqmGsQ/view,MUNICIPIO,MOSTRAR_MUNICIPIO,Sur,Zacatepec,,Sur,Zacatepec,,0,Promotor,Honorina Coronel Trujillo,,Lote por evento,/foto/FOTO-F140339832,,10,SI,f140339832d1d23eeb742b5522b54f3fa672834cda3f8f849199b90995685a91,270972,1,Entrega de verdura,zacatepec-entrega-de-verdura,,"Poligonos Coordinados por Gustavo Alvarez 2026 SUR/Zacatepec, Honorina Coronel Trujillo/Entrega de verdura/Entrega de Jitomate 6.jpeg"
FOTO-4ED968545A,Entrega de Jitomate 7.jpeg,1OzcwChReR_3GuXlvzoMY8wVg-0j5hHox,https://drive.google.com/file/d/1OzcwChReR_3GuXlvzoMY8wVg-0j5hHox/view,MUNICIPIO,MOSTRAR_MUNICIPIO,Sur,Zacatepec,,Sur,Zacatepec,,0,Promotor,Honorina Coronel Trujillo,,Lote por evento,/foto/FOTO-4ED968545A,,10,SI,4ed968545a49223fd374c66b0855569912200c8343903ffd09487d53f1b05d3c,301238,1,Entrega de verdura,zacatepec-entrega-de-verdura,,"Poligonos Coordinados por Gustavo Alvarez 2026 SUR/Zacatepec, Honorina Coronel Trujillo/Entrega de verdura/Entrega de Jitomate 7.jpeg"
FOTO-5250AC5D78,Entrega de Jitomate en Zacatepec 10.jpeg,1WAES171Xhds8Tgp3fbuarZEdrQcGwoGD,https://drive.google.com/file/d/1WAES171Xhds8Tgp3fbuarZEdrQcGwoGD/view,MUNICIPIO,MOSTRAR_MUNICIPIO,Sur,Zacatepec,,Sur,Zacatepec,,0,Promotor,Honorina Coronel Trujillo,,Lote por evento,/foto/FOTO-5250AC5D78,,10,SI,5250ac5d78e9d80f40c92475f3d6a3bed19084c21857ed6ab93b9d16e2ede3ff,113961,1,Entrega de verdura,zacatepec-entrega-de-verdura,,"Poligonos Coordinados por Gustavo Alvarez 2026 SUR/Zacatepec, Honorina Coronel Trujillo/Entrega de verdura/Entrega de Jitomate en Zacatepec 10.jpeg"
FOTO-058E331ECF,Entrega de Jitomate en Zacatepec 11.jpeg,1vM6syZDpOER96JmfWCUS3_bZS31bSc_P,https://drive.google.com/file/d/1vM6syZDpOER96JmfWCUS3_bZS31bSc_P/view,MUNICIPIO,MOSTRAR_MUNICIPIO,Sur,Zacatepec,,Sur,Zacatepec,,0,Promotor,Honorina Coronel Trujillo,,Lote por evento,/foto/FOTO-058E331ECF,,10,SI,058e331ecf7a29a449dfaeead9af7938444170d95eb6cc58f8939d633be87e80,138784,1,Entrega de verdura,zacatepec-entrega-de-verdura,,"Poligonos Coordinados por Gustavo Alvarez 2026 SUR/Zacatepec, Honorina Coronel Trujillo/Entrega de verdura/Entrega de Jitomate en Zacatepec 11.jpeg"
FOTO-0FE90E7D8D,Entrega de Jitomate en Zacatepec 12.jpeg,1wJQac825moEViFc4L3X_YzxQxbyuWCxB,https://drive.google.com/file/d/1wJQac825moEViFc4L3X_YzxQxbyuWCxB/view,MUNICIPIO,MOSTRAR_MUNICIPIO,Sur,Zacatepec,,Sur,Zacatepec,,0,Promotor,Honorina Coronel Trujillo,,Lote por evento,/foto/FOTO-0FE90E7D8D,,10,SI,0fe90e7d8dbebf8941da7bdd87a8c22de5ea274d71a85d22409e1e6ba882ceb2,132261,1,Entrega de verdura,zacatepec-entrega-de-verdura,,"Poligonos Coordinados por Gustavo Alvarez 2026 SUR/Zacatepec, Honorina Coronel Trujillo/Entrega de verdura/Entrega de Jitomate en Zacatepec 12.jpeg"
FOTO-CF593EBD4F,Entrega de Jitomate en Zacatepec 13.jpeg,13JOW-9uSmYMU8nUdLGwZ0ZYpYT8XbUym,https://drive.google.com/file/d/13JOW-9uSmYMU8nUdLGwZ0ZYpYT8XbUym/view,MUNICIPIO,MOSTRAR_MUNICIPIO,Sur,Zacatepec,,Sur,Zacatepec,,0,Promotor,Honorina Coronel Trujillo,,Lote por evento,/foto/FOTO-CF593EBD4F,,10,SI,cf593ebd4f5f40cbd92021bb6852ea805e5464cc8a62091424a474de110fb037,114372,1,Entrega de verdura,zacatepec-entrega-de-verdura,,"Poligonos Coordinados por Gustavo Alvarez 2026 SUR/Zacatepec, Honorina Coronel Trujillo/Entrega de verdura/Entrega de Jitomate en Zacatepec 13.jpeg"
FOTO-C91464E2CF,Entrega de Jitomate en Zacatepec 8.jpeg,1N4S5lXqTefjX2PGjXDNqqNHYM1J2T1Wj,https://drive.google.com/file/d/1N4S5lXqTefjX2PGjXDNqqNHYM1J2T1Wj/view,MUNICIPIO,MOSTRAR_MUNICIPIO,Sur,Zacatepec,,Sur,Zacatepec,,0,Promotor,Honorina Coronel Trujillo,,Lote por evento,/foto/FOTO-C91464E2CF,,10,SI,c91464e2cf96678ebc927695ca15b681d2da769c53d8521f54d5ff1f17cd2ddb,119287,1,Entrega de verdura,zacatepec-entrega-de-verdura,,"Poligonos Coordinados por Gustavo Alvarez 2026 SUR/Zacatepec, Honorina Coronel Trujillo/Entrega de verdura/Entrega de Jitomate en Zacatepec 8.jpeg"
FOTO-BA8A0F2D5E,Entrega de Jitomate en Zacatepec 9.jpeg,1AmGp8AthKrnRw-0ALDntJlDGTKMzgqjG,https://drive.google.com/file/d/1AmGp8AthKrnRw-0ALDntJlDGTKMzgqjG/view,MUNICIPIO,MOSTRAR_MUNICIPIO,Sur,Zacatepec,,Sur,Zacatepec,,0,Promotor,Honorina Coronel Trujillo,,Lote por evento,/foto/FOTO-BA8A0F2D5E,,10,SI,ba8a0f2d5ee91305e9d048de94b3a211bfc6cdb9de9044f1c472cb41f91e8dab,112278,1,Entrega de verdura,zacatepec-entrega-de-verdura,,"Poligonos Coordinados por Gustavo Alvarez 2026 SUR/Zacatepec, Honorina Coronel Trujillo/Entrega de verdura/Entrega de Jitomate en Zacatepec 9.jpeg"
FOTO-2515996BFF,"Entrega de Jitomate, Col. Poza Honda 1.jpeg",1O90TezJ3vUVDk7v8jG9mOU1UXynWqVGv,https://drive.google.com/file/d/1O90TezJ3vUVDk7v8jG9mOU1UXynWqVGv/view,MUNICIPIO,MOSTRAR_MUNICIPIO,Sur,Zacatepec,,Sur,Zacatepec,,0,Promotor,Honorina Coronel Trujillo,,Lote por evento,/foto/FOTO-2515996BFF,,10,SI,2515996bffe5c6ea5151f2bd25c3769eb6520da0e67998fe756491aefb6b9675,157893,1,Entrega de verdura,zacatepec-entrega-de-verdura,,"Poligonos Coordinados por Gustavo Alvarez 2026 SUR/Zacatepec, Honorina Coronel Trujillo/Entrega de verdura/Entrega de Jitomate, Col. Poza Honda 1.jpeg"
FOTO-823D1DE86A,"Entrega de Jitomate, Col. Poza Honda 2.jpeg",10LDxTnRYExheuYdDeYQwsFhLuQwzWti1,https://drive.google.com/file/d/10LDxTnRYExheuYdDeYQwsFhLuQwzWti1/view,MUNICIPIO,MOSTRAR_MUNICIPIO,Sur,Zacatepec,,Sur,Zacatepec,,0,Promotor,Honorina Coronel Trujillo,,Lote por evento,/foto/FOTO-823D1DE86A,,10,SI,823d1de86a55dc2c9a8980fda414cd40c408196d81af4654c8e7b0925f16b7ad,170197,1,Entrega de verdura,zacatepec-entrega-de-verdura,,"Poligonos Coordinados por Gustavo Alvarez 2026 SUR/Zacatepec, Honorina Coronel Trujillo/Entrega de verdura/Entrega de Jitomate, Col. Poza Honda 2.jpeg"
FOTO-9AC755EB35,Entrega de Jitomate.jpeg,1qKUenUWFIAwOY9TFIS4QAqqZS9T1tkyo,https://drive.google.com/file/d/1qKUenUWFIAwOY9TFIS4QAqqZS9T1tkyo/view,MUNICIPIO,MOSTRAR_MUNICIPIO,Sur,Zacatepec,,Sur,Zacatepec,,0,Promotor,Honorina Coronel Trujillo,,Lote por evento,/foto/FOTO-9AC755EB35,,10,SI,9ac755eb35832af4cedd72f9a7202b71236a189dd8a6aac077936719ab0243be,107622,1,Entrega de verdura,zacatepec-entrega-de-verdura,,"Poligonos Coordinados por Gustavo Alvarez 2026 SUR/Zacatepec, Honorina Coronel Trujillo/Entrega de verdura/Entrega de Jitomate.jpeg"
FOTO-2DA2A8B463,Entrega de Pepino en Zacatepec 1 2026-05-28 at 10.03.15 PM.jpeg,1UuC_7siZ32xwjF6vSxOvECLXWXql-h0t,https://drive.google.com/file/d/1UuC_7siZ32xwjF6vSxOvECLXWXql-h0t/view,MUNICIPIO,MOSTRAR_MUNICIPIO,Sur,Zacatepec,,Sur,Zacatepec,,0,Promotor,Honorina Coronel Trujillo,,Lote por evento,/foto/FOTO-2DA2A8B463,,10,SI,2da2a8b463d5dfad9cbcffe557648535f532c41705a5224b43cda0a07be0ee41,217209,1,Entrega de verdura,zacatepec-entrega-de-verdura,2026-05-28,"Poligonos Coordinados por Gustavo Alvarez 2026 SUR/Zacatepec, Honorina Coronel Trujillo/Entrega de verdura/Entrega de Pepino en Zacatepec 1 2026-05-28 at 10.03.15 PM.jpeg"
FOTO-E37782A6CB,Entrega de Pepino en Zacatepec 2 2026-05-28 at 10.03.16 PM.jpeg,1G8aeUZUqetepcxUGEQi3k0QQ5YPcFBVM,https://drive.google.com/file/d/1G8aeUZUqetepcxUGEQi3k0QQ5YPcFBVM/view,MUNICIPIO,MOSTRAR_MUNICIPIO,Sur,Zacatepec,,Sur,Zacatepec,,0,Promotor,Honorina Coronel Trujillo,,Lote por evento,/foto/FOTO-E37782A6CB,,10,SI,e37782a6cb7e07f2b4d890650f7750037438a40fe8bb4fa16e996a4cb2b45693,129210,1,Entrega de verdura,zacatepec-entrega-de-verdura,2026-05-28,"Poligonos Coordinados por Gustavo Alvarez 2026 SUR/Zacatepec, Honorina Coronel Trujillo/Entrega de verdura/Entrega de Pepino en Zacatepec 2 2026-05-28 at 10.03.16 PM.jpeg"
FOTO-4E2799DF0E,Entrega de pepino Zacatepec 2026-05-27 at 7.58.18 PM (1).jpeg,1JR2MbUlfagT46a9Y4Q3SH_AdgslYWWVL,https://drive.google.com/file/d/1JR2MbUlfagT46a9Y4Q3SH_AdgslYWWVL/view,MUNICIPIO,MOSTRAR_MUNICIPIO,Sur,Zacatepec,,Sur,Zacatepec,,0,Promotor,Honorina Coronel Trujillo,,Lote por evento,/foto/FOTO-4E2799DF0E,,10,SI,4e2799df0e0b296128388e0dc9d1f91179da73d441af232a9a61277fca53197c,156535,1,Entrega de verdura,zacatepec-entrega-de-verdura,2026-05-27,"Poligonos Coordinados por Gustavo Alvarez 2026 SUR/Zacatepec, Honorina Coronel Trujillo/Entrega de verdura/Entrega de pepino Zacatepec 2026-05-27 at 7.58.18 PM (1).jpeg"
FOTO-B0F1209A80,Entrega de Pepino Zacatepec 2026-05-27 at 7.58.18 PM.jpeg,1NIox5mYYOuueGSlwr8YBEbxP3ibipWiO,https://drive.google.com/file/d/1NIox5mYYOuueGSlwr8YBEbxP3ibipWiO/view,MUNICIPIO,MOSTRAR_MUNICIPIO,Sur,Zacatepec,,Sur,Zacatepec,,0,Promotor,Honorina Coronel Trujillo,,Lote por evento,/foto/FOTO-B0F1209A80,,10,SI,b0f1209a80c24ddbe35d413ec916f0ce2461bab517d07acbcab39a67b88628b9,198683,1,Entrega de verdura,zacatepec-entrega-de-verdura,2026-05-27,"Poligonos Coordinados por Gustavo Alvarez 2026 SUR/Zacatepec, Honorina Coronel Trujillo/Entrega de verdura/Entrega de Pepino Zacatepec 2026-05-27 at 7.58.18 PM.jpeg"
FOTO-B4FE42AE04,"Zacatepec, Entrega de pepino 2 2026-05-27 at 7.58.17 PM (1).jpeg",1BoobrE2lFFIBSbqOnXvTSzoMSQPC97yN,https://drive.google.com/file/d/1BoobrE2lFFIBSbqOnXvTSzoMSQPC97yN/view,MUNICIPIO,MOSTRAR_MUNICIPIO,Sur,Zacatepec,,Sur,Zacatepec,,0,Promotor,Honorina Coronel Trujillo,,Lote por evento,/foto/FOTO-B4FE42AE04,,10,SI,b4fe42ae04ced1c57cc01bcb8ea6df0acdd97a3a95a369eb4dde1e203462adab,166987,1,Entrega de verdura,zacatepec-entrega-de-verdura,2026-05-27,"Poligonos Coordinados por Gustavo Alvarez 2026 SUR/Zacatepec, Honorina Coronel Trujillo/Entrega de verdura/Zacatepec, Entrega de pepino 2 2026-05-27 at 7.58.17 PM (1).jpeg"
FOTO-4E4E37A485,"Zacatepec, Pepino 1 2026-05-27 at 7.58.17 PM.jpeg",1DoJXomocQezZbT5vc74ScBfam3URM-6O,https://drive.google.com/file/d/1DoJXomocQezZbT5vc74ScBfam3URM-6O/view,MUNICIPIO,MOSTRAR_MUNICIPIO,Sur,Zacatepec,,Sur,Zacatepec,,0,Promotor,Honorina Coronel Trujillo,,Lote por evento,/foto/FOTO-4E4E37A485,,10,SI,4e4e37a485ff1c2996a37ce03540ad978d44abccc818f5aa5f41bf7ab9154879,136187,1,Entrega de verdura,zacatepec-entrega-de-verdura,2026-05-27,"Poligonos Coordinados por Gustavo Alvarez 2026 SUR/Zacatepec, Honorina Coronel Trujillo/Entrega de verdura/Zacatepec, Pepino 1 2026-05-27 at 7.58.17 PM.jpeg"
FOTO-41CB7AE50B,"Limpieza y reforestación en la localidad de Plutarco Elias Calles, petate de colores 1.jpeg",1yZgH2QJVWh_4FRUUlqypaqT_gh93hVg1,https://drive.google.com/file/d/1yZgH2QJVWh_4FRUUlqypaqT_gh93hVg1/view,MUNICIPIO,MOSTRAR_MUNICIPIO,Sur,Zacatepec,,Sur,Zacatepec,,0,Promotor,Honorina Coronel Trujillo,,Lote por evento,/foto/FOTO-41CB7AE50B,,10,SI,41cb7ae50b031ed84fa9a68a51419c08c1595e045f393b75ff5a0d496d5fe348,114037,1,Faena-Tequio,zacatepec-faena-tequio,,"Poligonos Coordinados por Gustavo Alvarez 2026 SUR/Zacatepec, Honorina Coronel Trujillo/Faena-Tequio/Limpieza y reforestación en la localidad de Plutarco Elias Calles, petate de colores 1.jpeg"
FOTO-91EDD29207,"Limpieza y reforestación en la localidad de Plutarco Elias Calles, petate de colores 2.jpeg",1jm42gjCTjHYV7fsdXMdrXMoFDa-nS_Jy,https://drive.google.com/file/d/1jm42gjCTjHYV7fsdXMdrXMoFDa-nS_Jy/view,MUNICIPIO,MOSTRAR_MUNICIPIO,Sur,Zacatepec,,Sur,Zacatepec,,0,Promotor,Honorina Coronel Trujillo,,Lote por evento,/foto/FOTO-91EDD29207,,10,SI,91edd2920779d6f14217b551a5194dc80d81af3c23a30f06d34f7cadb6f118ce,108615,1,Faena-Tequio,zacatepec-faena-tequio,,"Poligonos Coordinados por Gustavo Alvarez 2026 SUR/Zacatepec, Honorina Coronel Trujillo/Faena-Tequio/Limpieza y reforestación en la localidad de Plutarco Elias Calles, petate de colores 2.jpeg"
FOTO-0A516A88FE,"Limpieza y reforestación en la localidad de Plutarco Elias Calles, petate de colores 3.jpeg",1yUCYAiwTj8NW4JBv4V4kzt9DyJ01lxId,https://drive.google.com/file/d/1yUCYAiwTj8NW4JBv4V4kzt9DyJ01lxId/view,MUNICIPIO,MOSTRAR_MUNICIPIO,Sur,Zacatepec,,Sur,Zacatepec,,0,Promotor,Honorina Coronel Trujillo,,Lote por evento,/foto/FOTO-0A516A88FE,,10,SI,0a516a88fe6e84099e14293deea2ebd3a049d6c13582dfa9134d192052b5b9f0,152235,1,Faena-Tequio,zacatepec-faena-tequio,,"Poligonos Coordinados por Gustavo Alvarez 2026 SUR/Zacatepec, Honorina Coronel Trujillo/Faena-Tequio/Limpieza y reforestación en la localidad de Plutarco Elias Calles, petate de colores 3.jpeg"
FOTO-743C830BD3,"Limpieza y reforestación en la localidad de Plutarco Elias Calles, petate de colores 4.jpeg",1QIb41tk9EmdfHA_FNqnxRFU-FIoM32dA,https://drive.google.com/file/d/1QIb41tk9EmdfHA_FNqnxRFU-FIoM32dA/view,MUNICIPIO,MOSTRAR_MUNICIPIO,Sur,Zacatepec,,Sur,Zacatepec,,0,Promotor,Honorina Coronel Trujillo,,Lote por evento,/foto/FOTO-743C830BD3,,10,SI,743c830bd34ab2630deaa240826e0ba4ff47d7e284df217084c0fbd30b7f1806,142665,1,Faena-Tequio,zacatepec-faena-tequio,,"Poligonos Coordinados por Gustavo Alvarez 2026 SUR/Zacatepec, Honorina Coronel Trujillo/Faena-Tequio/Limpieza y reforestación en la localidad de Plutarco Elias Calles, petate de colores 4.jpeg"
FOTO-D74D2778CB,"Limpieza y reforestación en la localidad de Plutarco Elias Calles, petate de colores 5.jpeg",1g--FXrcn494Tlj_94RrJV2DOHONm2eyQ,https://drive.google.com/file/d/1g--FXrcn494Tlj_94RrJV2DOHONm2eyQ/view,MUNICIPIO,MOSTRAR_MUNICIPIO,Sur,Zacatepec,,Sur,Zacatepec,,0,Promotor,Honorina Coronel Trujillo,,Lote por evento,/foto/FOTO-D74D2778CB,,10,SI,d74d2778cbffadbde844d94c80ceccfb3fb78d8134a6d74dd10f82d0f7cbd0f1,170770,1,Faena-Tequio,zacatepec-faena-tequio,,"Poligonos Coordinados por Gustavo Alvarez 2026 SUR/Zacatepec, Honorina Coronel Trujillo/Faena-Tequio/Limpieza y reforestación en la localidad de Plutarco Elias Calles, petate de colores 5.jpeg"
FOTO-69107E3E2C,"Limpieza y reforestación en la localidad de Plutarco Elias Calles, petate de colores 6.jpeg",12s7P5E-_UQSI45KHJlSQ4xrJNCJg-nOK,https://drive.google.com/file/d/12s7P5E-_UQSI45KHJlSQ4xrJNCJg-nOK/view,MUNICIPIO,MOSTRAR_MUNICIPIO,Sur,Zacatepec,,Sur,Zacatepec,,0,Promotor,Honorina Coronel Trujillo,,Lote por evento,/foto/FOTO-69107E3E2C,,10,SI,69107e3e2ca0c7e18995a964cd3d2f9acca146bfc26d5e380cadfece6b45216d,104855,1,Faena-Tequio,zacatepec-faena-tequio,,"Poligonos Coordinados por Gustavo Alvarez 2026 SUR/Zacatepec, Honorina Coronel Trujillo/Faena-Tequio/Limpieza y reforestación en la localidad de Plutarco Elias Calles, petate de colores 6.jpeg"
FOTO-597C24C76E,"Limpieza y reforestación en la localidad de Plutarco Elias Calles, petate de colores 7.jpeg",1PCRp3TiRHDipYX2t7aS1ZaoU_CapN8RC,https://drive.google.com/file/d/1PCRp3TiRHDipYX2t7aS1ZaoU_CapN8RC/view,MUNICIPIO,MOSTRAR_MUNICIPIO,Sur,Zacatepec,,Sur,Zacatepec,,0,Promotor,Honorina Coronel Trujillo,,Lote por evento,/foto/FOTO-597C24C76E,,10,SI,597c24c76e6eb9498eeb38e73ca91e96fbfdfa06e7cbe78379e6d238dcb4e674,150134,1,Faena-Tequio,zacatepec-faena-tequio,,"Poligonos Coordinados por Gustavo Alvarez 2026 SUR/Zacatepec, Honorina Coronel Trujillo/Faena-Tequio/Limpieza y reforestación en la localidad de Plutarco Elias Calles, petate de colores 7.jpeg"
FOTO-73B70F222B,"Limpieza y reforestación en la localidad de Plutarco Elias Calles, petate de colores 8.jpeg",1uCH_McgQHP_jSyJgQHS0zCh_x_6wG0tv,https://drive.google.com/file/d/1uCH_McgQHP_jSyJgQHS0zCh_x_6wG0tv/view,MUNICIPIO,MOSTRAR_MUNICIPIO,Sur,Zacatepec,,Sur,Zacatepec,,0,Promotor,Honorina Coronel Trujillo,,Lote por evento,/foto/FOTO-73B70F222B,,10,SI,73b70f222b6027a329a0d53c57a9c57beafc949bfb32172daace1523a3fa22a7,86573,1,Faena-Tequio,zacatepec-faena-tequio,,"Poligonos Coordinados por Gustavo Alvarez 2026 SUR/Zacatepec, Honorina Coronel Trujillo/Faena-Tequio/Limpieza y reforestación en la localidad de Plutarco Elias Calles, petate de colores 8.jpeg"
FOTO-E5FC28A269,"Limpieza y reforestación en la localidad de Plutarco Elias Calles, petate de colores 9.jpeg",153X00qZ9pzUU-tJj1w0UGPxuxow5yJ_N,https://drive.google.com/file/d/153X00qZ9pzUU-tJj1w0UGPxuxow5yJ_N/view,MUNICIPIO,MOSTRAR_MUNICIPIO,Sur,Zacatepec,,Sur,Zacatepec,,0,Promotor,Honorina Coronel Trujillo,,Lote por evento,/foto/FOTO-E5FC28A269,,10,SI,e5fc28a269d43b1307d32587432124630e1f2edecdc86dbc67eecfcb6f4b9381,105497,1,Faena-Tequio,zacatepec-faena-tequio,,"Poligonos Coordinados por Gustavo Alvarez 2026 SUR/Zacatepec, Honorina Coronel Trujillo/Faena-Tequio/Limpieza y reforestación en la localidad de Plutarco Elias Calles, petate de colores 9.jpeg"
FOTO-0FCBA90280,Servicio Comunitario  2026-01-21.jpeg,1jZ42FicqUtdeQ0kqqktKvV4edGfXVZzD,https://drive.google.com/file/d/1jZ42FicqUtdeQ0kqqktKvV4edGfXVZzD/view,MUNICIPIO,MOSTRAR_MUNICIPIO,Sur,Zacatepec,,Sur,Zacatepec,,0,Promotor,Honorina Coronel Trujillo,,Lote por evento,/foto/FOTO-0FCBA90280,,10,SI,0fcba9028070dad3a5993337a87c17eab9e50b0510abce1c6492934298de6f34,120021,1,Faena-Tequio,zacatepec-faena-tequio,2026-01-21,"Poligonos Coordinados por Gustavo Alvarez 2026 SUR/Zacatepec, Honorina Coronel Trujillo/Faena-Tequio/Servicio Comunitario  2026-01-21.jpeg"
FOTO-60B1DAD2E8,Servicio- faena comunitaria  2026-01-21.jpeg,1UsuX0McvPCZ-zjXQ5nP0hX-QdT18ttxS,https://drive.google.com/file/d/1UsuX0McvPCZ-zjXQ5nP0hX-QdT18ttxS/view,MUNICIPIO,MOSTRAR_MUNICIPIO,Sur,Zacatepec,,Sur,Zacatepec,,0,Promotor,Honorina Coronel Trujillo,,Lote por evento,/foto/FOTO-60B1DAD2E8,,10,SI,60b1dad2e89f82ed96af84bd33ad27d9cda3dfe5e3eb12a88dff77f3e78c677c,96472,1,Faena-Tequio,zacatepec-faena-tequio,2026-01-21,"Poligonos Coordinados por Gustavo Alvarez 2026 SUR/Zacatepec, Honorina Coronel Trujillo/Faena-Tequio/Servicio- faena comunitaria  2026-01-21.jpeg"
FOTO-148EC77A52,"Honorina, llenado de documentos de piso firme, Zacatepec 2026-09-10.jpeg",1DExV8EXuriVVEMyN-YnU51y_9GdQCI5x,https://drive.google.com/file/d/1DExV8EXuriVVEMyN-YnU51y_9GdQCI5x/view,MUNICIPIO,MOSTRAR_MUNICIPIO,Sur,Zacatepec,,Sur,Zacatepec,,0,Promotor,Honorina Coronel Trujillo,,Lote por evento,/foto/FOTO-148EC77A52,,10,SI,148ec77a5254f4bf082cc26a33031d43814325b56d87b7b4aac4a6a2574ecee9,110133,1,"Honorina, llenado de documentos de piso firme, Zacatepec",zacatepec-honorina-llenado-de-documentos-de-piso-firme-zacatepec,2026-09-10,"Poligonos Coordinados por Gustavo Alvarez 2026 SUR/Zacatepec, Honorina Coronel Trujillo/Honorina, llenado de documentos de piso firme, Zacatepec 2026-09-10.jpeg"
FOTO-52376DE11F,Reunión con comisariado ejidal de Tetelpa.jpeg,10niKKWhO8qhmd-pp9T3FDB7VsyeMMpi3,https://drive.google.com/file/d/10niKKWhO8qhmd-pp9T3FDB7VsyeMMpi3/view,MUNICIPIO,MOSTRAR_MUNICIPIO,Sur,Zacatepec,,Sur,Zacatepec,,0,Promotor,Honorina Coronel Trujillo,,Lote por evento,/foto/FOTO-52376DE11F,,10,SI,52376de11fafdd5377d7ac6fc44839ea1314b095cda730f38877872670777f11,62458,1,Reunión con comisariado ejidal de Tetelpa,zacatepec-reunion-con-comisariado-ejidal-de-tetelpa,,"Poligonos Coordinados por Gustavo Alvarez 2026 SUR/Zacatepec, Honorina Coronel Trujillo/Reunión con comisariado ejidal de Tetelpa.jpeg"
FOTO-0CDD906898,Taller de Cartonería en Zacatepec 3. 26062026.jpeg,16H1WZ8D9BohaC_-BJBdLI6W3cZUWaeJG,https://drive.google.com/file/d/16H1WZ8D9BohaC_-BJBdLI6W3cZUWaeJG/view,MUNICIPIO,MOSTRAR_MUNICIPIO,Sur,Zacatepec,,Sur,Zacatepec,,0,Promotor,Honorina Coronel Trujillo,,Lote por evento,/foto/FOTO-0CDD906898,,10,SI,0cdd906898ee7f7be4ac64d79a4aae3285774c7bb202c1d0a050ec31e2bdb8a5,127409,1,Taller de cartonería,zacatepec-taller-de-cartoneria,2026-06-26,"Poligonos Coordinados por Gustavo Alvarez 2026 SUR/Zacatepec, Honorina Coronel Trujillo/Taller de cartonería/Taller de Cartonería en Zacatepec 3. 26062026.jpeg"
FOTO-ACE34E8328,Taller de Cartonería en Zacatepec 4. 26062026.jpeg,1Ustlj5m-suFrLo6L5equweFi0UxBqIfo,https://drive.google.com/file/d/1Ustlj5m-suFrLo6L5equweFi0UxBqIfo/view,MUNICIPIO,MOSTRAR_MUNICIPIO,Sur,Zacatepec,,Sur,Zacatepec,,0,Promotor,Honorina Coronel Trujillo,,Lote por evento,/foto/FOTO-ACE34E8328,,10,SI,ace34e832823326e88d18ec56dc646adf403b14dc863a26326ed932375f7b23a,122155,1,Taller de cartonería,zacatepec-taller-de-cartoneria,2026-06-26,"Poligonos Coordinados por Gustavo Alvarez 2026 SUR/Zacatepec, Honorina Coronel Trujillo/Taller de cartonería/Taller de Cartonería en Zacatepec 4. 26062026.jpeg"
FOTO-397846373C,"Taller de cartonería en Zacatepec, 24062026.jpeg",1H4Da02n0mXVqeTkuanEk0xSThoWdGFKP,https://drive.google.com/file/d/1H4Da02n0mXVqeTkuanEk0xSThoWdGFKP/view,MUNICIPIO,MOSTRAR_MUNICIPIO,Sur,Zacatepec,,Sur,Zacatepec,,0,Promotor,Honorina Coronel Trujillo,,Lote por evento,/foto/FOTO-397846373C,,10,SI,397846373cdce9172e866a934303c3935f38e8debee47657e1c149d6dee07ef4,127833,1,Taller de cartonería,zacatepec-taller-de-cartoneria,2026-06-24,"Poligonos Coordinados por Gustavo Alvarez 2026 SUR/Zacatepec, Honorina Coronel Trujillo/Taller de cartonería/Taller de cartonería en Zacatepec, 24062026.jpeg"
FOTO-EEA05E83AB,Taller de Cartonería en Zacatepec. 26062026.jpeg,1NwL5idOj65JQwI0DOHKhYZKx7kzQwElH,https://drive.google.com/file/d/1NwL5idOj65JQwI0DOHKhYZKx7kzQwElH/view,MUNICIPIO,MOSTRAR_MUNICIPIO,Sur,Zacatepec,,Sur,Zacatepec,,0,Promotor,Honorina Coronel Trujillo,,Lote por evento,/foto/FOTO-EEA05E83AB,,10,SI,eea05e83abcf8b908bce4c07d2d16882aee338aa056bca0555eed0dcf441e17f,102758,1,Taller de cartonería,zacatepec-taller-de-cartoneria,2026-06-26,"Poligonos Coordinados por Gustavo Alvarez 2026 SUR/Zacatepec, Honorina Coronel Trujillo/Taller de cartonería/Taller de Cartonería en Zacatepec. 26062026.jpeg"
FOTO-51E19B8DC3,Taller de Cartonería en Zacatepec2. 26062026.jpeg,1zwUcnpuYqP8FTRZMdjSMih6618Pnd-f5,https://drive.google.com/file/d/1zwUcnpuYqP8FTRZMdjSMih6618Pnd-f5/view,MUNICIPIO,MOSTRAR_MUNICIPIO,Sur,Zacatepec,,Sur,Zacatepec,,0,Promotor,Honorina Coronel Trujillo,,Lote por evento,/foto/FOTO-51E19B8DC3,,10,SI,51e19b8dc3940724fc8b8df9ee14c3a0ed9fa101baee5a11f375cf95fb35fe96,143913,1,Taller de cartonería,zacatepec-taller-de-cartoneria,2026-06-26,"Poligonos Coordinados por Gustavo Alvarez 2026 SUR/Zacatepec, Honorina Coronel Trujillo/Taller de cartonería/Taller de Cartonería en Zacatepec2. 26062026.jpeg"
FOTO-563BD98F05,Taller de creación en el Bonete 2. Zacatepec 09062026.jpeg,1gs4mPOyy2AUtEJSs4shKXy6gDg7w1FqV,https://drive.google.com/file/d/1gs4mPOyy2AUtEJSs4shKXy6gDg7w1FqV/view,MUNICIPIO,MOSTRAR_MUNICIPIO,Sur,Zacatepec,,Sur,Zacatepec,,0,Promotor,Honorina Coronel Trujillo,,Lote por evento,/foto/FOTO-563BD98F05,,10,SI,563bd98f05ef8fa25333f8263b46636d92b0b60ebb8c6c247745f72b49ccc1bd,276556,1,Taller de creación,zacatepec-taller-de-creacion,2026-06-09,"Poligonos Coordinados por Gustavo Alvarez 2026 SUR/Zacatepec, Honorina Coronel Trujillo/Taller de creación/Taller de creación en el Bonete 2. Zacatepec 09062026.jpeg"
FOTO-5344E8ABD8,Taller de creación en el Bonete. 09062026.jpeg,1WlTAquLnfRQW90ILVXeMJ1t4wDTfvpRR,https://drive.google.com/file/d/1WlTAquLnfRQW90ILVXeMJ1t4wDTfvpRR/view,MUNICIPIO,MOSTRAR_MUNICIPIO,Sur,Zacatepec,,Sur,Zacatepec,,0,Promotor,Honorina Coronel Trujillo,,Lote por evento,/foto/FOTO-5344E8ABD8,,10,SI,5344e8abd85a62dfbcd748d00861e5ef8459567aab7238acb3b2fdad6974b65b,249376,1,Taller de creación,zacatepec-taller-de-creacion,2026-06-09,"Poligonos Coordinados por Gustavo Alvarez 2026 SUR/Zacatepec, Honorina Coronel Trujillo/Taller de creación/Taller de creación en el Bonete. 09062026.jpeg"
FOTO-B79D5F5589,"Taller de Manualidades 1, Tetelpa, Zacatepec.  2026-08-26.jpeg",1VA-_cD-RVrpnuwIPWIDl0tFxpTs1_4oI,https://drive.google.com/file/d/1VA-_cD-RVrpnuwIPWIDl0tFxpTs1_4oI/view,MUNICIPIO,MOSTRAR_MUNICIPIO,Sur,Zacatepec,,Sur,Zacatepec,,0,Promotor,Honorina Coronel Trujillo,,Lote por evento,/foto/FOTO-B79D5F5589,,10,SI,b79d5f5589a1e842a8213c0fd30e7037b2cc8d2b577c403d41dd205e27e130f1,772415,1,Taller de manualidades,zacatepec-taller-de-manualidades,2026-08-26,"Poligonos Coordinados por Gustavo Alvarez 2026 SUR/Zacatepec, Honorina Coronel Trujillo/Taller de manualidades/Taller de Manualidades 1, Tetelpa, Zacatepec.  2026-08-26.jpeg"
FOTO-3F66619F9D,"Taller de Manualidades 2, Tetelpa, Zacatepec.  2026-08-26.jpeg",1s-3MsE4eQcJ3wQ4L82l6qAYVcjNeu5XE,https://drive.google.com/file/d/1s-3MsE4eQcJ3wQ4L82l6qAYVcjNeu5XE/view,MUNICIPIO,MOSTRAR_MUNICIPIO,Sur,Zacatepec,,Sur,Zacatepec,,0,Promotor,Honorina Coronel Trujillo,,Lote por evento,/foto/FOTO-3F66619F9D,,10,SI,3f66619f9d3cf8648965735ffdf7a821611b43b50fa8728246e99a7d0c18ec30,723641,1,Taller de manualidades,zacatepec-taller-de-manualidades,2026-08-26,"Poligonos Coordinados por Gustavo Alvarez 2026 SUR/Zacatepec, Honorina Coronel Trujillo/Taller de manualidades/Taller de Manualidades 2, Tetelpa, Zacatepec.  2026-08-26.jpeg"
FOTO-39424A75BB,"Taller de Manualidades 3, Tetelpa, Zacatepec.  2026-08-26.jpeg",1NBpxIoCdSPcaTiWWz2cnqHAs5cySqUtw,https://drive.google.com/file/d/1NBpxIoCdSPcaTiWWz2cnqHAs5cySqUtw/view,MUNICIPIO,MOSTRAR_MUNICIPIO,Sur,Zacatepec,,Sur,Zacatepec,,0,Promotor,Honorina Coronel Trujillo,,Lote por evento,/foto/FOTO-39424A75BB,,10,SI,39424a75bb6e6bf9b97b796d5642a570d1f6e32ce12aa670b613c03bc20fc673,669999,1,Taller de manualidades,zacatepec-taller-de-manualidades,2026-08-26,"Poligonos Coordinados por Gustavo Alvarez 2026 SUR/Zacatepec, Honorina Coronel Trujillo/Taller de manualidades/Taller de Manualidades 3, Tetelpa, Zacatepec.  2026-08-26.jpeg"
FOTO-191A30FA0F,"Taller de Manualidades 4, Tetelpa, Zacatepec.  2026-08-26.jpeg",1y6Qo4VLvBc5WiZCSaDx-JjB8zMemKfgC,https://drive.google.com/file/d/1y6Qo4VLvBc5WiZCSaDx-JjB8zMemKfgC/view,MUNICIPIO,MOSTRAR_MUNICIPIO,Sur,Zacatepec,,Sur,Zacatepec,,0,Promotor,Honorina Coronel Trujillo,,Lote por evento,/foto/FOTO-191A30FA0F,,10,SI,191a30fa0f2b3718e796152c0d505504d52144751a76ff6c29ad21f31ca9db7e,775402,1,Taller de manualidades,zacatepec-taller-de-manualidades,2026-08-26,"Poligonos Coordinados por Gustavo Alvarez 2026 SUR/Zacatepec, Honorina Coronel Trujillo/Taller de manualidades/Taller de Manualidades 4, Tetelpa, Zacatepec.  2026-08-26.jpeg"
FOTO-8BB008E028,"Taller de Manualidades 5, Tetelpa, Zacatepec.  2026-08-26.jpeg",1LzyWUxYTrUlybUHnMoTbYmcseeNFuGmH,https://drive.google.com/file/d/1LzyWUxYTrUlybUHnMoTbYmcseeNFuGmH/view,MUNICIPIO,MOSTRAR_MUNICIPIO,Sur,Zacatepec,,Sur,Zacatepec,,0,Promotor,Honorina Coronel Trujillo,,Lote por evento,/foto/FOTO-8BB008E028,,10,SI,8bb008e0289875c1af390a2daeab00e597e235f02097849f075bb03dac481213,250625,1,Taller de manualidades,zacatepec-taller-de-manualidades,2026-08-26,"Poligonos Coordinados por Gustavo Alvarez 2026 SUR/Zacatepec, Honorina Coronel Trujillo/Taller de manualidades/Taller de Manualidades 5, Tetelpa, Zacatepec.  2026-08-26.jpeg"
FOTO-A93355AAED,"Clase de repostería en Tetelpa, Zacatepec 1.jpeg",17optboK0Mn6gfSc__gn9-v5Z0Gu7EAdm,https://drive.google.com/file/d/17optboK0Mn6gfSc__gn9-v5Z0Gu7EAdm/view,MUNICIPIO,MOSTRAR_MUNICIPIO,Sur,Zacatepec,,Sur,Zacatepec,,0,Promotor,Honorina Coronel Trujillo,,Lote por evento,/foto/FOTO-A93355AAED,,10,SI,a93355aaed56a2eca6a866f8700ec46abefaf7b3ce809b69e769bea9b4ea2c3a,126072,1,Taller de reposteria,zacatepec-taller-de-reposteria,,"Poligonos Coordinados por Gustavo Alvarez 2026 SUR/Zacatepec, Honorina Coronel Trujillo/Taller de reposteria/Clase de repostería en Tetelpa, Zacatepec 1.jpeg"
FOTO-080134B336,"Clase de repostería en Tetelpa, Zacatepec 2.jpeg",1jtuE5E6DoMkxk_Qutz6HCj-VTMrIyh-O,https://drive.google.com/file/d/1jtuE5E6DoMkxk_Qutz6HCj-VTMrIyh-O/view,MUNICIPIO,MOSTRAR_MUNICIPIO,Sur,Zacatepec,,Sur,Zacatepec,,0,Promotor,Honorina Coronel Trujillo,,Lote por evento,/foto/FOTO-080134B336,,10,SI,080134b3369a886806775eba1c138fa5258973a7e02484684642fd9fe62af303,101371,1,Taller de reposteria,zacatepec-taller-de-reposteria,,"Poligonos Coordinados por Gustavo Alvarez 2026 SUR/Zacatepec, Honorina Coronel Trujillo/Taller de reposteria/Clase de repostería en Tetelpa, Zacatepec 2.jpeg"
FOTO-30D3E7A2AD,"Clase de repostería en Tetelpa, Zacatepec 3.jpeg",10Hav9ywzBVpg5zzhcHOhYIbAUruuEkFo,https://drive.google.com/file/d/10Hav9ywzBVpg5zzhcHOhYIbAUruuEkFo/view,MUNICIPIO,MOSTRAR_MUNICIPIO,Sur,Zacatepec,,Sur,Zacatepec,,0,Promotor,Honorina Coronel Trujillo,,Lote por evento,/foto/FOTO-30D3E7A2AD,,10,SI,30d3e7a2ad05f1eefdd53b14870142a517f2762a75c6b15197665253bb169dad,74287,1,Taller de reposteria,zacatepec-taller-de-reposteria,,"Poligonos Coordinados por Gustavo Alvarez 2026 SUR/Zacatepec, Honorina Coronel Trujillo/Taller de reposteria/Clase de repostería en Tetelpa, Zacatepec 3.jpeg"
FOTO-35A0608FF2,Repostería 2  2026-01-21.jpeg,1Diwl2SnXPYSAeW3oAW0feFkY8UbCj_GC,https://drive.google.com/file/d/1Diwl2SnXPYSAeW3oAW0feFkY8UbCj_GC/view,MUNICIPIO,MOSTRAR_MUNICIPIO,Sur,Zacatepec,,Sur,Zacatepec,,0,Promotor,Honorina Coronel Trujillo,,Lote por evento,/foto/FOTO-35A0608FF2,,10,SI,35a0608ff2c527258d651916e6f910f8022e9266db05b150a80b3236eff53504,122146,1,Taller de reposteria,zacatepec-taller-de-reposteria,2026-01-21,"Poligonos Coordinados por Gustavo Alvarez 2026 SUR/Zacatepec, Honorina Coronel Trujillo/Taller de reposteria/Repostería 2  2026-01-21.jpeg"
FOTO-60BC9EDE3E,Repostería 2026-01-21.jpeg,1o7273vISIIUWQOzmLdqFkhZ03uwWptw8,https://drive.google.com/file/d/1o7273vISIIUWQOzmLdqFkhZ03uwWptw8/view,MUNICIPIO,MOSTRAR_MUNICIPIO,Sur,Zacatepec,,Sur,Zacatepec,,0,Promotor,Honorina Coronel Trujillo,,Lote por evento,/foto/FOTO-60BC9EDE3E,,10,SI,60bc9ede3ef35c48eca2a6fbfa355e9c0ae5199f017a048b62f6e4acba22b79a,299990,1,Taller de reposteria,zacatepec-taller-de-reposteria,2026-01-21,"Poligonos Coordinados por Gustavo Alvarez 2026 SUR/Zacatepec, Honorina Coronel Trujillo/Taller de reposteria/Repostería 2026-01-21.jpeg"
FOTO-234AF5D540,repostería 32026-01-21.jpeg,17xeQL9Dp0AY29puMgfVs02J7xsTP3sjE,https://drive.google.com/file/d/17xeQL9Dp0AY29puMgfVs02J7xsTP3sjE/view,MUNICIPIO,MOSTRAR_MUNICIPIO,Sur,Zacatepec,,Sur,Zacatepec,,0,Promotor,Honorina Coronel Trujillo,,Lote por evento,/foto/FOTO-234AF5D540,,10,SI,234af5d5401c1e456c983e44225efb89185f5578b66323f10a6f49bfeaee09b2,127433,1,Taller de reposteria,zacatepec-taller-de-reposteria,2026-01-21,"Poligonos Coordinados por Gustavo Alvarez 2026 SUR/Zacatepec, Honorina Coronel Trujillo/Taller de reposteria/repostería 32026-01-21.jpeg"
FOTO-50E4C207E1,WhatsApp Image 2026-01-21 at 10.50.24 AM (1).jpeg,1tHLlwOkF1aFQEzLDbjbBXsCMxq1lUBaQ,https://drive.google.com/file/d/1tHLlwOkF1aFQEzLDbjbBXsCMxq1lUBaQ/view,MUNICIPIO,MOSTRAR_MUNICIPIO,Sur,Zacatepec,,Sur,Zacatepec,,0,Promotor,Honorina Coronel Trujillo,,Lote por evento,/foto/FOTO-50E4C207E1,,10,SI,50e4c207e1bc93b3643c4e4b07bd8933a4631a57265573266b437439e280f7cc,304659,1,Taller de reposteria,zacatepec-taller-de-reposteria,2026-01-21,"Poligonos Coordinados por Gustavo Alvarez 2026 SUR/Zacatepec, Honorina Coronel Trujillo/Taller de reposteria/WhatsApp Image 2026-01-21 at 10.50.24 AM (1).jpeg"
FOTO-403662DF39,WhatsApp Image 2026-01-21 at 10.50.24 AM.jpeg,1jPbD76ak_8Ex97RrH2RslUPcX62dvBaD,https://drive.google.com/file/d/1jPbD76ak_8Ex97RrH2RslUPcX62dvBaD/view,MUNICIPIO,MOSTRAR_MUNICIPIO,Sur,Zacatepec,,Sur,Zacatepec,,0,Promotor,Honorina Coronel Trujillo,,Lote por evento,/foto/FOTO-403662DF39,,10,SI,403662df390c5557e8f19aa6fc8944846f40f6bdb7040aaf6b05da57eb9d8c1c,133753,1,Taller de reposteria,zacatepec-taller-de-reposteria,2026-01-21,"Poligonos Coordinados por Gustavo Alvarez 2026 SUR/Zacatepec, Honorina Coronel Trujillo/Taller de reposteria/WhatsApp Image 2026-01-21 at 10.50.24 AM.jpeg"
FOTO-BB20195C36,WhatsApp Image 2026-01-21 at 10.50.25 AM (2).jpeg,1ku5cYZCsBPKc5WlJAart-fFfmqHfYAm9,https://drive.google.com/file/d/1ku5cYZCsBPKc5WlJAart-fFfmqHfYAm9/view,MUNICIPIO,MOSTRAR_MUNICIPIO,Sur,Zacatepec,,Sur,Zacatepec,,0,Promotor,Honorina Coronel Trujillo,,Lote por evento,/foto/FOTO-BB20195C36,,10,SI,bb20195c366544ca82920b4d3eec67389470f181d923741973a0a448c31a7c6f,129063,1,Taller de reposteria,zacatepec-taller-de-reposteria,2026-01-21,"Poligonos Coordinados por Gustavo Alvarez 2026 SUR/Zacatepec, Honorina Coronel Trujillo/Taller de reposteria/WhatsApp Image 2026-01-21 at 10.50.25 AM (2).jpeg"
FOTO-621FFA13EB,WhatsApp Image 2026-01-21 at 10.50.25 AM.jpeg,1I7sdD43J3jjRGqVeLUbcK-zEk_ZSAkWe,https://drive.google.com/file/d/1I7sdD43J3jjRGqVeLUbcK-zEk_ZSAkWe/view,MUNICIPIO,MOSTRAR_MUNICIPIO,Sur,Zacatepec,,Sur,Zacatepec,,0,Promotor,Honorina Coronel Trujillo,,Lote por evento,/foto/FOTO-621FFA13EB,,10,SI,621ffa13ebea987c33db2e2bb4453997c6e530af72aa192d224abfe20c665b5e,105509,1,Taller de reposteria,zacatepec-taller-de-reposteria,2026-01-21,"Poligonos Coordinados por Gustavo Alvarez 2026 SUR/Zacatepec, Honorina Coronel Trujillo/Taller de reposteria/WhatsApp Image 2026-01-21 at 10.50.25 AM.jpeg"
FOTO-2138C73191,WhatsApp Image 2026-01-21 at 10.50.26 AM (1).jpeg,12PCWV3HcetXVp9r8rBm_YJ2XW0MRo4WG,https://drive.google.com/file/d/12PCWV3HcetXVp9r8rBm_YJ2XW0MRo4WG/view,MUNICIPIO,MOSTRAR_MUNICIPIO,Sur,Zacatepec,,Sur,Zacatepec,,0,Promotor,Honorina Coronel Trujillo,,Lote por evento,/foto/FOTO-2138C73191,,10,SI,2138c7319181bf7ca3579952ab9945aeef232b242260e56c04e0e224d836c824,72683,1,Taller de reposteria,zacatepec-taller-de-reposteria,2026-01-21,"Poligonos Coordinados por Gustavo Alvarez 2026 SUR/Zacatepec, Honorina Coronel Trujillo/Taller de reposteria/WhatsApp Image 2026-01-21 at 10.50.26 AM (1).jpeg"
FOTO-64CF11551E,WhatsApp Image 2026-01-21 at 10.50.26 AM (2).jpeg,1D3lonbaXrvi7OiZWTIGX06YsTWEXDQNG,https://drive.google.com/file/d/1D3lonbaXrvi7OiZWTIGX06YsTWEXDQNG/view,MUNICIPIO,MOSTRAR_MUNICIPIO,Sur,Zacatepec,,Sur,Zacatepec,,0,Promotor,Honorina Coronel Trujillo,,Lote por evento,/foto/FOTO-64CF11551E,,10,SI,64cf11551e8b030240c35ccafe8e90982df94d846f5bf85992decbbe128c2894,91908,1,Taller de reposteria,zacatepec-taller-de-reposteria,2026-01-21,"Poligonos Coordinados por Gustavo Alvarez 2026 SUR/Zacatepec, Honorina Coronel Trujillo/Taller de reposteria/WhatsApp Image 2026-01-21 at 10.50.26 AM (2).jpeg"
FOTO-A31B94D691,WhatsApp Image 2026-01-21 at 10.50.26 AM (3).jpeg,1_LDRNammG5UciOqz3hzhDUm0HcqivhDX,https://drive.google.com/file/d/1_LDRNammG5UciOqz3hzhDUm0HcqivhDX/view,MUNICIPIO,MOSTRAR_MUNICIPIO,Sur,Zacatepec,,Sur,Zacatepec,,0,Promotor,Honorina Coronel Trujillo,,Lote por evento,/foto/FOTO-A31B94D691,,10,SI,a31b94d69127e75846eb5150ca9111fa9a09fa188ef73f654b6533af5f95bfa5,119286,1,Taller de reposteria,zacatepec-taller-de-reposteria,2026-01-21,"Poligonos Coordinados por Gustavo Alvarez 2026 SUR/Zacatepec, Honorina Coronel Trujillo/Taller de reposteria/WhatsApp Image 2026-01-21 at 10.50.26 AM (3).jpeg"
FOTO-AA8C27F072,WhatsApp Image 2026-01-21 at 10.50.26 AM (4).jpeg,1NXEKKog3Gx3-_scBqxW1uZ19yCMAA9wD,https://drive.google.com/file/d/1NXEKKog3Gx3-_scBqxW1uZ19yCMAA9wD/view,MUNICIPIO,MOSTRAR_MUNICIPIO,Sur,Zacatepec,,Sur,Zacatepec,,0,Promotor,Honorina Coronel Trujillo,,Lote por evento,/foto/FOTO-AA8C27F072,,10,SI,aa8c27f072357ea727b5b02f025da16e81ac5d7ce8154fe206e9865a10b5c170,113975,1,Taller de reposteria,zacatepec-taller-de-reposteria,2026-01-21,"Poligonos Coordinados por Gustavo Alvarez 2026 SUR/Zacatepec, Honorina Coronel Trujillo/Taller de reposteria/WhatsApp Image 2026-01-21 at 10.50.26 AM (4).jpeg"
FOTO-300517D910,WhatsApp Image 2026-01-21 at 10.50.26 AM (5).jpeg,1clGyZ18vDEuEk6X5Zt1S3ghJzhvlHJcl,https://drive.google.com/file/d/1clGyZ18vDEuEk6X5Zt1S3ghJzhvlHJcl/view,MUNICIPIO,MOSTRAR_MUNICIPIO,Sur,Zacatepec,,Sur,Zacatepec,,0,Promotor,Honorina Coronel Trujillo,,Lote por evento,/foto/FOTO-300517D910,,10,SI,300517d910b097a71492f2e2133a144fe8e2eaf4a57c18202c9995b3ef330af3,93403,1,Taller de reposteria,zacatepec-taller-de-reposteria,2026-01-21,"Poligonos Coordinados por Gustavo Alvarez 2026 SUR/Zacatepec, Honorina Coronel Trujillo/Taller de reposteria/WhatsApp Image 2026-01-21 at 10.50.26 AM (5).jpeg"
FOTO-7D9E1D3706,WhatsApp Image 2026-01-21 at 10.50.26 AM (6).jpeg,1d1gkpfX04fj5CCMUzy3nGd_MgOH5GiWw,https://drive.google.com/file/d/1d1gkpfX04fj5CCMUzy3nGd_MgOH5GiWw/view,MUNICIPIO,MOSTRAR_MUNICIPIO,Sur,Zacatepec,,Sur,Zacatepec,,0,Promotor,Honorina Coronel Trujillo,,Lote por evento,/foto/FOTO-7D9E1D3706,,10,SI,7d9e1d3706554f20eb67d52a37063067d6eb8ff5a420ea941c24fb2d34ec3319,99904,1,Taller de reposteria,zacatepec-taller-de-reposteria,2026-01-21,"Poligonos Coordinados por Gustavo Alvarez 2026 SUR/Zacatepec, Honorina Coronel Trujillo/Taller de reposteria/WhatsApp Image 2026-01-21 at 10.50.26 AM (6).jpeg"
FOTO-CBD951766B,WhatsApp Image 2026-01-21 at 10.50.26 AM.jpeg,1CmGUUc7_VvOCouYdGvN0TYngSdPd8TsW,https://drive.google.com/file/d/1CmGUUc7_VvOCouYdGvN0TYngSdPd8TsW/view,MUNICIPIO,MOSTRAR_MUNICIPIO,Sur,Zacatepec,,Sur,Zacatepec,,0,Promotor,Honorina Coronel Trujillo,,Lote por evento,/foto/FOTO-CBD951766B,,10,SI,cbd951766b0bef8798c79bf157361b3aa432288293a17bab98d83d6f3df6dc87,102114,1,Taller de reposteria,zacatepec-taller-de-reposteria,2026-01-21,"Poligonos Coordinados por Gustavo Alvarez 2026 SUR/Zacatepec, Honorina Coronel Trujillo/Taller de reposteria/WhatsApp Image 2026-01-21 at 10.50.26 AM.jpeg"
FOTO-D24E38479F,WhatsApp Image 2026-01-21 at 10.50.27 AM (2).jpeg,1Co8ujYvfV5n8JpkxcLW4gMt5m0EgXMuK,https://drive.google.com/file/d/1Co8ujYvfV5n8JpkxcLW4gMt5m0EgXMuK/view,MUNICIPIO,MOSTRAR_MUNICIPIO,Sur,Zacatepec,,Sur,Zacatepec,,0,Promotor,Honorina Coronel Trujillo,,Lote por evento,/foto/FOTO-D24E38479F,,10,SI,d24e38479f34c49836534d21599d9a7d14bdb2897df0f8ba54b9c91aea11db26,268864,1,Taller de reposteria,zacatepec-taller-de-reposteria,2026-01-21,"Poligonos Coordinados por Gustavo Alvarez 2026 SUR/Zacatepec, Honorina Coronel Trujillo/Taller de reposteria/WhatsApp Image 2026-01-21 at 10.50.27 AM (2).jpeg"
FOTO-FE1C8E8146,WhatsApp Image 2026-01-21 at 10.50.27 AM (3).jpeg,17uMUkS5LDuvKfxW0jiAuJCUg8xlUvmJg,https://drive.google.com/file/d/17uMUkS5LDuvKfxW0jiAuJCUg8xlUvmJg/view,MUNICIPIO,MOSTRAR_MUNICIPIO,Sur,Zacatepec,,Sur,Zacatepec,,0,Promotor,Honorina Coronel Trujillo,,Lote por evento,/foto/FOTO-FE1C8E8146,,10,SI,fe1c8e8146aa626a38f12207404667e4696d3ece4a317e3111862ac020ffd133,263052,1,Taller de reposteria,zacatepec-taller-de-reposteria,2026-01-21,"Poligonos Coordinados por Gustavo Alvarez 2026 SUR/Zacatepec, Honorina Coronel Trujillo/Taller de reposteria/WhatsApp Image 2026-01-21 at 10.50.27 AM (3).jpeg"
FOTO-E0637C171C,WhatsApp Image 2026-01-21 at 10.50.27 AM (4).jpeg,1Pa836kLslEECzV7TUHqdcgNQ9i4gAPK5,https://drive.google.com/file/d/1Pa836kLslEECzV7TUHqdcgNQ9i4gAPK5/view,MUNICIPIO,MOSTRAR_MUNICIPIO,Sur,Zacatepec,,Sur,Zacatepec,,0,Promotor,Honorina Coronel Trujillo,,Lote por evento,/foto/FOTO-E0637C171C,,10,SI,e0637c171c8ef0b7366ed09511bb141851f5003fabb0d6c8c680c664c0b54bf1,229414,1,Taller de reposteria,zacatepec-taller-de-reposteria,2026-01-21,"Poligonos Coordinados por Gustavo Alvarez 2026 SUR/Zacatepec, Honorina Coronel Trujillo/Taller de reposteria/WhatsApp Image 2026-01-21 at 10.50.27 AM (4).jpeg"
FOTO-96ED57C6A0,WhatsApp Image 2026-01-21 at 10.50.27 AM (5).jpeg,1Qw8cheG5zRtIHAlj7-rypSUZB-Lq6I85,https://drive.google.com/file/d/1Qw8cheG5zRtIHAlj7-rypSUZB-Lq6I85/view,MUNICIPIO,MOSTRAR_MUNICIPIO,Sur,Zacatepec,,Sur,Zacatepec,,0,Promotor,Honorina Coronel Trujillo,,Lote por evento,/foto/FOTO-96ED57C6A0,,10,SI,96ed57c6a000def860eaf5a7b288779ac4544037ccde50dd8ee2f537f9faf82e,146782,1,Taller de reposteria,zacatepec-taller-de-reposteria,2026-01-21,"Poligonos Coordinados por Gustavo Alvarez 2026 SUR/Zacatepec, Honorina Coronel Trujillo/Taller de reposteria/WhatsApp Image 2026-01-21 at 10.50.27 AM (5).jpeg"
FOTO-EAB586F011,WhatsApp Image 2026-01-21 at 10.50.27 AM (6).jpeg,1U-tL7HSUe1eSqm6BQ-GURO-tOYx6bYRt,https://drive.google.com/file/d/1U-tL7HSUe1eSqm6BQ-GURO-tOYx6bYRt/view,MUNICIPIO,MOSTRAR_MUNICIPIO,Sur,Zacatepec,,Sur,Zacatepec,,0,Promotor,Honorina Coronel Trujillo,,Lote por evento,/foto/FOTO-EAB586F011,,10,SI,eab586f011fa39c46fcab66a1636e15625fe796c4fb0b08e5533be325a6f202b,99993,1,Taller de reposteria,zacatepec-taller-de-reposteria,2026-01-21,"Poligonos Coordinados por Gustavo Alvarez 2026 SUR/Zacatepec, Honorina Coronel Trujillo/Taller de reposteria/WhatsApp Image 2026-01-21 at 10.50.27 AM (6).jpeg"
FOTO-06599B8630,WhatsApp Image 2026-01-21 at 10.50.27 AM (7).jpeg,1IeVzJAkoFThZ0yc7EMB7UWfAnQvK4Ch6,https://drive.google.com/file/d/1IeVzJAkoFThZ0yc7EMB7UWfAnQvK4Ch6/view,MUNICIPIO,MOSTRAR_MUNICIPIO,Sur,Zacatepec,,Sur,Zacatepec,,0,Promotor,Honorina Coronel Trujillo,,Lote por evento,/foto/FOTO-06599B8630,,10,SI,06599b86305db4028c59cc223bbebcff11c50d2105ace1efc57baf9d90d31c0d,91950,1,Taller de reposteria,zacatepec-taller-de-reposteria,2026-01-21,"Poligonos Coordinados por Gustavo Alvarez 2026 SUR/Zacatepec, Honorina Coronel Trujillo/Taller de reposteria/WhatsApp Image 2026-01-21 at 10.50.27 AM (7).jpeg"
FOTO-9F57A6CE67,WhatsApp Image 2026-01-21 at 10.50.27 AM (8).jpeg,1XqlgzHiJwu4nexquSjgpkcAHSUodzKyx,https://drive.google.com/file/d/1XqlgzHiJwu4nexquSjgpkcAHSUodzKyx/view,MUNICIPIO,MOSTRAR_MUNICIPIO,Sur,Zacatepec,,Sur,Zacatepec,,0,Promotor,Honorina Coronel Trujillo,,Lote por evento,/foto/FOTO-9F57A6CE67,,10,SI,9f57a6ce6792daf29e27251adf6a6e24e88377e33df43df4fef1164ae2bf774e,131479,1,Taller de reposteria,zacatepec-taller-de-reposteria,2026-01-21,"Poligonos Coordinados por Gustavo Alvarez 2026 SUR/Zacatepec, Honorina Coronel Trujillo/Taller de reposteria/WhatsApp Image 2026-01-21 at 10.50.27 AM (8).jpeg"
FOTO-33D8540173,WhatsApp Image 2026-01-21 at 10.50.28 AM (1).jpeg,1INePep6SK7XRwxoEZL_dXfZRzWQA19hc,https://drive.google.com/file/d/1INePep6SK7XRwxoEZL_dXfZRzWQA19hc/view,MUNICIPIO,MOSTRAR_MUNICIPIO,Sur,Zacatepec,,Sur,Zacatepec,,0,Promotor,Honorina Coronel Trujillo,,Lote por evento,/foto/FOTO-33D8540173,,10,SI,33d8540173aece413fe1c859d2ef0eb6735a7d9d4a7b9aa478c271058f4a8921,227348,1,Taller de reposteria,zacatepec-taller-de-reposteria,2026-01-21,"Poligonos Coordinados por Gustavo Alvarez 2026 SUR/Zacatepec, Honorina Coronel Trujillo/Taller de reposteria/WhatsApp Image 2026-01-21 at 10.50.28 AM (1).jpeg"
FOTO-6F70739E7A,WhatsApp Image 2026-01-21 at 10.50.28 AM (2).jpeg,1twVWxNnTpwXG3AAOTG4E-m8I5R99ImM2,https://drive.google.com/file/d/1twVWxNnTpwXG3AAOTG4E-m8I5R99ImM2/view,MUNICIPIO,MOSTRAR_MUNICIPIO,Sur,Zacatepec,,Sur,Zacatepec,,0,Promotor,Honorina Coronel Trujillo,,Lote por evento,/foto/FOTO-6F70739E7A,,10,SI,6f70739e7a0388c62495cc6c5d882df9e95ad31a226cff925b2a2b29af77ef42,167450,1,Taller de reposteria,zacatepec-taller-de-reposteria,2026-01-21,"Poligonos Coordinados por Gustavo Alvarez 2026 SUR/Zacatepec, Honorina Coronel Trujillo/Taller de reposteria/WhatsApp Image 2026-01-21 at 10.50.28 AM (2).jpeg"
FOTO-0617958175,WhatsApp Image 2026-01-21 at 10.50.28 AM (3).jpeg,1sOc1FLDiwOtupIcF3TnyTJNtORBKpe89,https://drive.google.com/file/d/1sOc1FLDiwOtupIcF3TnyTJNtORBKpe89/view,MUNICIPIO,MOSTRAR_MUNICIPIO,Sur,Zacatepec,,Sur,Zacatepec,,0,Promotor,Honorina Coronel Trujillo,,Lote por evento,/foto/FOTO-0617958175,,10,SI,0617958175ffc5b8d3c0941f91b6471ced3783c9457ce16dc12796cc410100bf,281407,1,Taller de reposteria,zacatepec-taller-de-reposteria,2026-01-21,"Poligonos Coordinados por Gustavo Alvarez 2026 SUR/Zacatepec, Honorina Coronel Trujillo/Taller de reposteria/WhatsApp Image 2026-01-21 at 10.50.28 AM (3).jpeg"
FOTO-3C2D5EFE94,"Taller Raíces, Zacatepec 2, 26 de junio de 2026.jpeg",1X1R8KRfIyZUfVFONPoX_RmB6WzCs01w1,https://drive.google.com/file/d/1X1R8KRfIyZUfVFONPoX_RmB6WzCs01w1/view,MUNICIPIO,MOSTRAR_MUNICIPIO,Sur,Zacatepec,,Sur,Zacatepec,,0,Promotor,Honorina Coronel Trujillo,,Lote por evento,/foto/FOTO-3C2D5EFE94,,10,SI,3c2d5efe94f579c3e824025e965e4f0267b51c928b9f133efb03d7d73e252da7,391463,1,"Taller Raíces, Zacatepec",zacatepec-taller-raices-zacatepec,2026-06-26,"Poligonos Coordinados por Gustavo Alvarez 2026 SUR/Zacatepec, Honorina Coronel Trujillo/Taller Raíces, Zacatepec 2, 26 de junio de 2026.jpeg"
FOTO-9E50ACC1BD,"Taller Raíces, Zacatepec, 26 de junio de 2026.jpeg",1JdqCNkB4qdCa4NE8h8_AeJC2vj9h4Y-V,https://drive.google.com/file/d/1JdqCNkB4qdCa4NE8h8_AeJC2vj9h4Y-V/view,MUNICIPIO,MOSTRAR_MUNICIPIO,Sur,Zacatepec,,Sur,Zacatepec,,0,Promotor,Honorina Coronel Trujillo,,Lote por evento,/foto/FOTO-9E50ACC1BD,,10,SI,9e50acc1bdf8084201241da2a25a97ed5270c7be4569777a19b5c17dcf5c0790,431393,1,"Taller Raíces, Zacatepec",zacatepec-taller-raices-zacatepec,2026-06-26,"Poligonos Coordinados por Gustavo Alvarez 2026 SUR/Zacatepec, Honorina Coronel Trujillo/Taller Raíces, Zacatepec, 26 de junio de 2026.jpeg"
FOTO-E908FB9692,Trabajo en territorio del programa de piso firme 20 de junio de 2026..jpeg,1c7jaVAXun25NkJxrBEBPP1A6XEebZsko,https://drive.google.com/file/d/1c7jaVAXun25NkJxrBEBPP1A6XEebZsko/view,MUNICIPIO,MOSTRAR_MUNICIPIO,Sur,Zacatepec,,Sur,Zacatepec,,0,Promotor,Honorina Coronel Trujillo,,Lote por evento,/foto/FOTO-E908FB9692,,10,SI,e908fb9692a5bffa1d14b4b41728fa2b720c9cc508c1c4ba37465a266766c6d0,429888,1,Trabajo en territorio del programa de piso firme,zacatepec-trabajo-en-territorio-del-programa-de-piso-firme,2026-06-20,"Poligonos Coordinados por Gustavo Alvarez 2026 SUR/Zacatepec, Honorina Coronel Trujillo/Trabajo en territorio del programa de piso firme 20 de junio de 2026..jpeg"
FOTO-22D15E9740,"Consejo Alta Vista, Rancho Teoxtoc, San Miguel, Linda Vista, Atlatlahucan. Entrega de juguetes.jpeg",1afZ21ovfiFrze6AFqfVtL-7qw8WINNjL,https://drive.google.com/file/d/1afZ21ovfiFrze6AFqfVtL-7qw8WINNjL/view,MUNICIPIO,MOSTRAR_MUNICIPIO,Altos,Atlatlahucan,,Altos,Atlatlahucan,,0,Promotor,Ma. Guadalupe Sigler Aguilar,,Lote por evento,/foto/FOTO-22D15E9740,,10,SI,22d15e974056e652f72b61353abb7b426275d9b0f23133f6f9f39d102ad8f0c6,123975,1,Consejos Comunitarios,atlatlahucan-consejos-comunitarios,,"Poligonos coordinados por Silvia Zavala2026. Altos Norte/Atlatlahucan, Ma. Guadalupe Sigler Aguilar/Consejos Comunitarios/Consejo Alta Vista, Rancho Teoxtoc, San Miguel, Linda Vista, Atlatlahucan. Entrega de juguetes.jpeg"
FOTO-3B31E21E8E,Reunión con consejo en Rancho Teoxtoc.jpeg,1AxFqa5RfEuxZwrDBbDyRCsjlrYWxFMBi,https://drive.google.com/file/d/1AxFqa5RfEuxZwrDBbDyRCsjlrYWxFMBi/view,MUNICIPIO,MOSTRAR_MUNICIPIO,Altos,Atlatlahucan,,Altos,Atlatlahucan,,0,Promotor,Ma. Guadalupe Sigler Aguilar,,Lote por evento,/foto/FOTO-3B31E21E8E,,10,SI,3b31e21e8e19a11682935a6c6a8c818ae62ae97051aaedbb3cea27188e88437a,285452,1,Consejos Comunitarios,atlatlahucan-consejos-comunitarios,,"Poligonos coordinados por Silvia Zavala2026. Altos Norte/Atlatlahucan, Ma. Guadalupe Sigler Aguilar/Consejos Comunitarios/Reunión con consejo en Rancho Teoxtoc.jpeg"
FOTO-8F40115C6B,"Reunión de Consejo en Rancho Teoxtoc, Atlatlahucan 1 2026-08-30.jpeg",1G17v8qp1aVTcxoQf1aCt9JVLQ9Gpv1OZ,https://drive.google.com/file/d/1G17v8qp1aVTcxoQf1aCt9JVLQ9Gpv1OZ/view,MUNICIPIO,MOSTRAR_MUNICIPIO,Altos,Atlatlahucan,,Altos,Atlatlahucan,,0,Promotor,Ma. Guadalupe Sigler Aguilar,,Lote por evento,/foto/FOTO-8F40115C6B,,10,SI,8f40115c6b8a4170ba146f83db17beb36251d3ed49d3e2ae73960fd315a2cc09,199494,1,Consejos Comunitarios,atlatlahucan-consejos-comunitarios,2026-08-30,"Poligonos coordinados por Silvia Zavala2026. Altos Norte/Atlatlahucan, Ma. Guadalupe Sigler Aguilar/Consejos Comunitarios/Reunión de Consejo en Rancho Teoxtoc, Atlatlahucan 1 2026-08-30.jpeg"
FOTO-80C1AE68E5,"Reunión de Consejo en Rancho Teoxtoc, Atlatlahucan 2 2026-08-30.jpeg",1pyP_NZpASz78d2xjL1ae8_NtG-BN7swL,https://drive.google.com/file/d/1pyP_NZpASz78d2xjL1ae8_NtG-BN7swL/view,MUNICIPIO,MOSTRAR_MUNICIPIO,Altos,Atlatlahucan,,Altos,Atlatlahucan,,0,Promotor,Ma. Guadalupe Sigler Aguilar,,Lote por evento,/foto/FOTO-80C1AE68E5,,10,SI,80c1ae68e58c142b2a59e23095c0d17bd6c2d3c2137c2dfcd991f01645fed7d5,254782,1,Consejos Comunitarios,atlatlahucan-consejos-comunitarios,2026-08-30,"Poligonos coordinados por Silvia Zavala2026. Altos Norte/Atlatlahucan, Ma. Guadalupe Sigler Aguilar/Consejos Comunitarios/Reunión de Consejo en Rancho Teoxtoc, Atlatlahucan 2 2026-08-30.jpeg"
FOTO-160BA6168E,Reunión en linda vista.jpeg,1KddZznbGukK8mJi73vsvszT6HfPXTdg2,https://drive.google.com/file/d/1KddZznbGukK8mJi73vsvszT6HfPXTdg2/view,MUNICIPIO,MOSTRAR_MUNICIPIO,Altos,Atlatlahucan,,Altos,Atlatlahucan,,0,Promotor,Ma. Guadalupe Sigler Aguilar,,Lote por evento,/foto/FOTO-160BA6168E,,10,SI,160ba6168eded27298906dc86ed64aea49365f535eaf3fb65dcbaf38f06f390e,153184,1,Consejos Comunitarios,atlatlahucan-consejos-comunitarios,,"Poligonos coordinados por Silvia Zavala2026. Altos Norte/Atlatlahucan, Ma. Guadalupe Sigler Aguilar/Consejos Comunitarios/Reunión en linda vista.jpeg"
FOTO-A4F2561286,WhatsApp Image 2026-01-07 at 2.10.41 PM.jpeg,1-ehWl_dxcMnrVEvToERtfWz9j1k2-rhZ,https://drive.google.com/file/d/1-ehWl_dxcMnrVEvToERtfWz9j1k2-rhZ/view,MUNICIPIO,MOSTRAR_MUNICIPIO,Altos,Atlatlahucan,,Altos,Atlatlahucan,,0,Promotor,Ma. Guadalupe Sigler Aguilar,,Lote por evento,/foto/FOTO-A4F2561286,,10,SI,a4f25612860c5c28735a395e4be515f7f3ffa782604f73e8ffb604d770de75f5,127382,1,Consejos Comunitarios,atlatlahucan-consejos-comunitarios,2026-01-07,"Poligonos coordinados por Silvia Zavala2026. Altos Norte/Atlatlahucan, Ma. Guadalupe Sigler Aguilar/Consejos Comunitarios/WhatsApp Image 2026-01-07 at 2.10.41 PM.jpeg"
FOTO-0D094DDD39,WhatsApp Image 2026-01-07 at 2.10.42 PM (1).jpeg,1enVGgPQF8tEJv_Lwde4OHNP0cFVXcGQs,https://drive.google.com/file/d/1enVGgPQF8tEJv_Lwde4OHNP0cFVXcGQs/view,MUNICIPIO,MOSTRAR_MUNICIPIO,Altos,Atlatlahucan,,Altos,Atlatlahucan,,0,Promotor,Ma. Guadalupe Sigler Aguilar,,Lote por evento,/foto/FOTO-0D094DDD39,,10,SI,0d094ddd39c5a8f976302a504e2123d0809994d665e5d3cf255cb2437c3018c2,335985,1,Consejos Comunitarios,atlatlahucan-consejos-comunitarios,2026-01-07,"Poligonos coordinados por Silvia Zavala2026. Altos Norte/Atlatlahucan, Ma. Guadalupe Sigler Aguilar/Consejos Comunitarios/WhatsApp Image 2026-01-07 at 2.10.42 PM (1).jpeg"
FOTO-C9E65B6AA4,WhatsApp Image 2026-01-07 at 2.10.42 PM (2).jpeg,16CEmzrwPg72MaL34J2YA72DU0jRKkDSk,https://drive.google.com/file/d/16CEmzrwPg72MaL34J2YA72DU0jRKkDSk/view,MUNICIPIO,MOSTRAR_MUNICIPIO,Altos,Atlatlahucan,,Altos,Atlatlahucan,,0,Promotor,Ma. Guadalupe Sigler Aguilar,,Lote por evento,/foto/FOTO-C9E65B6AA4,,10,SI,c9e65b6aa4ed7fe2e872198656ba31bf82f0528e738b25afde2b5eb777222eb1,305382,1,Consejos Comunitarios,atlatlahucan-consejos-comunitarios,2026-01-07,"Poligonos coordinados por Silvia Zavala2026. Altos Norte/Atlatlahucan, Ma. Guadalupe Sigler Aguilar/Consejos Comunitarios/WhatsApp Image 2026-01-07 at 2.10.42 PM (2).jpeg"
FOTO-0D2DCBFD60,WhatsApp Image 2026-01-07 at 2.10.42 PM (3).jpeg,1KCQ_5VFAEJ0nK98rDV_I80hIe3G5wUP0,https://drive.google.com/file/d/1KCQ_5VFAEJ0nK98rDV_I80hIe3G5wUP0/view,MUNICIPIO,MOSTRAR_MUNICIPIO,Altos,Atlatlahucan,,Altos,Atlatlahucan,,0,Promotor,Ma. Guadalupe Sigler Aguilar,,Lote por evento,/foto/FOTO-0D2DCBFD60,,10,SI,0d2dcbfd6080d8e58d559961c6c54ad85884b39b0f065baea0b8694a35857590,163649,1,Consejos Comunitarios,atlatlahucan-consejos-comunitarios,2026-01-07,"Poligonos coordinados por Silvia Zavala2026. Altos Norte/Atlatlahucan, Ma. Guadalupe Sigler Aguilar/Consejos Comunitarios/WhatsApp Image 2026-01-07 at 2.10.42 PM (3).jpeg"
FOTO-679CBD2407,WhatsApp Image 2026-01-07 at 2.10.42 PM (4).jpeg,1clYxG7YtjUgdVHbV5gLNNscDeGlS3OiF,https://drive.google.com/file/d/1clYxG7YtjUgdVHbV5gLNNscDeGlS3OiF/view,MUNICIPIO,MOSTRAR_MUNICIPIO,Altos,Atlatlahucan,,Altos,Atlatlahucan,,0,Promotor,Ma. Guadalupe Sigler Aguilar,,Lote por evento,/foto/FOTO-679CBD2407,,10,SI,679cbd24075761483fcb04fcc7f61f6721a8fa9f16172f91dbb5f8d021467c03,215981,1,Consejos Comunitarios,atlatlahucan-consejos-comunitarios,2026-01-07,"Poligonos coordinados por Silvia Zavala2026. Altos Norte/Atlatlahucan, Ma. Guadalupe Sigler Aguilar/Consejos Comunitarios/WhatsApp Image 2026-01-07 at 2.10.42 PM (4).jpeg"
FOTO-C06C964A43,WhatsApp Image 2026-01-07 at 2.10.42 PM.jpeg,1Fs2-1nj1RIy60QKu4Vvp1x-6MZDkwLTT,https://drive.google.com/file/d/1Fs2-1nj1RIy60QKu4Vvp1x-6MZDkwLTT/view,MUNICIPIO,MOSTRAR_MUNICIPIO,Altos,Atlatlahucan,,Altos,Atlatlahucan,,0,Promotor,Ma. Guadalupe Sigler Aguilar,,Lote por evento,/foto/FOTO-C06C964A43,,10,SI,c06c964a43d1d1131c316f77e9b89c3d3fdf9a3c62046ffecb50914dfd63602d,238480,1,Consejos Comunitarios,atlatlahucan-consejos-comunitarios,2026-01-07,"Poligonos coordinados por Silvia Zavala2026. Altos Norte/Atlatlahucan, Ma. Guadalupe Sigler Aguilar/Consejos Comunitarios/WhatsApp Image 2026-01-07 at 2.10.42 PM.jpeg"
FOTO-2CD9D0CCCE,WhatsApp Image 2026-01-07 at 2.10.43 PM (1).jpeg,1nq_Bas6xO4uv67A9YpWhqeEHN6_bAjxz,https://drive.google.com/file/d/1nq_Bas6xO4uv67A9YpWhqeEHN6_bAjxz/view,MUNICIPIO,MOSTRAR_MUNICIPIO,Altos,Atlatlahucan,,Altos,Atlatlahucan,,0,Promotor,Ma. Guadalupe Sigler Aguilar,,Lote por evento,/foto/FOTO-2CD9D0CCCE,,10,SI,2cd9d0cccea61260404cefbd5ce805c4042617d8d9bba40278e8f1198983c5f1,233158,1,Consejos Comunitarios,atlatlahucan-consejos-comunitarios,2026-01-07,"Poligonos coordinados por Silvia Zavala2026. Altos Norte/Atlatlahucan, Ma. Guadalupe Sigler Aguilar/Consejos Comunitarios/WhatsApp Image 2026-01-07 at 2.10.43 PM (1).jpeg"
FOTO-72C65E8949,WhatsApp Image 2026-01-07 at 2.10.43 PM.jpeg,1P2wjYEh15aEQOKGeWX85gTYqQnpM6jWy,https://drive.google.com/file/d/1P2wjYEh15aEQOKGeWX85gTYqQnpM6jWy/view,MUNICIPIO,MOSTRAR_MUNICIPIO,Altos,Atlatlahucan,,Altos,Atlatlahucan,,0,Promotor,Ma. Guadalupe Sigler Aguilar,,Lote por evento,/foto/FOTO-72C65E8949,,10,SI,72c65e89493fdcbadccc8ae961c09513590dd1b5e4307df7a0151b3aa1e13474,176115,1,Consejos Comunitarios,atlatlahucan-consejos-comunitarios,2026-01-07,"Poligonos coordinados por Silvia Zavala2026. Altos Norte/Atlatlahucan, Ma. Guadalupe Sigler Aguilar/Consejos Comunitarios/WhatsApp Image 2026-01-07 at 2.10.43 PM.jpeg"
FOTO-2500F15398,"Consejo de Alta Vista, Rancho Teoxtoc, San Miguel, Linda Vista..jpeg",1Fsor_cAkehoT0Oa_t3f4ZbKQFiJd8xMB,https://drive.google.com/file/d/1Fsor_cAkehoT0Oa_t3f4ZbKQFiJd8xMB/view,MUNICIPIO,MOSTRAR_MUNICIPIO,Altos,Atlatlahucan,,Altos,Atlatlahucan,,0,Promotor,Ma. Guadalupe Sigler Aguilar,,Lote por evento,/foto/FOTO-2500F15398,,10,SI,2500f15398bc440a3c74a8fe4269df14c0be13a6fcf9502eb11bf82412ed5236,106605,1,Entrega de juguetes,atlatlahucan-entrega-de-juguetes,,"Poligonos coordinados por Silvia Zavala2026. Altos Norte/Atlatlahucan, Ma. Guadalupe Sigler Aguilar/Entrega de juguetes/Consejo de Alta Vista, Rancho Teoxtoc, San Miguel, Linda Vista..jpeg"
FOTO-12D8616E03,Limpieza de área de donación.jpeg,11pi35LBABxTBn2UmyOYPOnJC1q3zzIyR,https://drive.google.com/file/d/11pi35LBABxTBn2UmyOYPOnJC1q3zzIyR/view,MUNICIPIO,MOSTRAR_MUNICIPIO,Altos,Atlatlahucan,,Altos,Atlatlahucan,,0,Promotor,Ma. Guadalupe Sigler Aguilar,,Lote por evento,/foto/FOTO-12D8616E03,,10,SI,12d8616e03d6ce0834f7c9848f51aedcb27d9e6f636832642ee32e471c358feb,177150,1,Entrega de juguetes,atlatlahucan-entrega-de-juguetes,,"Poligonos coordinados por Silvia Zavala2026. Altos Norte/Atlatlahucan, Ma. Guadalupe Sigler Aguilar/Entrega de juguetes/Limpieza de área de donación.jpeg"
FOTO-9256EFF806,WhatsApp Image 2026-01-07 at 1.28.27 PM (1).jpeg,1U9l-eTbbrAwYKzInj-W2mueq1BqYzd4W,https://drive.google.com/file/d/1U9l-eTbbrAwYKzInj-W2mueq1BqYzd4W/view,MUNICIPIO,MOSTRAR_MUNICIPIO,Altos,Atlatlahucan,,Altos,Atlatlahucan,,0,Promotor,Ma. Guadalupe Sigler Aguilar,,Lote por evento,/foto/FOTO-9256EFF806,,10,SI,9256eff8068d620618257f42cd22480d32fa04834a43a9c1db7fc81927c5fa61,207969,1,Entrega de juguetes,atlatlahucan-entrega-de-juguetes,2026-01-07,"Poligonos coordinados por Silvia Zavala2026. Altos Norte/Atlatlahucan, Ma. Guadalupe Sigler Aguilar/Entrega de juguetes/WhatsApp Image 2026-01-07 at 1.28.27 PM (1).jpeg"
FOTO-84127A085A,Inauguración del muro de contención de la primaria de San Miguel 1..jpeg,1eoAAt409kq6lE7dHCO9cfi9CIhe3UmNU,https://drive.google.com/file/d/1eoAAt409kq6lE7dHCO9cfi9CIhe3UmNU/view,MUNICIPIO,MOSTRAR_MUNICIPIO,Altos,Atlatlahucan,,Altos,Atlatlahucan,,0,Promotor,Ma. Guadalupe Sigler Aguilar,,Lote por evento,/foto/FOTO-84127A085A,,10,SI,84127a085ad7f1f0afb0d1796722b9c6ebbe79ea6b9e9ce3fc50766b585426e1,184534,1,Entrega de proyectos,atlatlahucan-entrega-de-proyectos,,"Poligonos coordinados por Silvia Zavala2026. Altos Norte/Atlatlahucan, Ma. Guadalupe Sigler Aguilar/Entrega de proyectos/Inauguración del muro de contención de la primaria de San Miguel 1..jpeg"
FOTO-F6DD60B443,Inauguración del muro de contención de la primaria de San Miguel 2..jpeg,1c-PvogsRo1_L_F-aL_CfscJSKaeFDs9q,https://drive.google.com/file/d/1c-PvogsRo1_L_F-aL_CfscJSKaeFDs9q/view,MUNICIPIO,MOSTRAR_MUNICIPIO,Altos,Atlatlahucan,,Altos,Atlatlahucan,,0,Promotor,Ma. Guadalupe Sigler Aguilar,,Lote por evento,/foto/FOTO-F6DD60B443,,10,SI,f6dd60b44306df5e818361356948c2756811dea74a4b38f03b797cf02347abc3,156267,1,Entrega de proyectos,atlatlahucan-entrega-de-proyectos,,"Poligonos coordinados por Silvia Zavala2026. Altos Norte/Atlatlahucan, Ma. Guadalupe Sigler Aguilar/Entrega de proyectos/Inauguración del muro de contención de la primaria de San Miguel 2..jpeg"
FOTO-B8A708BD43,"Medicina Tradicional, San Miguel Tlaltetelco. 26 de enero de 2026.jpeg",1OvSmjbsFmbpRTOeyCifFmKaz_VaaMdPs,https://drive.google.com/file/d/1OvSmjbsFmbpRTOeyCifFmKaz_VaaMdPs/view,MUNICIPIO,MOSTRAR_MUNICIPIO,Altos,Atlatlahucan,,Altos,Atlatlahucan,,0,Promotor,Ma. Guadalupe Sigler Aguilar,,Lote por evento,/foto/FOTO-B8A708BD43,,10,SI,b8a708bd439a47a45fdb03eb8e8196bfb94cb7cdc6d1f9e03ce6a29d6f1fdb90,153638,1,Entrega de proyectos,atlatlahucan-entrega-de-proyectos,2026-01-26,"Poligonos coordinados por Silvia Zavala2026. Altos Norte/Atlatlahucan, Ma. Guadalupe Sigler Aguilar/Entrega de proyectos/Medicina Tradicional, San Miguel Tlaltetelco. 26 de enero de 2026.jpeg"
FOTO-250E51A33C,Tratamiento moxa para sacar el frío de las rodillas. San M. Tlaltetelco.jpeg,1YD_5PYh3tu6OIN9riesqVF64mrhywIau,https://drive.google.com/file/d/1YD_5PYh3tu6OIN9riesqVF64mrhywIau/view,MUNICIPIO,MOSTRAR_MUNICIPIO,Altos,Atlatlahucan,,Altos,Atlatlahucan,,0,Promotor,Ma. Guadalupe Sigler Aguilar,,Lote por evento,/foto/FOTO-250E51A33C,,10,SI,250e51a33cce87e195b97695f3c7dbac4cfee255200d8e4000a558d7d580bbab,140065,1,Entrega de proyectos,atlatlahucan-entrega-de-proyectos,,"Poligonos coordinados por Silvia Zavala2026. Altos Norte/Atlatlahucan, Ma. Guadalupe Sigler Aguilar/Entrega de proyectos/Tratamiento moxa para sacar el frío de las rodillas. San M. Tlaltetelco.jpeg"
FOTO-3A0373A0BE,WhatsApp Image 2026-01-21 at 10.50.24 AM (2).jpeg,1AvrFU9q-ZeofdPpW1ZIAxvsr1fCDDtf0,https://drive.google.com/file/d/1AvrFU9q-ZeofdPpW1ZIAxvsr1fCDDtf0/view,MUNICIPIO,MOSTRAR_MUNICIPIO,Altos,Atlatlahucan,,Altos,Atlatlahucan,,0,Promotor,Ma. Guadalupe Sigler Aguilar,,Lote por evento,/foto/FOTO-3A0373A0BE,,10,SI,3a0373a0beea8a2526792acb12bfeba1e0b0e7bfff96a4a307e285652c00b80e,210790,1,Entrega de proyectos,atlatlahucan-entrega-de-proyectos,2026-01-21,"Poligonos coordinados por Silvia Zavala2026. Altos Norte/Atlatlahucan, Ma. Guadalupe Sigler Aguilar/Entrega de proyectos/WhatsApp Image 2026-01-21 at 10.50.24 AM (2).jpeg"
FOTO-0FE3ADB1CC,WhatsApp Image 2026-01-21 at 10.50.24 AM (3).jpeg,14ZPjDKhFct8hdKmMAA5ny6mL0SnOY3vW,https://drive.google.com/file/d/14ZPjDKhFct8hdKmMAA5ny6mL0SnOY3vW/view,MUNICIPIO,MOSTRAR_MUNICIPIO,Altos,Atlatlahucan,,Altos,Atlatlahucan,,0,Promotor,Ma. Guadalupe Sigler Aguilar,,Lote por evento,/foto/FOTO-0FE3ADB1CC,,10,SI,0fe3adb1ccdc13aad7646f090318681e2c692af0b10abbfd5cc917d7be41c279,248343,1,Entrega de proyectos,atlatlahucan-entrega-de-proyectos,2026-01-21,"Poligonos coordinados por Silvia Zavala2026. Altos Norte/Atlatlahucan, Ma. Guadalupe Sigler Aguilar/Entrega de proyectos/WhatsApp Image 2026-01-21 at 10.50.24 AM (3).jpeg"
FOTO-AA83452C3A,Juegos de mesa en San Miguel 1.jpeg,1R-Q4if91cHQZWaHTw-5q3nghivAx9toR,https://drive.google.com/file/d/1R-Q4if91cHQZWaHTw-5q3nghivAx9toR/view,MUNICIPIO,MOSTRAR_MUNICIPIO,Altos,Atlatlahucan,,Altos,Atlatlahucan,,0,Promotor,Ma. Guadalupe Sigler Aguilar,,Lote por evento,/foto/FOTO-AA83452C3A,,10,SI,aa83452c3a26568af5642674cc910eb31ff82f395c745886894cd28da4e2f9eb,154191,1,Talleres,atlatlahucan-talleres,,"Poligonos coordinados por Silvia Zavala2026. Altos Norte/Atlatlahucan, Ma. Guadalupe Sigler Aguilar/Talleres/Juegos de mesa en San Miguel 1.jpeg"
FOTO-2FDDF5F572,Juegos de mesa en San Miguel 2.jpeg,1zWu_-jxcrwVSAB04_DUHXJFk3kfqTCtW,https://drive.google.com/file/d/1zWu_-jxcrwVSAB04_DUHXJFk3kfqTCtW/view,MUNICIPIO,MOSTRAR_MUNICIPIO,Altos,Atlatlahucan,,Altos,Atlatlahucan,,0,Promotor,Ma. Guadalupe Sigler Aguilar,,Lote por evento,/foto/FOTO-2FDDF5F572,,10,SI,2fddf5f572a965026c8fdc0cf41470b0249f718dbf55d8fa248299c620690b8b,146914,1,Talleres,atlatlahucan-talleres,,"Poligonos coordinados por Silvia Zavala2026. Altos Norte/Atlatlahucan, Ma. Guadalupe Sigler Aguilar/Talleres/Juegos de mesa en San Miguel 2.jpeg"
FOTO-CC11C15801,"Taller de artes  plásticas, 2 San Miguel Tlatetelco, Atlatlahucan 2026-08-26.jpeg",1yu8KvNYkkacWyHjqO8fUjCW5bVgSE9ly,https://drive.google.com/file/d/1yu8KvNYkkacWyHjqO8fUjCW5bVgSE9ly/view,MUNICIPIO,MOSTRAR_MUNICIPIO,Altos,Atlatlahucan,,Altos,Atlatlahucan,,0,Promotor,Ma. Guadalupe Sigler Aguilar,,Lote por evento,/foto/FOTO-CC11C15801,,10,SI,cc11c1580177381aca820b710fdfa27ce2bdee5f401d99da8962cdfb8ed12b86,115338,1,Talleres,atlatlahucan-talleres,2026-08-26,"Poligonos coordinados por Silvia Zavala2026. Altos Norte/Atlatlahucan, Ma. Guadalupe Sigler Aguilar/Talleres/Taller de artes  plásticas, 2 San Miguel Tlatetelco, Atlatlahucan 2026-08-26.jpeg"
FOTO-6AB4CFB1D0,"Taller de artes  plásticas, San Miguel Tlatetelco, Atlatlahucan 2026-08-26.jpeg",1Eje9ZPWYGcUrUZfU7Q1q9Q6HHpVb3enH,https://drive.google.com/file/d/1Eje9ZPWYGcUrUZfU7Q1q9Q6HHpVb3enH/view,MUNICIPIO,MOSTRAR_MUNICIPIO,Altos,Atlatlahucan,,Altos,Atlatlahucan,,0,Promotor,Ma. Guadalupe Sigler Aguilar,,Lote por evento,/foto/FOTO-6AB4CFB1D0,,10,SI,6ab4cfb1d0f70e6d8f28d59cbc38b815f425f7540577002a8c2de0a0f27fc67e,147161,1,Talleres,atlatlahucan-talleres,2026-08-26,"Poligonos coordinados por Silvia Zavala2026. Altos Norte/Atlatlahucan, Ma. Guadalupe Sigler Aguilar/Talleres/Taller de artes  plásticas, San Miguel Tlatetelco, Atlatlahucan 2026-08-26.jpeg"
FOTO-C204BF2D08,Taller de lectura y tareas en San Miguel Atlatlahucan 1.jpeg,1IPD1Pm5xXqyM2c41uo1hbQl95X5MoXNk,https://drive.google.com/file/d/1IPD1Pm5xXqyM2c41uo1hbQl95X5MoXNk/view,MUNICIPIO,MOSTRAR_MUNICIPIO,Altos,Atlatlahucan,,Altos,Atlatlahucan,,0,Promotor,Ma. Guadalupe Sigler Aguilar,,Lote por evento,/foto/FOTO-C204BF2D08,,10,SI,c204bf2d082b999fc689c29b4a580f28a958f60b255c23cce26fd72c00fd0b98,186199,1,Talleres,atlatlahucan-talleres,,"Poligonos coordinados por Silvia Zavala2026. Altos Norte/Atlatlahucan, Ma. Guadalupe Sigler Aguilar/Talleres/Taller de lectura y tareas en San Miguel Atlatlahucan 1.jpeg"
FOTO-B600DA83A5,Taller de lectura y tareas en San Miguel Atlatlahucan 2.jpeg,18RZhHYkrPgEXtuJUoWXusTdsJ5We3ZpI,https://drive.google.com/file/d/18RZhHYkrPgEXtuJUoWXusTdsJ5We3ZpI/view,MUNICIPIO,MOSTRAR_MUNICIPIO,Altos,Atlatlahucan,,Altos,Atlatlahucan,,0,Promotor,Ma. Guadalupe Sigler Aguilar,,Lote por evento,/foto/FOTO-B600DA83A5,,10,SI,b600da83a5bfe575a84c55d3acc5744e00969035be46eec5d59c16223cf4de73,112631,1,Talleres,atlatlahucan-talleres,,"Poligonos coordinados por Silvia Zavala2026. Altos Norte/Atlatlahucan, Ma. Guadalupe Sigler Aguilar/Talleres/Taller de lectura y tareas en San Miguel Atlatlahucan 2.jpeg"
FOTO-D94EBA6D6C,Taller de Música y Juegos de Mesa de Tlaltetengo 1.jpeg,1PZeOkAi4m5jkmqQ3su_HsQuUfdNre2rP,https://drive.google.com/file/d/1PZeOkAi4m5jkmqQ3su_HsQuUfdNre2rP/view,MUNICIPIO,MOSTRAR_MUNICIPIO,Altos,Atlatlahucan,,Altos,Atlatlahucan,,0,Promotor,Ma. Guadalupe Sigler Aguilar,,Lote por evento,/foto/FOTO-D94EBA6D6C,,10,SI,d94eba6d6ca5ff0bd0848291e39374704d0b00a3d802b63e227808744a8e26a6,177995,1,Talleres,atlatlahucan-talleres,,"Poligonos coordinados por Silvia Zavala2026. Altos Norte/Atlatlahucan, Ma. Guadalupe Sigler Aguilar/Talleres/Taller de Música y Juegos de Mesa de Tlaltetengo 1.jpeg"
FOTO-1AE3B909F4,Taller de Música y Juegos de Mesa de Tlaltetengo 2.jpeg,1djJ_P8xJKbmeEOk5M6lY9VSCOTQbixMV,https://drive.google.com/file/d/1djJ_P8xJKbmeEOk5M6lY9VSCOTQbixMV/view,MUNICIPIO,MOSTRAR_MUNICIPIO,Altos,Atlatlahucan,,Altos,Atlatlahucan,,0,Promotor,Ma. Guadalupe Sigler Aguilar,,Lote por evento,/foto/FOTO-1AE3B909F4,,10,SI,1ae3b909f4e69ed8ec3734508d226d4970eb6cebccf133e577a398ffd79448ba,210412,1,Talleres,atlatlahucan-talleres,,"Poligonos coordinados por Silvia Zavala2026. Altos Norte/Atlatlahucan, Ma. Guadalupe Sigler Aguilar/Talleres/Taller de Música y Juegos de Mesa de Tlaltetengo 2.jpeg"
FOTO-97FC8FAA29,WhatsApp Image 2026-02-11 at 8.44.40 PM (2).jpeg,1sc4MGALrvl3-xVG7jEu2PTfDK7vYyJRX,https://drive.google.com/file/d/1sc4MGALrvl3-xVG7jEu2PTfDK7vYyJRX/view,MUNICIPIO,MOSTRAR_MUNICIPIO,Altos,Atlatlahucan,,Altos,Atlatlahucan,,0,Promotor,Ma. Guadalupe Sigler Aguilar,,Lote por evento,/foto/FOTO-97FC8FAA29,,10,SI,97fc8faa297558b9380682c517df33815bd87f13853f0ce37ab8d7d748bc761f,139032,1,Talleres,atlatlahucan-talleres,2026-02-11,"Poligonos coordinados por Silvia Zavala2026. Altos Norte/Atlatlahucan, Ma. Guadalupe Sigler Aguilar/Talleres/WhatsApp Image 2026-02-11 at 8.44.40 PM (2).jpeg"
FOTO-48C6D5B4B7,"Elección de Consej. Com. De Matlagotlan, Hueyapan..jpeg",1gfRbhqU9EJXcjxaHDgT8-EWbno03JcNl,https://drive.google.com/file/d/1gfRbhqU9EJXcjxaHDgT8-EWbno03JcNl/view,MUNICIPIO,MOSTRAR_MUNICIPIO,Altos,Hueyapan,,Altos,Hueyapan,,0,Promotor,Miguel Ángel Maya Alonso,,Lote por evento,/foto/FOTO-48C6D5B4B7,,10,SI,48c6d5b4b7f8eceb2e6c71c67e3dcb9f7eecd655f89a4e9e0b3c3392155278b5,256697,1,Consejo Comunitario,hueyapan-consejo-comunitario,,"Poligonos coordinados por Silvia Zavala2026. Altos Norte/Hueyapan, Miguel Ángel Maya Alonso/Consejo Comunitario/Elección de Consej. Com. De Matlagotlan, Hueyapan..jpeg"
FOTO-EDDF764DFC,"Elección de Consejo Comunitario de Matlagotlan, Hueyapan..jpeg",1N5VRdTtE0deIrboahrH623WvNsybFytn,https://drive.google.com/file/d/1N5VRdTtE0deIrboahrH623WvNsybFytn/view,MUNICIPIO,MOSTRAR_MUNICIPIO,Altos,Hueyapan,,Altos,Hueyapan,,0,Promotor,Miguel Ángel Maya Alonso,,Lote por evento,/foto/FOTO-EDDF764DFC,,10,SI,eddf764dfc2311d0c68fc3a5f7d5415119735d7f2f96a6970ffa8a09e7a2a18c,183822,1,Consejo Comunitario,hueyapan-consejo-comunitario,,"Poligonos coordinados por Silvia Zavala2026. Altos Norte/Hueyapan, Miguel Ángel Maya Alonso/Consejo Comunitario/Elección de Consejo Comunitario de Matlagotlan, Hueyapan..jpeg"
FOTO-35371C6F51,Elección de Consejo Comunitario de San Miguel Hueyapan 2.jpeg,12vzlOv7T3kQDvGr1cB5fRVGzR7r6237K,https://drive.google.com/file/d/12vzlOv7T3kQDvGr1cB5fRVGzR7r6237K/view,MUNICIPIO,MOSTRAR_MUNICIPIO,Altos,Hueyapan,,Altos,Hueyapan,,0,Promotor,Miguel Ángel Maya Alonso,,Lote por evento,/foto/FOTO-35371C6F51,,10,SI,35371c6f5172f283dd799bc261e10341fc1e9cd6b6e59926ca60b074e34d48bb,166927,1,Consejo Comunitario,hueyapan-consejo-comunitario,,"Poligonos coordinados por Silvia Zavala2026. Altos Norte/Hueyapan, Miguel Ángel Maya Alonso/Consejo Comunitario/Elección de Consejo Comunitario de San Miguel Hueyapan 2.jpeg"
FOTO-4F74479458,Elección de Consejo Comunitario de San Miguel Hueyapan 3.jpeg,1XQHzC5c2X8_c2cq7tFiDyBFLySP4vAcd,https://drive.google.com/file/d/1XQHzC5c2X8_c2cq7tFiDyBFLySP4vAcd/view,MUNICIPIO,MOSTRAR_MUNICIPIO,Altos,Hueyapan,,Altos,Hueyapan,,0,Promotor,Miguel Ángel Maya Alonso,,Lote por evento,/foto/FOTO-4F74479458,,10,SI,4f74479458c8bd17a66f2fe7ba712b68b015322e95578a9dd6d01bfe85ed57e9,161261,1,Consejo Comunitario,hueyapan-consejo-comunitario,,"Poligonos coordinados por Silvia Zavala2026. Altos Norte/Hueyapan, Miguel Ángel Maya Alonso/Consejo Comunitario/Elección de Consejo Comunitario de San Miguel Hueyapan 3.jpeg"
FOTO-E5C5DFAE29,Elección de Consejo Comunitario de San Miguel Hueyapan.jpeg,1EYesBTqXfPk0ZV965YDpIjyAJ4u4PaTD,https://drive.google.com/file/d/1EYesBTqXfPk0ZV965YDpIjyAJ4u4PaTD/view,MUNICIPIO,MOSTRAR_MUNICIPIO,Altos,Hueyapan,,Altos,Hueyapan,,0,Promotor,Miguel Ángel Maya Alonso,,Lote por evento,/foto/FOTO-E5C5DFAE29,,10,SI,e5c5dfae29a971705ba11430c1add0046272899612ff02a003801f8b1c7a2295,171101,1,Consejo Comunitario,hueyapan-consejo-comunitario,,"Poligonos coordinados por Silvia Zavala2026. Altos Norte/Hueyapan, Miguel Ángel Maya Alonso/Consejo Comunitario/Elección de Consejo Comunitario de San Miguel Hueyapan.jpeg"
FOTO-50C359CEC6,"Elección de consejo de la comunidad de Matlagotlan, Hueyapan..jpeg",17PZF2wjXgstr1yjtrp1kAZ8hy2wEkUc5,https://drive.google.com/file/d/17PZF2wjXgstr1yjtrp1kAZ8hy2wEkUc5/view,MUNICIPIO,MOSTRAR_MUNICIPIO,Altos,Hueyapan,,Altos,Hueyapan,,0,Promotor,Miguel Ángel Maya Alonso,,Lote por evento,/foto/FOTO-50C359CEC6,,10,SI,50c359cec66f64c9afdfa23508a52cab1a372cc0026038c86ed3501315ec14a7,269030,1,Consejo Comunitario,hueyapan-consejo-comunitario,,"Poligonos coordinados por Silvia Zavala2026. Altos Norte/Hueyapan, Miguel Ángel Maya Alonso/Consejo Comunitario/Elección de consejo de la comunidad de Matlagotlan, Hueyapan..jpeg"
FOTO-C9A89BF82B,Elección de Consejo de San Miguel Hueyapan 2.jpeg,1lPfirpwvZ8uS-JxiR1Miql4NvLl1vpE1,https://drive.google.com/file/d/1lPfirpwvZ8uS-JxiR1Miql4NvLl1vpE1/view,MUNICIPIO,MOSTRAR_MUNICIPIO,Altos,Hueyapan,,Altos,Hueyapan,,0,Promotor,Miguel Ángel Maya Alonso,,Lote por evento,/foto/FOTO-C9A89BF82B,,10,SI,c9a89bf82beba45cbebfb207568655b66028c8a64ed27c11fc8852e49baf3f14,213670,1,Consejo Comunitario,hueyapan-consejo-comunitario,,"Poligonos coordinados por Silvia Zavala2026. Altos Norte/Hueyapan, Miguel Ángel Maya Alonso/Consejo Comunitario/Elección de Consejo de San Miguel Hueyapan 2.jpeg"
FOTO-4CC0594F0E,Elección de Consejo de San Miguel Hueyapan 3.jpeg,1Jg4X2GpYgI74QgtsBPtzi54zXESWHEX7,https://drive.google.com/file/d/1Jg4X2GpYgI74QgtsBPtzi54zXESWHEX7/view,MUNICIPIO,MOSTRAR_MUNICIPIO,Altos,Hueyapan,,Altos,Hueyapan,,0,Promotor,Miguel Ángel Maya Alonso,,Lote por evento,/foto/FOTO-4CC0594F0E,,10,SI,4cc0594f0eb671bb4c4bd83a0908b325338be59c6d3049d312f08c608611cb1d,224032,1,Consejo Comunitario,hueyapan-consejo-comunitario,,"Poligonos coordinados por Silvia Zavala2026. Altos Norte/Hueyapan, Miguel Ángel Maya Alonso/Consejo Comunitario/Elección de Consejo de San Miguel Hueyapan 3.jpeg"
FOTO-644FD5B5E7,Elección de Consejo de San Miguel Hueyapan.jpeg,1NCZLUMpTEPyieLFlyJtwkHmD4phgK8rU,https://drive.google.com/file/d/1NCZLUMpTEPyieLFlyJtwkHmD4phgK8rU/view,MUNICIPIO,MOSTRAR_MUNICIPIO,Altos,Hueyapan,,Altos,Hueyapan,,0,Promotor,Miguel Ángel Maya Alonso,,Lote por evento,/foto/FOTO-644FD5B5E7,,10,SI,644fd5b5e73ee0d3beb9263c09668a9f5291f9c46bbbd9995d3a5fdb989c1bd9,177334,1,Consejo Comunitario,hueyapan-consejo-comunitario,,"Poligonos coordinados por Silvia Zavala2026. Altos Norte/Hueyapan, Miguel Ángel Maya Alonso/Consejo Comunitario/Elección de Consejo de San Miguel Hueyapan.jpeg"
FOTO-BF0304974A,"Elección del Consejo Comunitario de Amialtenco, Hueyapan 1.jpeg",1x-DSAGihzdiNJjAs_RFKq0OUiriF0uV_,https://drive.google.com/file/d/1x-DSAGihzdiNJjAs_RFKq0OUiriF0uV_/view,MUNICIPIO,MOSTRAR_MUNICIPIO,Altos,Hueyapan,,Altos,Hueyapan,,0,Promotor,Miguel Ángel Maya Alonso,,Lote por evento,/foto/FOTO-BF0304974A,,10,SI,bf0304974ad10a7d986a70b9a972595cb22abe58edc086b76d8e9eae90b732c1,340741,1,Consejo Comunitario,hueyapan-consejo-comunitario,,"Poligonos coordinados por Silvia Zavala2026. Altos Norte/Hueyapan, Miguel Ángel Maya Alonso/Consejo Comunitario/Elección del Consejo Comunitario de Amialtenco, Hueyapan 1.jpeg"
FOTO-14762B9480,"Elección del Consejo Comunitario de Amialtenco, Hueyapan 2.jpeg",1RjhmXUzau0rFWh6vfZ96qchUDmlOUEbf,https://drive.google.com/file/d/1RjhmXUzau0rFWh6vfZ96qchUDmlOUEbf/view,MUNICIPIO,MOSTRAR_MUNICIPIO,Altos,Hueyapan,,Altos,Hueyapan,,0,Promotor,Miguel Ángel Maya Alonso,,Lote por evento,/foto/FOTO-14762B9480,,10,SI,14762b94806da66f1ed696d4f9681834918954e2836b6e1db8b4afa1be8ef3fc,344308,1,Consejo Comunitario,hueyapan-consejo-comunitario,,"Poligonos coordinados por Silvia Zavala2026. Altos Norte/Hueyapan, Miguel Ángel Maya Alonso/Consejo Comunitario/Elección del Consejo Comunitario de Amialtenco, Hueyapan 2.jpeg"
FOTO-E59C44BAFC,"Elección del Consejo Comunitario de Amialtenco, Hueyapan 3.jpeg",1hsrRzJsLyg87tw5xADDz72BPlT4OAngt,https://drive.google.com/file/d/1hsrRzJsLyg87tw5xADDz72BPlT4OAngt/view,MUNICIPIO,MOSTRAR_MUNICIPIO,Altos,Hueyapan,,Altos,Hueyapan,,0,Promotor,Miguel Ángel Maya Alonso,,Lote por evento,/foto/FOTO-E59C44BAFC,,10,SI,e59c44bafc89d1382c0f0e6436dbbc55c84ec3aab39228d26368f9fb5244457c,341745,1,Consejo Comunitario,hueyapan-consejo-comunitario,,"Poligonos coordinados por Silvia Zavala2026. Altos Norte/Hueyapan, Miguel Ángel Maya Alonso/Consejo Comunitario/Elección del Consejo Comunitario de Amialtenco, Hueyapan 3.jpeg"
FOTO-5C45AC8950,"Elección del Consejo Comunitario de Amialtenco, Hueyapan 4.jpeg",1ySDEbIrotmWDMSyUAstGX9buyKensjoe,https://drive.google.com/file/d/1ySDEbIrotmWDMSyUAstGX9buyKensjoe/view,MUNICIPIO,MOSTRAR_MUNICIPIO,Altos,Hueyapan,,Altos,Hueyapan,,0,Promotor,Miguel Ángel Maya Alonso,,Lote por evento,/foto/FOTO-5C45AC8950,,10,SI,5c45ac89509302e88ec2061f5c3e7a5068497cbc97ba78ebe7a620350f5d981b,343006,1,Consejo Comunitario,hueyapan-consejo-comunitario,,"Poligonos coordinados por Silvia Zavala2026. Altos Norte/Hueyapan, Miguel Ángel Maya Alonso/Consejo Comunitario/Elección del Consejo Comunitario de Amialtenco, Hueyapan 4.jpeg"
FOTO-54F8B56DD2,"Elección del Consejo de la Comunidad de Matlagotlan, Hueyapan 3.jpeg",1YUhQqo65qOjHJGg0bLxVGCT3_Iivt4zx,https://drive.google.com/file/d/1YUhQqo65qOjHJGg0bLxVGCT3_Iivt4zx/view,MUNICIPIO,MOSTRAR_MUNICIPIO,Altos,Hueyapan,,Altos,Hueyapan,,0,Promotor,Miguel Ángel Maya Alonso,,Lote por evento,/foto/FOTO-54F8B56DD2,,10,SI,54f8b56dd2f60431fdf4884222d4ce16574e8c0b8d8981fec08063c2de0eca08,262215,1,Consejo Comunitario,hueyapan-consejo-comunitario,,"Poligonos coordinados por Silvia Zavala2026. Altos Norte/Hueyapan, Miguel Ángel Maya Alonso/Consejo Comunitario/Elección del Consejo de la Comunidad de Matlagotlan, Hueyapan 3.jpeg"
FOTO-2D71817D46,Toma de protesta del consejo comunitario de  San Miguel Hueyapan 2.jpeg,1mVDkU-c8HKT2DYghHRk9J0J7I7n_XC0Y,https://drive.google.com/file/d/1mVDkU-c8HKT2DYghHRk9J0J7I7n_XC0Y/view,MUNICIPIO,MOSTRAR_MUNICIPIO,Altos,Hueyapan,,Altos,Hueyapan,,0,Promotor,Miguel Ángel Maya Alonso,,Lote por evento,/foto/FOTO-2D71817D46,,10,SI,2d71817d460bd4f5f5703b79d0d64f9e361e45e407d99846b8425a4d878aa7ed,160947,1,Consejo Comunitario,hueyapan-consejo-comunitario,,"Poligonos coordinados por Silvia Zavala2026. Altos Norte/Hueyapan, Miguel Ángel Maya Alonso/Consejo Comunitario/Toma de protesta del consejo comunitario de  San Miguel Hueyapan 2.jpeg"
FOTO-26C6A5324F,Toma de protesta del Consejo Comuntiario de San Miguel Hueyapan.jpeg,1QWAsic2pA9mDkLiuzD5ivyPPv18hiaGP,https://drive.google.com/file/d/1QWAsic2pA9mDkLiuzD5ivyPPv18hiaGP/view,MUNICIPIO,MOSTRAR_MUNICIPIO,Altos,Hueyapan,,Altos,Hueyapan,,0,Promotor,Miguel Ángel Maya Alonso,,Lote por evento,/foto/FOTO-26C6A5324F,,10,SI,26c6a5324f7d718a5e4bcda877da4b453e05da35a6f4432aeeb4c70b5df016ed,169359,1,Consejo Comunitario,hueyapan-consejo-comunitario,,"Poligonos coordinados por Silvia Zavala2026. Altos Norte/Hueyapan, Miguel Ángel Maya Alonso/Consejo Comunitario/Toma de protesta del Consejo Comuntiario de San Miguel Hueyapan.jpeg"
FOTO-5BA5324F4D,Entrega de Jitomate en Hueyapan 1. 26032026.jpeg,1IfksG4LLtheQXN8yKfy3U44_80Y_ED0w,https://drive.google.com/file/d/1IfksG4LLtheQXN8yKfy3U44_80Y_ED0w/view,MUNICIPIO,MOSTRAR_MUNICIPIO,Altos,Hueyapan,,Altos,Hueyapan,,0,Promotor,Miguel Ángel Maya Alonso,,Lote por evento,/foto/FOTO-5BA5324F4D,,10,SI,5ba5324f4d6c3d81a3e0a8eed2b545c56ee9a1ddc1a577bd1cc880e4bc1c725c,224836,1,Entrega de hortalizas. Hueyapan,hueyapan-entrega-de-hortalizas-hueyapan,2026-03-26,"Poligonos coordinados por Silvia Zavala2026. Altos Norte/Hueyapan, Miguel Ángel Maya Alonso/Entrega de hortalizas. Hueyapan/Entrega de Jitomate en Hueyapan 1. 26032026.jpeg"
FOTO-EFE76065FF,Entrega de Jitomate y nopal en Hueyapan 1. 26032026.jpeg,1YhZIbbTowjwXhjCiHz9VrEEdFZ9n-bQu,https://drive.google.com/file/d/1YhZIbbTowjwXhjCiHz9VrEEdFZ9n-bQu/view,MUNICIPIO,MOSTRAR_MUNICIPIO,Altos,Hueyapan,,Altos,Hueyapan,,0,Promotor,Miguel Ángel Maya Alonso,,Lote por evento,/foto/FOTO-EFE76065FF,,10,SI,efe76065ffbd341c5dd126cfcc2c116c84fc831a450d88aa31ac0c12bea22de9,231885,1,Entrega de hortalizas. Hueyapan,hueyapan-entrega-de-hortalizas-hueyapan,2026-03-26,"Poligonos coordinados por Silvia Zavala2026. Altos Norte/Hueyapan, Miguel Ángel Maya Alonso/Entrega de hortalizas. Hueyapan/Entrega de Jitomate y nopal en Hueyapan 1. 26032026.jpeg"
FOTO-1A51C67435,Entrega de Jitomate y nopal en Hueyapan 2. 26032026.jpeg,1vxfFSr2VVkKeM0x_IDyeHs_rIF_XwkMl,https://drive.google.com/file/d/1vxfFSr2VVkKeM0x_IDyeHs_rIF_XwkMl/view,MUNICIPIO,MOSTRAR_MUNICIPIO,Altos,Hueyapan,,Altos,Hueyapan,,0,Promotor,Miguel Ángel Maya Alonso,,Lote por evento,/foto/FOTO-1A51C67435,,10,SI,1a51c67435a6a7afb9d78f868f6cb0b6005eb209fd23137d18cdced56c4ab131,237275,1,Entrega de hortalizas. Hueyapan,hueyapan-entrega-de-hortalizas-hueyapan,2026-03-26,"Poligonos coordinados por Silvia Zavala2026. Altos Norte/Hueyapan, Miguel Ángel Maya Alonso/Entrega de hortalizas. Hueyapan/Entrega de Jitomate y nopal en Hueyapan 2. 26032026.jpeg"
FOTO-FD14C58E92,Entrega de Jitomate y nopal en Hueyapan 3. 26032026.jpeg,14GLY3mwWxNn1s-xQiWlvavdqXcRQEhQ1,https://drive.google.com/file/d/14GLY3mwWxNn1s-xQiWlvavdqXcRQEhQ1/view,MUNICIPIO,MOSTRAR_MUNICIPIO,Altos,Hueyapan,,Altos,Hueyapan,,0,Promotor,Miguel Ángel Maya Alonso,,Lote por evento,/foto/FOTO-FD14C58E92,,10,SI,fd14c58e92acdfdfdda6ea15405606c7fe9e349a8dfe17deda3f3c154f977938,200482,1,Entrega de hortalizas. Hueyapan,hueyapan-entrega-de-hortalizas-hueyapan,2026-03-26,"Poligonos coordinados por Silvia Zavala2026. Altos Norte/Hueyapan, Miguel Ángel Maya Alonso/Entrega de hortalizas. Hueyapan/Entrega de Jitomate y nopal en Hueyapan 3. 26032026.jpeg"
FOTO-0E4E210C67,Entrega de Jitomate y nopal en Hueyapan 4. 26032026.jpeg,18EUIXjW-oWKehv3kA56QitiTofHou0Ap,https://drive.google.com/file/d/18EUIXjW-oWKehv3kA56QitiTofHou0Ap/view,MUNICIPIO,MOSTRAR_MUNICIPIO,Altos,Hueyapan,,Altos,Hueyapan,,0,Promotor,Miguel Ángel Maya Alonso,,Lote por evento,/foto/FOTO-0E4E210C67,,10,SI,0e4e210c67fdcb6b2e647dcd117ac6c563a767737ff1badcbb3fcd1c19b1435e,197841,1,Entrega de hortalizas. Hueyapan,hueyapan-entrega-de-hortalizas-hueyapan,2026-03-26,"Poligonos coordinados por Silvia Zavala2026. Altos Norte/Hueyapan, Miguel Ángel Maya Alonso/Entrega de hortalizas. Hueyapan/Entrega de Jitomate y nopal en Hueyapan 4. 26032026.jpeg"
FOTO-2A2CF1B7D3,"Entrega de verdura en Matlagotla, Hueyapan  2026-09-17 (1).jpeg",150oU1KwgRnJL2bwbcwmo_fVDuG-7ga0f,https://drive.google.com/file/d/150oU1KwgRnJL2bwbcwmo_fVDuG-7ga0f/view,MUNICIPIO,MOSTRAR_MUNICIPIO,Altos,Hueyapan,,Altos,Hueyapan,,0,Promotor,Miguel Ángel Maya Alonso,,Lote por evento,/foto/FOTO-2A2CF1B7D3,,10,SI,2a2cf1b7d35dbed5e167f9a557ef50f550be8d6ff8bb2f57556cbb18a1159469,176018,1,Entrega de hortalizas. Hueyapan,hueyapan-entrega-de-hortalizas-hueyapan,2026-09-17,"Poligonos coordinados por Silvia Zavala2026. Altos Norte/Hueyapan, Miguel Ángel Maya Alonso/Entrega de hortalizas. Hueyapan/Entrega de verdura en Matlagotla, Hueyapan  2026-09-17 (1).jpeg"
FOTO-1AE713620E,"Entrega de verdura en Matlagotla, Hueyapan  2026-09-17 (2).jpeg",1b3wp4R378M0fFbVQmH0cAsf9aFS5cDvt,https://drive.google.com/file/d/1b3wp4R378M0fFbVQmH0cAsf9aFS5cDvt/view,MUNICIPIO,MOSTRAR_MUNICIPIO,Altos,Hueyapan,,Altos,Hueyapan,,0,Promotor,Miguel Ángel Maya Alonso,,Lote por evento,/foto/FOTO-1AE713620E,,10,SI,1ae713620e58d7027aa94aaeb600ee8a1e85cf8bc45bd6c3580ad8e0ed30dfc7,277185,1,Entrega de hortalizas. Hueyapan,hueyapan-entrega-de-hortalizas-hueyapan,2026-09-17,"Poligonos coordinados por Silvia Zavala2026. Altos Norte/Hueyapan, Miguel Ángel Maya Alonso/Entrega de hortalizas. Hueyapan/Entrega de verdura en Matlagotla, Hueyapan  2026-09-17 (2).jpeg"
FOTO-E9EB5BA88D,"Entrega de verdura en San Miguel, Hueyapan 2026-09-17 (1).jpeg",1IqsR8jY-X7Z44Mw1y4LLYyHVAqMLonbZ,https://drive.google.com/file/d/1IqsR8jY-X7Z44Mw1y4LLYyHVAqMLonbZ/view,MUNICIPIO,MOSTRAR_MUNICIPIO,Altos,Hueyapan,,Altos,Hueyapan,,0,Promotor,Miguel Ángel Maya Alonso,,Lote por evento,/foto/FOTO-E9EB5BA88D,,10,SI,e9eb5ba88d537e520ce8abbfc5ed2c5aa1adca5ffaa5c8bf432353bd3d127b76,200925,1,Entrega de hortalizas. Hueyapan,hueyapan-entrega-de-hortalizas-hueyapan,2026-09-17,"Poligonos coordinados por Silvia Zavala2026. Altos Norte/Hueyapan, Miguel Ángel Maya Alonso/Entrega de hortalizas. Hueyapan/Entrega de verdura en San Miguel, Hueyapan 2026-09-17 (1).jpeg"
FOTO-885D1A7BF5,"Entrega de verdura en San Miguel, Hueyapan 2026-09-17 (2).jpeg",1UkXYTfJHv4lYtA8wnLN9CyHHV40aBNLk,https://drive.google.com/file/d/1UkXYTfJHv4lYtA8wnLN9CyHHV40aBNLk/view,MUNICIPIO,MOSTRAR_MUNICIPIO,Altos,Hueyapan,,Altos,Hueyapan,,0,Promotor,Miguel Ángel Maya Alonso,,Lote por evento,/foto/FOTO-885D1A7BF5,,10,SI,885d1a7bf53b702487af6badf3fa7013bb1aec29f16dfabcf0807711e502ba46,232512,1,Entrega de hortalizas. Hueyapan,hueyapan-entrega-de-hortalizas-hueyapan,2026-09-17,"Poligonos coordinados por Silvia Zavala2026. Altos Norte/Hueyapan, Miguel Ángel Maya Alonso/Entrega de hortalizas. Hueyapan/Entrega de verdura en San Miguel, Hueyapan 2026-09-17 (2).jpeg"
FOTO-ABD8130AE9,"Entrega de verdura en San Miguel, Hueyapan 2026-09-17 (3).jpeg",1Mh2fJGy0SZDnc1gYH2HUrk2YJSxn_D69,https://drive.google.com/file/d/1Mh2fJGy0SZDnc1gYH2HUrk2YJSxn_D69/view,MUNICIPIO,MOSTRAR_MUNICIPIO,Altos,Hueyapan,,Altos,Hueyapan,,0,Promotor,Miguel Ángel Maya Alonso,,Lote por evento,/foto/FOTO-ABD8130AE9,,10,SI,abd8130ae9c5b8e043354db858dcede26fe73c5d9d37f017a454a597973b7929,302860,1,Entrega de hortalizas. Hueyapan,hueyapan-entrega-de-hortalizas-hueyapan,2026-09-17,"Poligonos coordinados por Silvia Zavala2026. Altos Norte/Hueyapan, Miguel Ángel Maya Alonso/Entrega de hortalizas. Hueyapan/Entrega de verdura en San Miguel, Hueyapan 2026-09-17 (3).jpeg"
FOTO-27E1D370B5,"Entrega de verdura en San Miguel, Hueyapan 2026-09-17.jpeg",1SUeXRGNLVNI_2vHH3xL51eNJEdtOf4i5,https://drive.google.com/file/d/1SUeXRGNLVNI_2vHH3xL51eNJEdtOf4i5/view,MUNICIPIO,MOSTRAR_MUNICIPIO,Altos,Hueyapan,,Altos,Hueyapan,,0,Promotor,Miguel Ángel Maya Alonso,,Lote por evento,/foto/FOTO-27E1D370B5,,10,SI,27e1d370b5f2d3ad76b13a0fc3e36f0cbce2b992ed7db19d5d91f0848f4d0d7a,185039,1,Entrega de hortalizas. Hueyapan,hueyapan-entrega-de-hortalizas-hueyapan,2026-09-17,"Poligonos coordinados por Silvia Zavala2026. Altos Norte/Hueyapan, Miguel Ángel Maya Alonso/Entrega de hortalizas. Hueyapan/Entrega de verdura en San Miguel, Hueyapan 2026-09-17.jpeg"
FOTO-3C5E3D3D0B,Entrega de juguetes a las comunidades de alta marginación de TPBV 1.jpeg,1mzvXdoAPaWwYyohOxzJAO4fOorn6QTqB,https://drive.google.com/file/d/1mzvXdoAPaWwYyohOxzJAO4fOorn6QTqB/view,MUNICIPIO,MOSTRAR_MUNICIPIO,Altos,Hueyapan,,Altos,Hueyapan,,0,Promotor,Miguel Ángel Maya Alonso,,Lote por evento,/foto/FOTO-3C5E3D3D0B,,10,SI,3c5e3d3d0baef016244f4a9be6adfc2093beec44c8f0265a5a360e102d3b121f,212900,1,Entrega de Juguetes,hueyapan-entrega-de-juguetes,,"Poligonos coordinados por Silvia Zavala2026. Altos Norte/Hueyapan, Miguel Ángel Maya Alonso/Entrega de Juguetes/Entrega de juguetes a las comunidades de alta marginación de TPBV 1.jpeg"
FOTO-ABB6A3F387,Entrega de juguetes a las comunidades de alta marginación de TPBV 2.jpeg,1w0Q3EW3KxVZmNr20ezRFyXwdLFKks7eg,https://drive.google.com/file/d/1w0Q3EW3KxVZmNr20ezRFyXwdLFKks7eg/view,MUNICIPIO,MOSTRAR_MUNICIPIO,Altos,Hueyapan,,Altos,Hueyapan,,0,Promotor,Miguel Ángel Maya Alonso,,Lote por evento,/foto/FOTO-ABB6A3F387,,10,SI,abb6a3f387fbf1b8f002575bd38d81776bc88909c1f2b7bb956b8a821f3828fa,194464,1,Entrega de Juguetes,hueyapan-entrega-de-juguetes,,"Poligonos coordinados por Silvia Zavala2026. Altos Norte/Hueyapan, Miguel Ángel Maya Alonso/Entrega de Juguetes/Entrega de juguetes a las comunidades de alta marginación de TPBV 2.jpeg"
FOTO-051EB41DEF,Entrega de juguetes a las comunidades de alta marginación de TPBV 3.jpeg,1LsKa-G3daluHx-JYUHomvibyuKeWigKW,https://drive.google.com/file/d/1LsKa-G3daluHx-JYUHomvibyuKeWigKW/view,MUNICIPIO,MOSTRAR_MUNICIPIO,Altos,Hueyapan,,Altos,Hueyapan,,0,Promotor,Miguel Ángel Maya Alonso,,Lote por evento,/foto/FOTO-051EB41DEF,,10,SI,051eb41def98087afb0358bc71ddec67743aaef80efee86aa92aa1a481a09441,257922,1,Entrega de Juguetes,hueyapan-entrega-de-juguetes,,"Poligonos coordinados por Silvia Zavala2026. Altos Norte/Hueyapan, Miguel Ángel Maya Alonso/Entrega de Juguetes/Entrega de juguetes a las comunidades de alta marginación de TPBV 3.jpeg"
FOTO-E5D0C1AC52,Entrega de juguetes a las comunidades de alta marginación de TPBV 4.jpeg,1NTiwss66LfOCl_2anx2LoQYqKLgJ66pJ,https://drive.google.com/file/d/1NTiwss66LfOCl_2anx2LoQYqKLgJ66pJ/view,MUNICIPIO,MOSTRAR_MUNICIPIO,Altos,Hueyapan,,Altos,Hueyapan,,0,Promotor,Miguel Ángel Maya Alonso,,Lote por evento,/foto/FOTO-E5D0C1AC52,,10,SI,e5d0c1ac52d41e3fc1cf37b7f4c09298bf3ce93163d8f19ba89587cd8302b859,233672,1,Entrega de Juguetes,hueyapan-entrega-de-juguetes,,"Poligonos coordinados por Silvia Zavala2026. Altos Norte/Hueyapan, Miguel Ángel Maya Alonso/Entrega de Juguetes/Entrega de juguetes a las comunidades de alta marginación de TPBV 4.jpeg"
FOTO-075E7678C1,Entrega de juguetes a las comunidades de alta marginación de TPBV 5.jpeg,1XDdT4s-BK0YGwL--Y4QVwaFh6fwKQ2zd,https://drive.google.com/file/d/1XDdT4s-BK0YGwL--Y4QVwaFh6fwKQ2zd/view,MUNICIPIO,MOSTRAR_MUNICIPIO,Altos,Hueyapan,,Altos,Hueyapan,,0,Promotor,Miguel Ángel Maya Alonso,,Lote por evento,/foto/FOTO-075E7678C1,,10,SI,075e7678c1ae0862e5317ed03ca3842d40e4b1263acf1df88e3c7fab18b89bd4,180496,1,Entrega de Juguetes,hueyapan-entrega-de-juguetes,,"Poligonos coordinados por Silvia Zavala2026. Altos Norte/Hueyapan, Miguel Ángel Maya Alonso/Entrega de Juguetes/Entrega de juguetes a las comunidades de alta marginación de TPBV 5.jpeg"
FOTO-2C11F89B37,Entrega de juguetes a las comunidades de alta marginación de TPBV 6.jpeg,1HphrQnIAQQAozHRaqqNYKeGgdDVGtduR,https://drive.google.com/file/d/1HphrQnIAQQAozHRaqqNYKeGgdDVGtduR/view,MUNICIPIO,MOSTRAR_MUNICIPIO,Altos,Hueyapan,,Altos,Hueyapan,,0,Promotor,Miguel Ángel Maya Alonso,,Lote por evento,/foto/FOTO-2C11F89B37,,10,SI,2c11f89b3765b4eefb6370805f814ec7f07e09385822f53f1ca07463e8003db6,257826,1,Entrega de Juguetes,hueyapan-entrega-de-juguetes,,"Poligonos coordinados por Silvia Zavala2026. Altos Norte/Hueyapan, Miguel Ángel Maya Alonso/Entrega de Juguetes/Entrega de juguetes a las comunidades de alta marginación de TPBV 6.jpeg"
FOTO-FFC5FBFAD9,Entrega de juguetes a las comunidades de alta marginación de TPBV 7.jpeg,1nVOgjUNu5fMHfGAVDojwMeV1m0TBBO_U,https://drive.google.com/file/d/1nVOgjUNu5fMHfGAVDojwMeV1m0TBBO_U/view,MUNICIPIO,MOSTRAR_MUNICIPIO,Altos,Hueyapan,,Altos,Hueyapan,,0,Promotor,Miguel Ángel Maya Alonso,,Lote por evento,/foto/FOTO-FFC5FBFAD9,,10,SI,ffc5fbfad9a8d7cc49e18ac0e5b5378b9e931e96cf6f7d9cb3d183d7274e99e7,217550,1,Entrega de Juguetes,hueyapan-entrega-de-juguetes,,"Poligonos coordinados por Silvia Zavala2026. Altos Norte/Hueyapan, Miguel Ángel Maya Alonso/Entrega de Juguetes/Entrega de juguetes a las comunidades de alta marginación de TPBV 7.jpeg"
FOTO-7754B6846C,"Registro piso FIRME-FISE, San Miguel Hueyapan  2026-09-12.jpeg",1CWz3vDkfY8xY6BmrJHjTUR8FWQW-rQS2,https://drive.google.com/file/d/1CWz3vDkfY8xY6BmrJHjTUR8FWQW-rQS2/view,MUNICIPIO,MOSTRAR_MUNICIPIO,Altos,Hueyapan,,Altos,Hueyapan,,0,Promotor,Miguel Ángel Maya Alonso,,Lote por evento,/foto/FOTO-7754B6846C,,10,SI,7754b6846cea116c02a78122c70ef57b50c53ca8b4c430e2a8a16a99f183bb96,134518,1,Registro fise,hueyapan-registro-fise,2026-09-12,"Poligonos coordinados por Silvia Zavala2026. Altos Norte/Hueyapan, Miguel Ángel Maya Alonso/Registro fise/Registro piso FIRME-FISE, San Miguel Hueyapan  2026-09-12.jpeg"
FOTO-AFC4C24886,"Registros de piso firme-FISE en Amialtenco, Hueyapan 2026-09-12.jpeg",1Co7gS04WFfsNaHoz-oYRa-dRK2xpthRE,https://drive.google.com/file/d/1Co7gS04WFfsNaHoz-oYRa-dRK2xpthRE/view,MUNICIPIO,MOSTRAR_MUNICIPIO,Altos,Hueyapan,,Altos,Hueyapan,,0,Promotor,Miguel Ángel Maya Alonso,,Lote por evento,/foto/FOTO-AFC4C24886,,10,SI,afc4c24886139450100c10fa66b34f072c1c2e7f948ce892a13687ccf6ad93ad,468016,1,Registro fise,hueyapan-registro-fise,2026-09-12,"Poligonos coordinados por Silvia Zavala2026. Altos Norte/Hueyapan, Miguel Ángel Maya Alonso/Registro fise/Registros de piso firme-FISE en Amialtenco, Hueyapan 2026-09-12.jpeg"
FOTO-FB22028171,Actividades economicas en Hueyapan 2026-05-22 at 3.02.33 PM (2).jpeg,1QZtqjZU6_2wi-Bi3H0inhn1VXHnBYozJ,https://drive.google.com/file/d/1QZtqjZU6_2wi-Bi3H0inhn1VXHnBYozJ/view,MUNICIPIO,MOSTRAR_MUNICIPIO,Altos,Hueyapan,,Altos,Hueyapan,,0,Promotor,Miguel Ángel Maya Alonso,,Lote por evento,/foto/FOTO-FB22028171,,10,SI,fb220281713a1c3529513947ad65b7b33bc9748629cbe27c09c082e55e1161df,204738,1,Revisión de proyectos economicos,hueyapan-revision-de-proyectos-economicos,2026-05-22,"Poligonos coordinados por Silvia Zavala2026. Altos Norte/Hueyapan, Miguel Ángel Maya Alonso/Revisión de proyectos economicos/Actividades economicas en Hueyapan 2026-05-22 at 3.02.33 PM (2).jpeg"
FOTO-5C6D95A52A,Actividades productivas en Hueyapan  2026-05-22 at 3.02.33 PM (3).jpeg,12ixd4Ls14Mo9zTcjGiT3d9zqckVCo7UJ,https://drive.google.com/file/d/12ixd4Ls14Mo9zTcjGiT3d9zqckVCo7UJ/view,MUNICIPIO,MOSTRAR_MUNICIPIO,Altos,Hueyapan,,Altos,Hueyapan,,0,Promotor,Miguel Ángel Maya Alonso,,Lote por evento,/foto/FOTO-5C6D95A52A,,10,SI,5c6d95a52aad7119ff66a6bf1276780e07fa8bc1e0400e07f7bbd474b75a2a1b,285259,1,Revisión de proyectos economicos,hueyapan-revision-de-proyectos-economicos,2026-05-22,"Poligonos coordinados por Silvia Zavala2026. Altos Norte/Hueyapan, Miguel Ángel Maya Alonso/Revisión de proyectos economicos/Actividades productivas en Hueyapan  2026-05-22 at 3.02.33 PM (3).jpeg"
FOTO-7D15503BE7,WhatsApp Image 2026-05-22 at 3.02.32 PM.jpeg,1udKTCTqHo8CZDwt-9lfUdmAsg5shI9Iz,https://drive.google.com/file/d/1udKTCTqHo8CZDwt-9lfUdmAsg5shI9Iz/view,MUNICIPIO,MOSTRAR_MUNICIPIO,Altos,Hueyapan,,Altos,Hueyapan,,0,Promotor,Miguel Ángel Maya Alonso,,Lote por evento,/foto/FOTO-7D15503BE7,,10,SI,7d15503be7617a9e55c379a4242d30c5aa772d80c10fcc4f78da4f49a5af0485,102033,1,Revisión de proyectos economicos,hueyapan-revision-de-proyectos-economicos,2026-05-22,"Poligonos coordinados por Silvia Zavala2026. Altos Norte/Hueyapan, Miguel Ángel Maya Alonso/Revisión de proyectos economicos/WhatsApp Image 2026-05-22 at 3.02.32 PM.jpeg"
FOTO-1E9E9F38DB,"Concierto de Pepe Franks 1,2,3 en la explanada de Hueyapan 1.jpeg",1YUBO95X-UuOR0IQpWw_usMQ8mtR0WQF-,https://drive.google.com/file/d/1YUBO95X-UuOR0IQpWw_usMQ8mtR0WQF-/view,MUNICIPIO,MOSTRAR_MUNICIPIO,Altos,Hueyapan,,Altos,Hueyapan,,0,Promotor,Miguel Ángel Maya Alonso,,Lote por evento,/foto/FOTO-1E9E9F38DB,,10,SI,1e9e9f38dbafe52732a876bb0750c5b39da3cb8f3a6b8f59f15145511139ef77,322717,1,Somos Teopanzolco,hueyapan-somos-teopanzolco,,"Poligonos coordinados por Silvia Zavala2026. Altos Norte/Hueyapan, Miguel Ángel Maya Alonso/Somos Teopanzolco/Concierto de Pepe Franks 1,2,3 en la explanada de Hueyapan 1.jpeg"
FOTO-0BD3CB8C4E,"Concierto de Pepe Franks 1,2,3 en la explanada de Hueyapan 2.jpeg",14ZchkGTRA8rzv7LzGuUGnDTi9ozBQl_o,https://drive.google.com/file/d/14ZchkGTRA8rzv7LzGuUGnDTi9ozBQl_o/view,MUNICIPIO,MOSTRAR_MUNICIPIO,Altos,Hueyapan,,Altos,Hueyapan,,0,Promotor,Miguel Ángel Maya Alonso,,Lote por evento,/foto/FOTO-0BD3CB8C4E,,10,SI,0bd3cb8c4e17364363d09ff10625da3a7bd9a59f168adcd5dbfccbd613b23902,281478,1,Somos Teopanzolco,hueyapan-somos-teopanzolco,,"Poligonos coordinados por Silvia Zavala2026. Altos Norte/Hueyapan, Miguel Ángel Maya Alonso/Somos Teopanzolco/Concierto de Pepe Franks 1,2,3 en la explanada de Hueyapan 2.jpeg"
FOTO-0015F5F34F,"Concierto de Pepe Franks 1,2,3 en la explanada de Hueyapan 3.jpeg",1l4MD-uJfrrKsElkm3BVRAuWQnLRuZMc5,https://drive.google.com/file/d/1l4MD-uJfrrKsElkm3BVRAuWQnLRuZMc5/view,MUNICIPIO,MOSTRAR_MUNICIPIO,Altos,Hueyapan,,Altos,Hueyapan,,0,Promotor,Miguel Ángel Maya Alonso,,Lote por evento,/foto/FOTO-0015F5F34F,,10,SI,0015f5f34f512269470ff423d2d55b3d4fd9fecbc8cf9452b75b4b3291fbcdee,251951,1,Somos Teopanzolco,hueyapan-somos-teopanzolco,,"Poligonos coordinados por Silvia Zavala2026. Altos Norte/Hueyapan, Miguel Ángel Maya Alonso/Somos Teopanzolco/Concierto de Pepe Franks 1,2,3 en la explanada de Hueyapan 3.jpeg"
FOTO-E320EB308F,"Concierto de Pepe Franks 1,2,3 en la explanada de Hueyapan 4.jpeg",1OnVdyF6NAv1zY4WqjIHk3U2IE5h3TxMu,https://drive.google.com/file/d/1OnVdyF6NAv1zY4WqjIHk3U2IE5h3TxMu/view,MUNICIPIO,MOSTRAR_MUNICIPIO,Altos,Hueyapan,,Altos,Hueyapan,,0,Promotor,Miguel Ángel Maya Alonso,,Lote por evento,/foto/FOTO-E320EB308F,,10,SI,e320eb308f999924747b08db849cc952c9d5470ce868a5ac28fc56fc786430b5,251007,1,Somos Teopanzolco,hueyapan-somos-teopanzolco,,"Poligonos coordinados por Silvia Zavala2026. Altos Norte/Hueyapan, Miguel Ángel Maya Alonso/Somos Teopanzolco/Concierto de Pepe Franks 1,2,3 en la explanada de Hueyapan 4.jpeg"
FOTO-DD7587353F,"Concierto de Pepe Franks 1,2,3 en la explanada de Hueyapan 5.jpeg",1JFvZt1dT6nzJcOAHzl_XqvgVmlLZFPzk,https://drive.google.com/file/d/1JFvZt1dT6nzJcOAHzl_XqvgVmlLZFPzk/view,MUNICIPIO,MOSTRAR_MUNICIPIO,Altos,Hueyapan,,Altos,Hueyapan,,0,Promotor,Miguel Ángel Maya Alonso,,Lote por evento,/foto/FOTO-DD7587353F,,10,SI,dd7587353f3ce9c16bf0b881e7652747a00588f0622e47c1babd0d88fc3a7dda,281467,1,Somos Teopanzolco,hueyapan-somos-teopanzolco,,"Poligonos coordinados por Silvia Zavala2026. Altos Norte/Hueyapan, Miguel Ángel Maya Alonso/Somos Teopanzolco/Concierto de Pepe Franks 1,2,3 en la explanada de Hueyapan 5.jpeg"
FOTO-D7A0693E5F,"Escuela Comunitaria CONAFE, Xochicalco, Tetela del Vólcan 2026-08-31.jpeg",1r-3u80GRd9_RjGhMJCxIKDamADgn_sW4,https://drive.google.com/file/d/1r-3u80GRd9_RjGhMJCxIKDamADgn_sW4/view,MUNICIPIO,MOSTRAR_MUNICIPIO,Altos,Tetela del Volcán,,Altos,Tetela del Volcán,,0,Promotor,Janet Jiménez,,Lote por evento,/foto/FOTO-D7A0693E5F,,10,SI,d7a0693e5fce619ebc265e7a7d6bd3d2b7c46dc46a91cf355d6048e5c8aa5a86,133460,1,CONAFE,tetela-del-volcan-conafe,2026-08-31,"Poligonos coordinados por Silvia Zavala2026. Altos Norte/Tetela del Volcán, Janet Jiménez/CONAFE/Escuela Comunitaria CONAFE, Xochicalco, Tetela del Vólcan 2026-08-31.jpeg"
FOTO-5C7A06EC64,"Escuela CONAFE, el Malinal, Tetela del Volcán 1 2026-08-31.jpeg",1ZSDsmwg6GIQOAZHYPnmCzFZne2uvXlOy,https://drive.google.com/file/d/1ZSDsmwg6GIQOAZHYPnmCzFZne2uvXlOy/view,MUNICIPIO,MOSTRAR_MUNICIPIO,Altos,Tetela del Volcán,,Altos,Tetela del Volcán,,0,Promotor,Janet Jiménez,,Lote por evento,/foto/FOTO-5C7A06EC64,,10,SI,5c7a06ec642a726cab7f422013869ba2b477b8bd4163be0fe67f15ac89e9452d,431049,1,CONAFE,tetela-del-volcan-conafe,2026-08-31,"Poligonos coordinados por Silvia Zavala2026. Altos Norte/Tetela del Volcán, Janet Jiménez/CONAFE/Escuela CONAFE, el Malinal, Tetela del Volcán 1 2026-08-31.jpeg"
FOTO-354CE4BD6C,"Escuela CONAFE, el Malinal, Tetela del Volcán 2 2026-08-31.jpeg",14jdz9Eu3d0rDCKlMPfkaqWusb_oeVRpU,https://drive.google.com/file/d/14jdz9Eu3d0rDCKlMPfkaqWusb_oeVRpU/view,MUNICIPIO,MOSTRAR_MUNICIPIO,Altos,Tetela del Volcán,,Altos,Tetela del Volcán,,0,Promotor,Janet Jiménez,,Lote por evento,/foto/FOTO-354CE4BD6C,,10,SI,354ce4bd6c3594f7465413c37b02915778e7a082e83aeb7783e6d60894574c52,253455,1,CONAFE,tetela-del-volcan-conafe,2026-08-31,"Poligonos coordinados por Silvia Zavala2026. Altos Norte/Tetela del Volcán, Janet Jiménez/CONAFE/Escuela CONAFE, el Malinal, Tetela del Volcán 2 2026-08-31.jpeg"
FOTO-529017566E,Barrio Santiago 1.jpeg,1iObtj_ey1FpnuDQRPAit2CBUDaKZvvsi,https://drive.google.com/file/d/1iObtj_ey1FpnuDQRPAit2CBUDaKZvvsi/view,MUNICIPIO,MOSTRAR_MUNICIPIO,Altos,Tetela del Volcán,,Altos,Tetela del Volcán,,0,Promotor,Janet Jiménez,,Lote por evento,/foto/FOTO-529017566E,,10,SI,529017566e70a361b581020e97bdc55b060f89c0b10f664b9b296b66bfb91da4,375260,1,Consejos Comunitarios,tetela-del-volcan-consejos-comunitarios,,"Poligonos coordinados por Silvia Zavala2026. Altos Norte/Tetela del Volcán, Janet Jiménez/Consejos Comunitarios/Barrio Santiago 1.jpeg"
FOTO-0B01C45C45,Barrio Santiago 2.jpeg,1tZtE03rOaPSPktbPZNXMZ45MCOmeHlyk,https://drive.google.com/file/d/1tZtE03rOaPSPktbPZNXMZ45MCOmeHlyk/view,MUNICIPIO,MOSTRAR_MUNICIPIO,Altos,Tetela del Volcán,,Altos,Tetela del Volcán,,0,Promotor,Janet Jiménez,,Lote por evento,/foto/FOTO-0B01C45C45,,10,SI,0b01c45c45a857652a387b4b908cd11ea1c79bab7f45cf2a8af4e60a86ebbebe,146899,1,Consejos Comunitarios,tetela-del-volcan-consejos-comunitarios,,"Poligonos coordinados por Silvia Zavala2026. Altos Norte/Tetela del Volcán, Janet Jiménez/Consejos Comunitarios/Barrio Santiago 2.jpeg"
FOTO-FF1057A550,Consejo de El Malinal Tetela del Volcán 2..jpeg,1mDxI85ytYbwiX26y5z0uMJN7YjNaXbVZ,https://drive.google.com/file/d/1mDxI85ytYbwiX26y5z0uMJN7YjNaXbVZ/view,MUNICIPIO,MOSTRAR_MUNICIPIO,Altos,Tetela del Volcán,,Altos,Tetela del Volcán,,0,Promotor,Janet Jiménez,,Lote por evento,/foto/FOTO-FF1057A550,,10,SI,ff1057a550a4a049c4186ccfe15a9cb1124e2045c0e4c212deac7cac9805dcfa,306840,1,Consejos Comunitarios,tetela-del-volcan-consejos-comunitarios,,"Poligonos coordinados por Silvia Zavala2026. Altos Norte/Tetela del Volcán, Janet Jiménez/Consejos Comunitarios/Consejo de El Malinal Tetela del Volcán 2..jpeg"
FOTO-2FEC2E5B73,"Consejo de El Malinal, Tetela del Volcán 1..jpeg",13BX_y3FMXDX5SViThY16-zA_VjujUC1E,https://drive.google.com/file/d/13BX_y3FMXDX5SViThY16-zA_VjujUC1E/view,MUNICIPIO,MOSTRAR_MUNICIPIO,Altos,Tetela del Volcán,,Altos,Tetela del Volcán,,0,Promotor,Janet Jiménez,,Lote por evento,/foto/FOTO-2FEC2E5B73,,10,SI,2fec2e5b73b3c78ecac08b01e544a35693cb2dfa3750d75310af7883a79e3d77,297638,1,Consejos Comunitarios,tetela-del-volcan-consejos-comunitarios,,"Poligonos coordinados por Silvia Zavala2026. Altos Norte/Tetela del Volcán, Janet Jiménez/Consejos Comunitarios/Consejo de El Malinal, Tetela del Volcán 1..jpeg"
FOTO-DAF65707DB,WhatsApp Image 2026-01-21 at 10.50.24 AM (4).jpeg,1ROvfNThFcZ2UiBg6xxajxC4fWobHpcA6,https://drive.google.com/file/d/1ROvfNThFcZ2UiBg6xxajxC4fWobHpcA6/view,MUNICIPIO,MOSTRAR_MUNICIPIO,Altos,Tetela del Volcán,,Altos,Tetela del Volcán,,0,Promotor,Janet Jiménez,,Lote por evento,/foto/FOTO-DAF65707DB,,10,SI,daf65707db8537c18e24f589281ba61672139f44ebc1aa2501397bbbcd29032c,249738,1,Consejos Comunitarios,tetela-del-volcan-consejos-comunitarios,2026-01-21,"Poligonos coordinados por Silvia Zavala2026. Altos Norte/Tetela del Volcán, Janet Jiménez/Consejos Comunitarios/WhatsApp Image 2026-01-21 at 10.50.24 AM (4).jpeg"
FOTO-AFD6319326,Xochicalco 1.jpeg,1sNLXzmLg1EzXNzeet4YfQNyvrf32Ibfd,https://drive.google.com/file/d/1sNLXzmLg1EzXNzeet4YfQNyvrf32Ibfd/view,MUNICIPIO,MOSTRAR_MUNICIPIO,Altos,Tetela del Volcán,,Altos,Tetela del Volcán,,0,Promotor,Janet Jiménez,,Lote por evento,/foto/FOTO-AFD6319326,,10,SI,afd63193265349faf25f5b9a44b6175c6647fb9520ff6125e03e105392bbb36e,154061,1,Consejos Comunitarios,tetela-del-volcan-consejos-comunitarios,,"Poligonos coordinados por Silvia Zavala2026. Altos Norte/Tetela del Volcán, Janet Jiménez/Consejos Comunitarios/Xochicalco 1.jpeg"
FOTO-223556DC4F,Xochicalco 2.jpeg,1JJG61jWGDBfwtIVkjvMaSS7JOF2rHbsj,https://drive.google.com/file/d/1JJG61jWGDBfwtIVkjvMaSS7JOF2rHbsj/view,MUNICIPIO,MOSTRAR_MUNICIPIO,Altos,Tetela del Volcán,,Altos,Tetela del Volcán,,0,Promotor,Janet Jiménez,,Lote por evento,/foto/FOTO-223556DC4F,,10,SI,223556dc4ff18370e28d22774cd2cf9baa2312fc6fcafd76e838bb0492b74f42,173151,1,Consejos Comunitarios,tetela-del-volcan-consejos-comunitarios,,"Poligonos coordinados por Silvia Zavala2026. Altos Norte/Tetela del Volcán, Janet Jiménez/Consejos Comunitarios/Xochicalco 2.jpeg"
FOTO-39FC6114B2,"Repartición de Jitomate, Nopal y Cebolla. Xochicalco, Tetela del Volcán 1. 4032026.jpeg",1CBEOOIjPzrhtYrug5ZvvscZQXdCTE6kD,https://drive.google.com/file/d/1CBEOOIjPzrhtYrug5ZvvscZQXdCTE6kD/view,MUNICIPIO,MOSTRAR_MUNICIPIO,Altos,Tetela del Volcán,,Altos,Tetela del Volcán,,0,Promotor,Janet Jiménez,,Lote por evento,/foto/FOTO-39FC6114B2,,10,SI,39fc6114b27cea30e4ab2a9ab6cdecca99b0def060651623144463192b5e9009,325426,1,Entrega de hortalizas. Tetela del Vólcan,tetela-del-volcan-entrega-de-hortalizas-tetela-del-volcan,,"Poligonos coordinados por Silvia Zavala2026. Altos Norte/Tetela del Volcán, Janet Jiménez/Entrega de hortalizas. Tetela del Vólcan/Repartición de Jitomate, Nopal y Cebolla. Xochicalco, Tetela del Volcán 1. 4032026.jpeg"
FOTO-EC42E42048,"Repartición de Jitomate, Nopal y Cebolla. Xochicalco, Tetela del Volcán 2. 4032026.jpeg",1qSjyYyDnlkR7tuK5d0K5lpW1vfkLw7BR,https://drive.google.com/file/d/1qSjyYyDnlkR7tuK5d0K5lpW1vfkLw7BR/view,MUNICIPIO,MOSTRAR_MUNICIPIO,Altos,Tetela del Volcán,,Altos,Tetela del Volcán,,0,Promotor,Janet Jiménez,,Lote por evento,/foto/FOTO-EC42E42048,,10,SI,ec42e42048d024907beadf65c33fe345aa05b81d62355c5f0394bd5bffeb4d52,282026,1,Entrega de hortalizas. Tetela del Vólcan,tetela-del-volcan-entrega-de-hortalizas-tetela-del-volcan,,"Poligonos coordinados por Silvia Zavala2026. Altos Norte/Tetela del Volcán, Janet Jiménez/Entrega de hortalizas. Tetela del Vólcan/Repartición de Jitomate, Nopal y Cebolla. Xochicalco, Tetela del Volcán 2. 4032026.jpeg"
FOTO-753BB9D2FA,"Repartición de Jitomate, Nopal y Cebolla. Xochicalco, Tetela del Volcán 3.4032026.jpeg",1oO1xnh92aQq9IooMGu9v-sQas4F64M7s,https://drive.google.com/file/d/1oO1xnh92aQq9IooMGu9v-sQas4F64M7s/view,MUNICIPIO,MOSTRAR_MUNICIPIO,Altos,Tetela del Volcán,,Altos,Tetela del Volcán,,0,Promotor,Janet Jiménez,,Lote por evento,/foto/FOTO-753BB9D2FA,,10,SI,753bb9d2fa5cea091bd57cee01b957b0a150f1aad45f985ad5c08a8b2e0ddb05,299912,1,Entrega de hortalizas. Tetela del Vólcan,tetela-del-volcan-entrega-de-hortalizas-tetela-del-volcan,,"Poligonos coordinados por Silvia Zavala2026. Altos Norte/Tetela del Volcán, Janet Jiménez/Entrega de hortalizas. Tetela del Vólcan/Repartición de Jitomate, Nopal y Cebolla. Xochicalco, Tetela del Volcán 3.4032026.jpeg"
FOTO-9A3C9BA5A3,"Santiago, Tetela del Volcán, entrega de Jitomate y Pepino 1.  23012026.jpeg",17-qFR6g_V9zGyW_vwsGENkVvVBGfGQ7y,https://drive.google.com/file/d/17-qFR6g_V9zGyW_vwsGENkVvVBGfGQ7y/view,MUNICIPIO,MOSTRAR_MUNICIPIO,Altos,Tetela del Volcán,,Altos,Tetela del Volcán,,0,Promotor,Janet Jiménez,,Lote por evento,/foto/FOTO-9A3C9BA5A3,,10,SI,9a3c9ba5a33fa52798ba46f79ec5d03c9bd45ef94395e002decbf4cc1858a204,269497,1,Entrega de hortalizas. Tetela del Vólcan,tetela-del-volcan-entrega-de-hortalizas-tetela-del-volcan,2026-01-23,"Poligonos coordinados por Silvia Zavala2026. Altos Norte/Tetela del Volcán, Janet Jiménez/Entrega de hortalizas. Tetela del Vólcan/Santiago, Tetela del Volcán, entrega de Jitomate y Pepino 1.  23012026.jpeg"
FOTO-E11B8043D1,"Santiago, Tetela del Volcán, entrega de Jitomate y Pepino 2.  23012026.jpeg",1cgDMCfggTOnR1FMxB4lCftncBVwRJKzx,https://drive.google.com/file/d/1cgDMCfggTOnR1FMxB4lCftncBVwRJKzx/view,MUNICIPIO,MOSTRAR_MUNICIPIO,Altos,Tetela del Volcán,,Altos,Tetela del Volcán,,0,Promotor,Janet Jiménez,,Lote por evento,/foto/FOTO-E11B8043D1,,10,SI,e11b8043d10404bfb3aa01fa446b392b75c633628184c9714b860d8a9a89b913,300919,1,Entrega de hortalizas. Tetela del Vólcan,tetela-del-volcan-entrega-de-hortalizas-tetela-del-volcan,2026-01-23,"Poligonos coordinados por Silvia Zavala2026. Altos Norte/Tetela del Volcán, Janet Jiménez/Entrega de hortalizas. Tetela del Vólcan/Santiago, Tetela del Volcán, entrega de Jitomate y Pepino 2.  23012026.jpeg"
FOTO-870772671D,"Santiago, Tetela del Volcán, entrega de Jitomate y Pepino 4.  23012026.jpeg",1M8g_fqB7h7UDmHzrzZGOa_0xyTn0jfxW,https://drive.google.com/file/d/1M8g_fqB7h7UDmHzrzZGOa_0xyTn0jfxW/view,MUNICIPIO,MOSTRAR_MUNICIPIO,Altos,Tetela del Volcán,,Altos,Tetela del Volcán,,0,Promotor,Janet Jiménez,,Lote por evento,/foto/FOTO-870772671D,,10,SI,870772671ddb82375fe73ff6cbd36ab2744e761650b4f448b3f1ec1f12288867,283117,1,Entrega de hortalizas. Tetela del Vólcan,tetela-del-volcan-entrega-de-hortalizas-tetela-del-volcan,2026-01-23,"Poligonos coordinados por Silvia Zavala2026. Altos Norte/Tetela del Volcán, Janet Jiménez/Entrega de hortalizas. Tetela del Vólcan/Santiago, Tetela del Volcán, entrega de Jitomate y Pepino 4.  23012026.jpeg"
FOTO-2BFC69080D,"Xochicalco, entrega de Jitomate y Pepino. Tetela del Volcán 1.  23012026.jpeg",142LKnQvD8DYwzk_1tPZJP77VBhjEUSLr,https://drive.google.com/file/d/142LKnQvD8DYwzk_1tPZJP77VBhjEUSLr/view,MUNICIPIO,MOSTRAR_MUNICIPIO,Altos,Tetela del Volcán,,Altos,Tetela del Volcán,,0,Promotor,Janet Jiménez,,Lote por evento,/foto/FOTO-2BFC69080D,,10,SI,2bfc69080d0c27b49a4d41919599ac03ea437a348c51ab6049ae6b0a527c2669,233181,1,Entrega de hortalizas. Tetela del Vólcan,tetela-del-volcan-entrega-de-hortalizas-tetela-del-volcan,2026-01-23,"Poligonos coordinados por Silvia Zavala2026. Altos Norte/Tetela del Volcán, Janet Jiménez/Entrega de hortalizas. Tetela del Vólcan/Xochicalco, entrega de Jitomate y Pepino. Tetela del Volcán 1.  23012026.jpeg"
FOTO-59FB2D5CB4,"Xochicalco, entrega de Jitomate y Pepino. Tetela del Volcán 2 23012026.jpeg",1Zw3afUkJ1phE4hVjAyprIjYr7sAossnt,https://drive.google.com/file/d/1Zw3afUkJ1phE4hVjAyprIjYr7sAossnt/view,MUNICIPIO,MOSTRAR_MUNICIPIO,Altos,Tetela del Volcán,,Altos,Tetela del Volcán,,0,Promotor,Janet Jiménez,,Lote por evento,/foto/FOTO-59FB2D5CB4,,10,SI,59fb2d5cb48846b3c8bbb61460a4a0639edbe533c1f5265400904d74c6fdf7f6,225835,1,Entrega de hortalizas. Tetela del Vólcan,tetela-del-volcan-entrega-de-hortalizas-tetela-del-volcan,2026-01-23,"Poligonos coordinados por Silvia Zavala2026. Altos Norte/Tetela del Volcán, Janet Jiménez/Entrega de hortalizas. Tetela del Vólcan/Xochicalco, entrega de Jitomate y Pepino. Tetela del Volcán 2 23012026.jpeg"
FOTO-8EAC8AF7A6,"Xochicalco, entrega de Jitomate y Pepino. Tetela del Volcán 23012026.jpeg",1DeRrxMtNrJr1SzH91zsP8UZ6Gw-_J6M9,https://drive.google.com/file/d/1DeRrxMtNrJr1SzH91zsP8UZ6Gw-_J6M9/view,MUNICIPIO,MOSTRAR_MUNICIPIO,Altos,Tetela del Volcán,,Altos,Tetela del Volcán,,0,Promotor,Janet Jiménez,,Lote por evento,/foto/FOTO-8EAC8AF7A6,,10,SI,8eac8af7a60799561d83b42a19ff114a6cfa4e28af2de25a22c7d3becc94e472,224948,1,Entrega de hortalizas. Tetela del Vólcan,tetela-del-volcan-entrega-de-hortalizas-tetela-del-volcan,2026-01-23,"Poligonos coordinados por Silvia Zavala2026. Altos Norte/Tetela del Volcán, Janet Jiménez/Entrega de hortalizas. Tetela del Vólcan/Xochicalco, entrega de Jitomate y Pepino. Tetela del Volcán 23012026.jpeg"
FOTO-27C5CA382F,"Xochicalco, entrega de Jitomate y Pepino. Tetela del Volcán 3 23012026.jpeg",1vanuB_q3APTYs5bxFnYmttaUk4XSiocW,https://drive.google.com/file/d/1vanuB_q3APTYs5bxFnYmttaUk4XSiocW/view,MUNICIPIO,MOSTRAR_MUNICIPIO,Altos,Tetela del Volcán,,Altos,Tetela del Volcán,,0,Promotor,Janet Jiménez,,Lote por evento,/foto/FOTO-27C5CA382F,,10,SI,27c5ca382fd4d7e649defe49be2231f92163932690a565788b34859a81719673,238086,1,Entrega de hortalizas. Tetela del Vólcan,tetela-del-volcan-entrega-de-hortalizas-tetela-del-volcan,2026-01-23,"Poligonos coordinados por Silvia Zavala2026. Altos Norte/Tetela del Volcán, Janet Jiménez/Entrega de hortalizas. Tetela del Vólcan/Xochicalco, entrega de Jitomate y Pepino. Tetela del Volcán 3 23012026.jpeg"
FOTO-C282FE1A0B,Dif Esatatal en el Malinal y Xochicalco 1.jpeg,1DFnyeDTl6ND_WlgvYUdeIEoQV4lHULmp,https://drive.google.com/file/d/1DFnyeDTl6ND_WlgvYUdeIEoQV4lHULmp/view,MUNICIPIO,MOSTRAR_MUNICIPIO,Altos,Tetela del Volcán,,Altos,Tetela del Volcán,,0,Promotor,Janet Jiménez,,Lote por evento,/foto/FOTO-C282FE1A0B,,10,SI,c282fe1a0bffe21f93a6d7a7e81fa56db295689b216747b8bd3734e5ce4f095d,235373,1,Entrega de Juguetes,tetela-del-volcan-entrega-de-juguetes,,"Poligonos coordinados por Silvia Zavala2026. Altos Norte/Tetela del Volcán, Janet Jiménez/Entrega de Juguetes/Dif Esatatal en el Malinal y Xochicalco 1.jpeg"
FOTO-0883DA1FAD,Entrega de Juguetes en Malinal y Xochicalco 2.jpeg,144yGWhVP6mziXmRZlbFEDJNJZ171Ooaz,https://drive.google.com/file/d/144yGWhVP6mziXmRZlbFEDJNJZ171Ooaz/view,MUNICIPIO,MOSTRAR_MUNICIPIO,Altos,Tetela del Volcán,,Altos,Tetela del Volcán,,0,Promotor,Janet Jiménez,,Lote por evento,/foto/FOTO-0883DA1FAD,,10,SI,0883da1fadaca35a734653377ab3675a2f367b3c98fc398eb2f09ecdef9b9cbb,297480,1,Entrega de Juguetes,tetela-del-volcan-entrega-de-juguetes,,"Poligonos coordinados por Silvia Zavala2026. Altos Norte/Tetela del Volcán, Janet Jiménez/Entrega de Juguetes/Entrega de Juguetes en Malinal y Xochicalco 2.jpeg"
FOTO-3FBDD2706A,Entrega de Juguetes en Malinal y Xochicalco 3.jpeg,1zdzxZus-mBxwUv_LJLX4UjAMTWTkqaF5,https://drive.google.com/file/d/1zdzxZus-mBxwUv_LJLX4UjAMTWTkqaF5/view,MUNICIPIO,MOSTRAR_MUNICIPIO,Altos,Tetela del Volcán,,Altos,Tetela del Volcán,,0,Promotor,Janet Jiménez,,Lote por evento,/foto/FOTO-3FBDD2706A,,10,SI,3fbdd2706a707ce328d550fbd2593c3f1202f51cc36f9ff73ee6fb65db00c697,261196,1,Entrega de Juguetes,tetela-del-volcan-entrega-de-juguetes,,"Poligonos coordinados por Silvia Zavala2026. Altos Norte/Tetela del Volcán, Janet Jiménez/Entrega de Juguetes/Entrega de Juguetes en Malinal y Xochicalco 3.jpeg"
FOTO-C8F4111395,"Faena para iniciar cursos de ICATMOR. Xochicalco, Tetela del Volcán 1.jpeg",1ccHlKtjqJdCu7rusYKP2jyC8WzL1vmYE,https://drive.google.com/file/d/1ccHlKtjqJdCu7rusYKP2jyC8WzL1vmYE/view,MUNICIPIO,MOSTRAR_MUNICIPIO,Altos,Tetela del Volcán,,Altos,Tetela del Volcán,,0,Promotor,Janet Jiménez,,Lote por evento,/foto/FOTO-C8F4111395,,10,SI,c8f41113959a1707767f1a56e8603017644b88e8beb2fe60f1809b292f89607f,103236,1,Faena-Tequio,tetela-del-volcan-faena-tequio,,"Poligonos coordinados por Silvia Zavala2026. Altos Norte/Tetela del Volcán, Janet Jiménez/Faena-Tequio/Faena para iniciar cursos de ICATMOR. Xochicalco, Tetela del Volcán 1.jpeg"
FOTO-20262878A2,"Faena para iniciar cursos de ICATMOR. Xochicalco, Tetela del Volcán 2.jpeg",17AXF7vmihd34axdbuS4LZOwkrb0UxPg0,https://drive.google.com/file/d/17AXF7vmihd34axdbuS4LZOwkrb0UxPg0/view,MUNICIPIO,MOSTRAR_MUNICIPIO,Altos,Tetela del Volcán,,Altos,Tetela del Volcán,,0,Promotor,Janet Jiménez,,Lote por evento,/foto/FOTO-20262878A2,,10,SI,20262878a2dcc9cf842ea6ca6102a70ef544d00b7470f1267fa65af22229b1a7,111144,1,Faena-Tequio,tetela-del-volcan-faena-tequio,,"Poligonos coordinados por Silvia Zavala2026. Altos Norte/Tetela del Volcán, Janet Jiménez/Faena-Tequio/Faena para iniciar cursos de ICATMOR. Xochicalco, Tetela del Volcán 2.jpeg"
FOTO-46984487BC,"Faena para iniciar cursos de ICATMOR. Xochicalco, Tetela del Volcán 3.jpeg",1nzTTcKGQNJWS8CMndDntUJni7shllB6Q,https://drive.google.com/file/d/1nzTTcKGQNJWS8CMndDntUJni7shllB6Q/view,MUNICIPIO,MOSTRAR_MUNICIPIO,Altos,Tetela del Volcán,,Altos,Tetela del Volcán,,0,Promotor,Janet Jiménez,,Lote por evento,/foto/FOTO-46984487BC,,10,SI,46984487bcdb55f3737c30b7439fceaf4c6b5ba8df22142a2c97cbe271c295e2,98835,1,Faena-Tequio,tetela-del-volcan-faena-tequio,,"Poligonos coordinados por Silvia Zavala2026. Altos Norte/Tetela del Volcán, Janet Jiménez/Faena-Tequio/Faena para iniciar cursos de ICATMOR. Xochicalco, Tetela del Volcán 3.jpeg"
FOTO-3732303041,"Faena- Limpieza del lugar donde se apertura la secundaria CONAFE en Xochicalco, Tetela del Volcán 1 2026-08-28.jpeg",1z1GQ4zr5JR6UePAngkYc7Ykugb0kdbHl,https://drive.google.com/file/d/1z1GQ4zr5JR6UePAngkYc7Ykugb0kdbHl/view,MUNICIPIO,MOSTRAR_MUNICIPIO,Altos,Tetela del Volcán,,Altos,Tetela del Volcán,,0,Promotor,Janet Jiménez,,Lote por evento,/foto/FOTO-3732303041,,10,SI,37323030410791fe7e9fcb4aad5269f7f5d36ae25277e715070d337c9a59ef51,212473,1,Faena-Tequio,tetela-del-volcan-faena-tequio,2026-08-28,"Poligonos coordinados por Silvia Zavala2026. Altos Norte/Tetela del Volcán, Janet Jiménez/Faena-Tequio/Faena- Limpieza del lugar donde se apertura la secundaria CONAFE en Xochicalco, Tetela del Volcán 1 2026-08-28.jpeg"
FOTO-E773AB7DE0,"Faena- Limpieza del lugar donde se apertura la secundaria CONAFE en Xochicalco, Tetela del Volcán 2 2026-08-28.jpeg",19xieZ7yRINS8QpQ6lyK9yCD_QB_8o0gN,https://drive.google.com/file/d/19xieZ7yRINS8QpQ6lyK9yCD_QB_8o0gN/view,MUNICIPIO,MOSTRAR_MUNICIPIO,Altos,Tetela del Volcán,,Altos,Tetela del Volcán,,0,Promotor,Janet Jiménez,,Lote por evento,/foto/FOTO-E773AB7DE0,,10,SI,e773ab7de03028ac160a276f140ada4b396a8ae41388dbe6d963c164b8e98a18,288273,1,Faena-Tequio,tetela-del-volcan-faena-tequio,2026-08-28,"Poligonos coordinados por Silvia Zavala2026. Altos Norte/Tetela del Volcán, Janet Jiménez/Faena-Tequio/Faena- Limpieza del lugar donde se apertura la secundaria CONAFE en Xochicalco, Tetela del Volcán 2 2026-08-28.jpeg"
FOTO-CFF0E92E37,"Faena- Limpieza del lugar donde se apertura la secundaria CONAFE en Xochicalco, Tetela del Volcán 3 2026-08-28.jpeg",1diDdjHk5m2OUZT3zI3w6C5ynB2fTwfrs,https://drive.google.com/file/d/1diDdjHk5m2OUZT3zI3w6C5ynB2fTwfrs/view,MUNICIPIO,MOSTRAR_MUNICIPIO,Altos,Tetela del Volcán,,Altos,Tetela del Volcán,,0,Promotor,Janet Jiménez,,Lote por evento,/foto/FOTO-CFF0E92E37,,10,SI,cff0e92e37575f450a80f761dfc2923ef1ea2c856f16284505ab7a18d4fd05a5,236368,1,Faena-Tequio,tetela-del-volcan-faena-tequio,2026-08-28,"Poligonos coordinados por Silvia Zavala2026. Altos Norte/Tetela del Volcán, Janet Jiménez/Faena-Tequio/Faena- Limpieza del lugar donde se apertura la secundaria CONAFE en Xochicalco, Tetela del Volcán 3 2026-08-28.jpeg"
FOTO-45E56A3227,"Limpieza en Santiago, Tetela del Volcán 1.jpeg",1vuV4mgAt0A89b6u337nzVQRl4gdTHbNe,https://drive.google.com/file/d/1vuV4mgAt0A89b6u337nzVQRl4gdTHbNe/view,MUNICIPIO,MOSTRAR_MUNICIPIO,Altos,Tetela del Volcán,,Altos,Tetela del Volcán,,0,Promotor,Janet Jiménez,,Lote por evento,/foto/FOTO-45E56A3227,,10,SI,45e56a32279912f42b3328ccb24de95072d516210049aa5463b57dcd9b9b6a19,136306,1,Faena-Tequio,tetela-del-volcan-faena-tequio,,"Poligonos coordinados por Silvia Zavala2026. Altos Norte/Tetela del Volcán, Janet Jiménez/Faena-Tequio/Limpieza en Santiago, Tetela del Volcán 1.jpeg"
FOTO-C25301AD2C,"Limpieza en Santiago, Tetela del Volcán 2.jpeg",1FKlTUYDcofFmqyxBPxedX6tcLspiS7v1,https://drive.google.com/file/d/1FKlTUYDcofFmqyxBPxedX6tcLspiS7v1/view,MUNICIPIO,MOSTRAR_MUNICIPIO,Altos,Tetela del Volcán,,Altos,Tetela del Volcán,,0,Promotor,Janet Jiménez,,Lote por evento,/foto/FOTO-C25301AD2C,,10,SI,c25301ad2c7c95b50f422bc35e936f488aa374590e4d0b3e8953476136ebefc2,218149,1,Faena-Tequio,tetela-del-volcan-faena-tequio,,"Poligonos coordinados por Silvia Zavala2026. Altos Norte/Tetela del Volcán, Janet Jiménez/Faena-Tequio/Limpieza en Santiago, Tetela del Volcán 2.jpeg"
FOTO-3B9D1CB67A,"Secretaria de Bienestar visitando los grupos con iniciativas de los programas Petate de Colores y Semillas de Esperanza 2, Tetela del Volcán, 26 de junio de 2026.jpeg",1CfILxN0s5E8TMTiQj53L94H8Sjwvvg35,https://drive.google.com/file/d/1CfILxN0s5E8TMTiQj53L94H8Sjwvvg35/view,MUNICIPIO,MOSTRAR_MUNICIPIO,Altos,Tetela del Volcán,,Altos,Tetela del Volcán,,0,Promotor,Janet Jiménez,,Lote por evento,/foto/FOTO-3B9D1CB67A,,10,SI,3b9d1cb67a7698837d6055b2feffdc8d0b9df347d3afb8f3b7e0c802ba6561ab,391608,1,Petate de Colores,tetela-del-volcan-petate-de-colores,2026-06-26,"Poligonos coordinados por Silvia Zavala2026. Altos Norte/Tetela del Volcán, Janet Jiménez/Petate de Colores/Secretaria de Bienestar visitando los grupos con iniciativas de los programas Petate de Colores y Semillas de Esperanza 2, Tetela del Volcán, 26 de junio de 2026.jpeg"
FOTO-FCB2338E35,"Secretaria de Bienestar visitando los grupos con iniciativas de los programas Petate de Colores y Semillas de Esperanza, Tetela del Volcán, 26 de junio de 2026.jpeg",1oJgEK62qB5n2ZiiEQ_Y-znpK-z2PLdyQ,https://drive.google.com/file/d/1oJgEK62qB5n2ZiiEQ_Y-znpK-z2PLdyQ/view,MUNICIPIO,MOSTRAR_MUNICIPIO,Altos,Tetela del Volcán,,Altos,Tetela del Volcán,,0,Promotor,Janet Jiménez,,Lote por evento,/foto/FOTO-FCB2338E35,,10,SI,fcb2338e35b345890c79d1511ab5005caa0ab4a24fe3b064a5013c598c6d983c,511613,1,Petate de Colores,tetela-del-volcan-petate-de-colores,2026-06-26,"Poligonos coordinados por Silvia Zavala2026. Altos Norte/Tetela del Volcán, Janet Jiménez/Petate de Colores/Secretaria de Bienestar visitando los grupos con iniciativas de los programas Petate de Colores y Semillas de Esperanza, Tetela del Volcán, 26 de junio de 2026.jpeg"
FOTO-CA2DFF95F0,"El malinal, Tetela del Volcán antes de la carretera nueva..jpeg",1hnpjZrknKNBay4taqivKu-Y-3F4ubwuE,https://drive.google.com/file/d/1hnpjZrknKNBay4taqivKu-Y-3F4ubwuE/view,MUNICIPIO,MOSTRAR_MUNICIPIO,Altos,Tetela del Volcán,,Altos,Tetela del Volcán,,0,Promotor,Janet Jiménez,,Lote por evento,/foto/FOTO-CA2DFF95F0,,10,SI,ca2dff95f07f671654233ab01f344729f157c961e1f2c3f190c27e3103c1cf09,222786,1,Presupuesto participativo,tetela-del-volcan-presupuesto-participativo,,"Poligonos coordinados por Silvia Zavala2026. Altos Norte/Tetela del Volcán, Janet Jiménez/Presupuesto participativo/El malinal, Tetela del Volcán antes de la carretera nueva..jpeg"
FOTO-1C2D1FB88C,"El malinal, Tetela del Volcán con el nuevo tramo carretero..jpeg",1792j1opjRi7X9HQiuPaU0Cs8047QUEH8,https://drive.google.com/file/d/1792j1opjRi7X9HQiuPaU0Cs8047QUEH8/view,MUNICIPIO,MOSTRAR_MUNICIPIO,Altos,Tetela del Volcán,,Altos,Tetela del Volcán,,0,Promotor,Janet Jiménez,,Lote por evento,/foto/FOTO-1C2D1FB88C,,10,SI,1c2d1fb88cf76c71de3a176ae851b266a0e9eaccad632b12060336ab93fa1599,213277,1,Presupuesto participativo,tetela-del-volcan-presupuesto-participativo,,"Poligonos coordinados por Silvia Zavala2026. Altos Norte/Tetela del Volcán, Janet Jiménez/Presupuesto participativo/El malinal, Tetela del Volcán con el nuevo tramo carretero..jpeg"
FOTO-68F2B229C2,"El malinal, Tetala del Volcán. Taller de Pan artesanal 1.jpeg",1Ud2EwQomjvyxmGdln1UzNMmVGr-Dz0w1,https://drive.google.com/file/d/1Ud2EwQomjvyxmGdln1UzNMmVGr-Dz0w1/view,MUNICIPIO,MOSTRAR_MUNICIPIO,Altos,Tetela del Volcán,,Altos,Tetela del Volcán,,0,Promotor,Janet Jiménez,,Lote por evento,/foto/FOTO-68F2B229C2,,10,SI,68f2b229c29af0b9f1cc0b168655107e7e290cc9529ee19809a0035c85f9415f,183455,1,Proyecto CALMECAC,tetela-del-volcan-proyecto-calmecac,,"Poligonos coordinados por Silvia Zavala2026. Altos Norte/Tetela del Volcán, Janet Jiménez/Proyecto CALMECAC/El malinal, Tetala del Volcán. Taller de Pan artesanal 1.jpeg"
FOTO-40B23400BE,"El malinal, Tetala del Volcán. Taller de Pan artesanal 2.jpeg",1ICxcj0M2bDTYlNLqgaZQLasvzJKvyrFj,https://drive.google.com/file/d/1ICxcj0M2bDTYlNLqgaZQLasvzJKvyrFj/view,MUNICIPIO,MOSTRAR_MUNICIPIO,Altos,Tetela del Volcán,,Altos,Tetela del Volcán,,0,Promotor,Janet Jiménez,,Lote por evento,/foto/FOTO-40B23400BE,,10,SI,40b23400becdf039f0fbc49e3733a2c3abe288bff00bf20f68ec620cc8108b14,209922,1,Proyecto CALMECAC,tetela-del-volcan-proyecto-calmecac,,"Poligonos coordinados por Silvia Zavala2026. Altos Norte/Tetela del Volcán, Janet Jiménez/Proyecto CALMECAC/El malinal, Tetala del Volcán. Taller de Pan artesanal 2.jpeg"
FOTO-551B8236D6,"El malinal, Tetala del Volcán. Taller de Pan artesanal 3.jpeg",1tpThJbDF3nkTX8kew4TG48uOdv2EV60E,https://drive.google.com/file/d/1tpThJbDF3nkTX8kew4TG48uOdv2EV60E/view,MUNICIPIO,MOSTRAR_MUNICIPIO,Altos,Tetela del Volcán,,Altos,Tetela del Volcán,,0,Promotor,Janet Jiménez,,Lote por evento,/foto/FOTO-551B8236D6,,10,SI,551b8236d6c39950210d59a954591d892212d91f5a9ccd0fa0b5194a3c96e9ac,129840,1,Proyecto CALMECAC,tetela-del-volcan-proyecto-calmecac,,"Poligonos coordinados por Silvia Zavala2026. Altos Norte/Tetela del Volcán, Janet Jiménez/Proyecto CALMECAC/El malinal, Tetala del Volcán. Taller de Pan artesanal 3.jpeg"
FOTO-44900144FE,"Elaboración de Horno Artesanal. CALMECAC. Santiago, Tetela del Volcán 1..jpeg",1_oXEQWTpG9ntYB2EIBe8Gng89zAitssD,https://drive.google.com/file/d/1_oXEQWTpG9ntYB2EIBe8Gng89zAitssD/view,MUNICIPIO,MOSTRAR_MUNICIPIO,Altos,Tetela del Volcán,,Altos,Tetela del Volcán,,0,Promotor,Janet Jiménez,,Lote por evento,/foto/FOTO-44900144FE,,10,SI,44900144fe2615832bd28d81f13e20a47d50ec57e6a49b9e62ac1088a8aea9c7,254785,1,Proyecto CALMECAC,tetela-del-volcan-proyecto-calmecac,,"Poligonos coordinados por Silvia Zavala2026. Altos Norte/Tetela del Volcán, Janet Jiménez/Proyecto CALMECAC/Elaboración de Horno Artesanal. CALMECAC. Santiago, Tetela del Volcán 1..jpeg"
FOTO-08506F1B07,"Elaboración de Horno Artesanal. CALMECAC. Santiago, Tetela del Volcán 2..jpeg",1AOnyP8ejAWxISyop37Rd2y35pZtnEQsL,https://drive.google.com/file/d/1AOnyP8ejAWxISyop37Rd2y35pZtnEQsL/view,MUNICIPIO,MOSTRAR_MUNICIPIO,Altos,Tetela del Volcán,,Altos,Tetela del Volcán,,0,Promotor,Janet Jiménez,,Lote por evento,/foto/FOTO-08506F1B07,,10,SI,08506f1b071ecc27ba4358e130df222301e75afafa6f9ff312434336058284f0,287257,1,Proyecto CALMECAC,tetela-del-volcan-proyecto-calmecac,,"Poligonos coordinados por Silvia Zavala2026. Altos Norte/Tetela del Volcán, Janet Jiménez/Proyecto CALMECAC/Elaboración de Horno Artesanal. CALMECAC. Santiago, Tetela del Volcán 2..jpeg"
FOTO-AE39CB7B74,"Elaboración de Horno Artesanal. CALMECAC. Santiago, Tetela del Volcán 3.jpeg",1_FX8CSiuwhfu9vlBpyFaY-qTxM-p5kxe,https://drive.google.com/file/d/1_FX8CSiuwhfu9vlBpyFaY-qTxM-p5kxe/view,MUNICIPIO,MOSTRAR_MUNICIPIO,Altos,Tetela del Volcán,,Altos,Tetela del Volcán,,0,Promotor,Janet Jiménez,,Lote por evento,/foto/FOTO-AE39CB7B74,,10,SI,ae39cb7b74a1f27e73428dd2974126a9ee7519f7a079480fce663421ae800d79,251923,1,Proyecto CALMECAC,tetela-del-volcan-proyecto-calmecac,,"Poligonos coordinados por Silvia Zavala2026. Altos Norte/Tetela del Volcán, Janet Jiménez/Proyecto CALMECAC/Elaboración de Horno Artesanal. CALMECAC. Santiago, Tetela del Volcán 3.jpeg"
FOTO-1B2156DA2E,"Santiago, Tetela del Volcán, CALMECAC. Aprendiendo a realizar horno artesanal 4. 23012026 (1).jpeg",1eyQpLe7dZrg4Vzs7AQ71ko-WlrRBxpEM,https://drive.google.com/file/d/1eyQpLe7dZrg4Vzs7AQ71ko-WlrRBxpEM/view,MUNICIPIO,MOSTRAR_MUNICIPIO,Altos,Tetela del Volcán,,Altos,Tetela del Volcán,,0,Promotor,Janet Jiménez,,Lote por evento,/foto/FOTO-1B2156DA2E,,10,SI,1b2156da2eea8bc1016813a0e296efbd7811db44630e1ca68730c5d26b1e710d,205331,1,Proyecto CALMECAC,tetela-del-volcan-proyecto-calmecac,2026-01-23,"Poligonos coordinados por Silvia Zavala2026. Altos Norte/Tetela del Volcán, Janet Jiménez/Proyecto CALMECAC/Santiago, Tetela del Volcán, CALMECAC. Aprendiendo a realizar horno artesanal 4. 23012026 (1).jpeg"
FOTO-FFAF071B21,"Santiago, Tetela del Volcán, CALMECAC. Aprendiendo a realizar horno artesanal 4. 23012026 (2).jpeg",1nJw0G2x_ig9CQ56Rt09AMVxFmlppVdGQ,https://drive.google.com/file/d/1nJw0G2x_ig9CQ56Rt09AMVxFmlppVdGQ/view,MUNICIPIO,MOSTRAR_MUNICIPIO,Altos,Tetela del Volcán,,Altos,Tetela del Volcán,,0,Promotor,Janet Jiménez,,Lote por evento,/foto/FOTO-FFAF071B21,,10,SI,ffaf071b2130460472d92eb8e677d0a2ac87a313e188d5f1d04b0b76264ba8c6,264618,1,Proyecto CALMECAC,tetela-del-volcan-proyecto-calmecac,2026-01-23,"Poligonos coordinados por Silvia Zavala2026. Altos Norte/Tetela del Volcán, Janet Jiménez/Proyecto CALMECAC/Santiago, Tetela del Volcán, CALMECAC. Aprendiendo a realizar horno artesanal 4. 23012026 (2).jpeg"
FOTO-2BEB266D62,"Santiago, Tetela del Volcán, CALMECAC. Aprendiendo a realizar horno artesanal 4. 23012026 (3).jpeg",14euXFnz96tebxi-Kz8mwaVwconBb2HHV,https://drive.google.com/file/d/14euXFnz96tebxi-Kz8mwaVwconBb2HHV/view,MUNICIPIO,MOSTRAR_MUNICIPIO,Altos,Tetela del Volcán,,Altos,Tetela del Volcán,,0,Promotor,Janet Jiménez,,Lote por evento,/foto/FOTO-2BEB266D62,,10,SI,2beb266d62fa020c5b444a8eed96fb444e9799a14da59d96f45cf22fff754ad5,302256,1,Proyecto CALMECAC,tetela-del-volcan-proyecto-calmecac,2026-01-23,"Poligonos coordinados por Silvia Zavala2026. Altos Norte/Tetela del Volcán, Janet Jiménez/Proyecto CALMECAC/Santiago, Tetela del Volcán, CALMECAC. Aprendiendo a realizar horno artesanal 4. 23012026 (3).jpeg"
FOTO-80682E8DAE,"Santiago, Tetela del Volcán, en Taller de Hornos Artesanales, Calmécac 1.jpeg",1C9DfTxax0QmOHVKek0wHFr2q_vsZU0qY,https://drive.google.com/file/d/1C9DfTxax0QmOHVKek0wHFr2q_vsZU0qY/view,MUNICIPIO,MOSTRAR_MUNICIPIO,Altos,Tetela del Volcán,,Altos,Tetela del Volcán,,0,Promotor,Janet Jiménez,,Lote por evento,/foto/FOTO-80682E8DAE,,10,SI,80682e8dae1a501ea2c4577898758f90662afcd203bc7efe3b009483afeea535,304407,1,Proyecto CALMECAC,tetela-del-volcan-proyecto-calmecac,,"Poligonos coordinados por Silvia Zavala2026. Altos Norte/Tetela del Volcán, Janet Jiménez/Proyecto CALMECAC/Santiago, Tetela del Volcán, en Taller de Hornos Artesanales, Calmécac 1.jpeg"
FOTO-E029C6DE8D,"Santiago, Tetela del Volcán, en Taller de Hornos Artesanales, Calmécac 2.jpeg",1PLoqtfWJfR6dwd-cBOCO-jH7SJDCJptI,https://drive.google.com/file/d/1PLoqtfWJfR6dwd-cBOCO-jH7SJDCJptI/view,MUNICIPIO,MOSTRAR_MUNICIPIO,Altos,Tetela del Volcán,,Altos,Tetela del Volcán,,0,Promotor,Janet Jiménez,,Lote por evento,/foto/FOTO-E029C6DE8D,,10,SI,e029c6de8df14e6cdf2864cb7961ef3d9d88d59091e4f0ed6d8c76c395b604c1,288951,1,Proyecto CALMECAC,tetela-del-volcan-proyecto-calmecac,,"Poligonos coordinados por Silvia Zavala2026. Altos Norte/Tetela del Volcán, Janet Jiménez/Proyecto CALMECAC/Santiago, Tetela del Volcán, en Taller de Hornos Artesanales, Calmécac 2.jpeg"
FOTO-198834A3FF,"Santiago, Tetela del Volcán, en Taller de Hornos Artesanales, Calmécac 3.jpeg",15aK5Yqm3OD_fRJ3kryLGrvBI2eC6T5Ew,https://drive.google.com/file/d/15aK5Yqm3OD_fRJ3kryLGrvBI2eC6T5Ew/view,MUNICIPIO,MOSTRAR_MUNICIPIO,Altos,Tetela del Volcán,,Altos,Tetela del Volcán,,0,Promotor,Janet Jiménez,,Lote por evento,/foto/FOTO-198834A3FF,,10,SI,198834a3ffa52a94518dac2332d584ac3b2c53b53387cec2c9abf7a732778806,164373,1,Proyecto CALMECAC,tetela-del-volcan-proyecto-calmecac,,"Poligonos coordinados por Silvia Zavala2026. Altos Norte/Tetela del Volcán, Janet Jiménez/Proyecto CALMECAC/Santiago, Tetela del Volcán, en Taller de Hornos Artesanales, Calmécac 3.jpeg"
FOTO-4E1B463FD9,"Santiago, Tetela del Volcán. Curso de Aroma Terapia..jpeg",14AFSlEERmtcCzRQqi-roHqRjUQay_iAp,https://drive.google.com/file/d/14AFSlEERmtcCzRQqi-roHqRjUQay_iAp/view,MUNICIPIO,MOSTRAR_MUNICIPIO,Altos,Tetela del Volcán,,Altos,Tetela del Volcán,,0,Promotor,Janet Jiménez,,Lote por evento,/foto/FOTO-4E1B463FD9,,10,SI,4e1b463fd9925595880f970e2157d8a671563c23f706390ff3d36c81da2a04ab,113384,1,Proyecto CALMECAC,tetela-del-volcan-proyecto-calmecac,,"Poligonos coordinados por Silvia Zavala2026. Altos Norte/Tetela del Volcán, Janet Jiménez/Proyecto CALMECAC/Santiago, Tetela del Volcán. Curso de Aroma Terapia..jpeg"
FOTO-C571A90976,Sec. Bienestar visitando a beneficiarios de proyectos en Tetela del Volcán..jpeg,1LB9bT77-PMHO6JJp0Bp8Q-DrAyRplzgP,https://drive.google.com/file/d/1LB9bT77-PMHO6JJp0Bp8Q-DrAyRplzgP/view,MUNICIPIO,MOSTRAR_MUNICIPIO,Altos,Tetela del Volcán,,Altos,Tetela del Volcán,,0,Promotor,Janet Jiménez,,Lote por evento,/foto/FOTO-C571A90976,,10,SI,c571a90976b91cf6f9b16b941906851cf59fe485fb691307393680226be26bd4,145612,1,Proyecto CALMECAC,tetela-del-volcan-proyecto-calmecac,,"Poligonos coordinados por Silvia Zavala2026. Altos Norte/Tetela del Volcán, Janet Jiménez/Proyecto CALMECAC/Sec. Bienestar visitando a beneficiarios de proyectos en Tetela del Volcán..jpeg"
FOTO-50FCF4660F,Taller de Aromaterapia.jpeg,1FMe3WFcVY9c3jibk7gBIeioOrkOcJ3oT,https://drive.google.com/file/d/1FMe3WFcVY9c3jibk7gBIeioOrkOcJ3oT/view,MUNICIPIO,MOSTRAR_MUNICIPIO,Altos,Tetela del Volcán,,Altos,Tetela del Volcán,,0,Promotor,Janet Jiménez,,Lote por evento,/foto/FOTO-50FCF4660F,,10,SI,50fcf4660f0137b1ee4339af4f3192874e0100846c358f9144e91e87e5d5534e,132932,1,Proyecto CALMECAC,tetela-del-volcan-proyecto-calmecac,,"Poligonos coordinados por Silvia Zavala2026. Altos Norte/Tetela del Volcán, Janet Jiménez/Proyecto CALMECAC/Taller de Aromaterapia.jpeg"
FOTO-BA85908212,"Cortes de Cabello en Xochicalco, Tetela del Volcán 1. 04032026.jpeg",19VFW1t7mxY0a11WB9dJtfS5sLPadThPP,https://drive.google.com/file/d/19VFW1t7mxY0a11WB9dJtfS5sLPadThPP/view,MUNICIPIO,MOSTRAR_MUNICIPIO,Altos,Tetela del Volcán,,Altos,Tetela del Volcán,,0,Promotor,Janet Jiménez,,Lote por evento,/foto/FOTO-BA85908212,,10,SI,ba85908212eb21383ceba6c9ede2a393c41a8f6d8e5f20897104dd286516d307,200339,1,Proyecto ICATMOR,tetela-del-volcan-proyecto-icatmor,2026-03-04,"Poligonos coordinados por Silvia Zavala2026. Altos Norte/Tetela del Volcán, Janet Jiménez/Proyecto ICATMOR/Cortes de Cabello en Xochicalco, Tetela del Volcán 1. 04032026.jpeg"
FOTO-8A62EC501C,"Cortes de Cabello en Xochicalco, Tetela del Volcán 2. 04032026.jpeg",1PUj2MPPwxFc9P9I4SMNOMRdfp1vRHpTf,https://drive.google.com/file/d/1PUj2MPPwxFc9P9I4SMNOMRdfp1vRHpTf/view,MUNICIPIO,MOSTRAR_MUNICIPIO,Altos,Tetela del Volcán,,Altos,Tetela del Volcán,,0,Promotor,Janet Jiménez,,Lote por evento,/foto/FOTO-8A62EC501C,,10,SI,8a62ec501cb150accda38537e64340348d2d7a50ae9c066b879cb330f7f2955b,207928,1,Proyecto ICATMOR,tetela-del-volcan-proyecto-icatmor,2026-03-04,"Poligonos coordinados por Silvia Zavala2026. Altos Norte/Tetela del Volcán, Janet Jiménez/Proyecto ICATMOR/Cortes de Cabello en Xochicalco, Tetela del Volcán 2. 04032026.jpeg"
FOTO-0C395DE5FC,"Malinal, Tetela del Volcán. Curso ICATMOR, corte de dama y caballero 2.jpeg",1CsXy45LgGIB39GJRdWMdQxLc7YauFe9f,https://drive.google.com/file/d/1CsXy45LgGIB39GJRdWMdQxLc7YauFe9f/view,MUNICIPIO,MOSTRAR_MUNICIPIO,Altos,Tetela del Volcán,,Altos,Tetela del Volcán,,0,Promotor,Janet Jiménez,,Lote por evento,/foto/FOTO-0C395DE5FC,,10,SI,0c395de5fcc3c520faee3c17aee22852e2e1425e556ddb9c99f46f1c9802c935,138429,1,Proyecto ICATMOR,tetela-del-volcan-proyecto-icatmor,,"Poligonos coordinados por Silvia Zavala2026. Altos Norte/Tetela del Volcán, Janet Jiménez/Proyecto ICATMOR/Malinal, Tetela del Volcán. Curso ICATMOR, corte de dama y caballero 2.jpeg"
FOTO-BF61C4620A,"Malinal, Tetela del Volcán. Curso ICATMOR, corte de dama y caballero..jpeg",13yMttyuDgZA-gfcf9P9yadG9MxJO_MNz,https://drive.google.com/file/d/13yMttyuDgZA-gfcf9P9yadG9MxJO_MNz/view,MUNICIPIO,MOSTRAR_MUNICIPIO,Altos,Tetela del Volcán,,Altos,Tetela del Volcán,,0,Promotor,Janet Jiménez,,Lote por evento,/foto/FOTO-BF61C4620A,,10,SI,bf61c4620a35ce52758938de64e64c9e26b316a2f30330d1d9c78e63cb358ee3,263467,1,Proyecto ICATMOR,tetela-del-volcan-proyecto-icatmor,,"Poligonos coordinados por Silvia Zavala2026. Altos Norte/Tetela del Volcán, Janet Jiménez/Proyecto ICATMOR/Malinal, Tetela del Volcán. Curso ICATMOR, corte de dama y caballero..jpeg"
FOTO-DFD978164B,"Taller de cortes de cabello, El Malinal, Tetela del Volcán 1. 07032026.jpeg",1fadXpqQtEe-SUZRJxKxxAqOdnTE_s-Ia,https://drive.google.com/file/d/1fadXpqQtEe-SUZRJxKxxAqOdnTE_s-Ia/view,MUNICIPIO,MOSTRAR_MUNICIPIO,Altos,Tetela del Volcán,,Altos,Tetela del Volcán,,0,Promotor,Janet Jiménez,,Lote por evento,/foto/FOTO-DFD978164B,,10,SI,dfd978164be5a3e9161f69ee9652f78a1b233cf937423157e17bcd0755b381e6,212176,1,Proyecto ICATMOR,tetela-del-volcan-proyecto-icatmor,2026-03-07,"Poligonos coordinados por Silvia Zavala2026. Altos Norte/Tetela del Volcán, Janet Jiménez/Proyecto ICATMOR/Taller de cortes de cabello, El Malinal, Tetela del Volcán 1. 07032026.jpeg"
FOTO-8F781031DC,"Taller de cortes de cabello, El Malinal, Tetela del Volcán 2. 07032026.jpeg",1N-Wo8F2WKPKhCjms-DsLH7jntgz2UQuF,https://drive.google.com/file/d/1N-Wo8F2WKPKhCjms-DsLH7jntgz2UQuF/view,MUNICIPIO,MOSTRAR_MUNICIPIO,Altos,Tetela del Volcán,,Altos,Tetela del Volcán,,0,Promotor,Janet Jiménez,,Lote por evento,/foto/FOTO-8F781031DC,,10,SI,8f781031dc30083d71e22c22626b88c2169c288647e9d44c8b4cd717a6360020,169309,1,Proyecto ICATMOR,tetela-del-volcan-proyecto-icatmor,2026-03-07,"Poligonos coordinados por Silvia Zavala2026. Altos Norte/Tetela del Volcán, Janet Jiménez/Proyecto ICATMOR/Taller de cortes de cabello, El Malinal, Tetela del Volcán 2. 07032026.jpeg"
FOTO-971F9B8067,"Taller de cortes de cabello, El Malinal, Tetela del Volcán. 07032026.jpeg",1du-jiI55KQnQvgM-vCi19VpdzVJf61Zi,https://drive.google.com/file/d/1du-jiI55KQnQvgM-vCi19VpdzVJf61Zi/view,MUNICIPIO,MOSTRAR_MUNICIPIO,Altos,Tetela del Volcán,,Altos,Tetela del Volcán,,0,Promotor,Janet Jiménez,,Lote por evento,/foto/FOTO-971F9B8067,,10,SI,971f9b8067d6dd18bb1ab62a1cbc9286cd688f3fe310fe70852f3eff39e76e3f,193583,1,Proyecto ICATMOR,tetela-del-volcan-proyecto-icatmor,2026-03-07,"Poligonos coordinados por Silvia Zavala2026. Altos Norte/Tetela del Volcán, Janet Jiménez/Proyecto ICATMOR/Taller de cortes de cabello, El Malinal, Tetela del Volcán. 07032026.jpeg"
FOTO-885675E0CC,WhatsApp Image 2026-01-21 at 2.35.19 PM (1).jpeg,1J7OW_uXW3L7lPl63fK7yY5s06ev1EQ27,https://drive.google.com/file/d/1J7OW_uXW3L7lPl63fK7yY5s06ev1EQ27/view,MUNICIPIO,MOSTRAR_MUNICIPIO,Altos,Tetela del Volcán,,Altos,Tetela del Volcán,,0,Promotor,Janet Jiménez,,Lote por evento,/foto/FOTO-885675E0CC,,10,SI,885675e0cc744342220ef17596dc629b9b30a28f9d7f48330e642a0ac46860e6,143537,1,Proyecto ICATMOR,tetela-del-volcan-proyecto-icatmor,2026-01-21,"Poligonos coordinados por Silvia Zavala2026. Altos Norte/Tetela del Volcán, Janet Jiménez/Proyecto ICATMOR/WhatsApp Image 2026-01-21 at 2.35.19 PM (1).jpeg"
FOTO-19B2B0669A,WhatsApp Image 2026-01-21 at 2.35.19 PM (2).jpeg,10c_0mPHpkMN-KYKOifKc916VbP7GvHmS,https://drive.google.com/file/d/10c_0mPHpkMN-KYKOifKc916VbP7GvHmS/view,MUNICIPIO,MOSTRAR_MUNICIPIO,Altos,Tetela del Volcán,,Altos,Tetela del Volcán,,0,Promotor,Janet Jiménez,,Lote por evento,/foto/FOTO-19B2B0669A,,10,SI,19b2b0669adce57b3e89a0174d9d875b2c83e9af181084e67efe28d7c100a152,138141,1,Proyecto ICATMOR,tetela-del-volcan-proyecto-icatmor,2026-01-21,"Poligonos coordinados por Silvia Zavala2026. Altos Norte/Tetela del Volcán, Janet Jiménez/Proyecto ICATMOR/WhatsApp Image 2026-01-21 at 2.35.19 PM (2).jpeg"
FOTO-D56B398537,WhatsApp Image 2026-01-21 at 2.35.19 PM.jpeg,1dW6m9aIxotssUvG2t2PvKMEwRsRhTFEh,https://drive.google.com/file/d/1dW6m9aIxotssUvG2t2PvKMEwRsRhTFEh/view,MUNICIPIO,MOSTRAR_MUNICIPIO,Altos,Tetela del Volcán,,Altos,Tetela del Volcán,,0,Promotor,Janet Jiménez,,Lote por evento,/foto/FOTO-D56B398537,,10,SI,d56b39853721e9726225600cd68188e7b1b7c88ddcc62638b44e354bfafad800,143423,1,Proyecto ICATMOR,tetela-del-volcan-proyecto-icatmor,2026-01-21,"Poligonos coordinados por Silvia Zavala2026. Altos Norte/Tetela del Volcán, Janet Jiménez/Proyecto ICATMOR/WhatsApp Image 2026-01-21 at 2.35.19 PM.jpeg"
FOTO-4C401994E0,WhatsApp Image 2026-01-28 at 5.01.53 PM (1).jpeg,1KZAM7CwCWBGi66M_litC9AE4E0aUwMtE,https://drive.google.com/file/d/1KZAM7CwCWBGi66M_litC9AE4E0aUwMtE/view,MUNICIPIO,MOSTRAR_MUNICIPIO,Altos,Tetela del Volcán,,Altos,Tetela del Volcán,,0,Promotor,Janet Jiménez,,Lote por evento,/foto/FOTO-4C401994E0,,10,SI,4c401994e092eab00f623f4ac4e59ad182ef9fd34e5661650e14fd42e73f81a2,136031,1,Proyecto ICATMOR,tetela-del-volcan-proyecto-icatmor,2026-01-28,"Poligonos coordinados por Silvia Zavala2026. Altos Norte/Tetela del Volcán, Janet Jiménez/Proyecto ICATMOR/WhatsApp Image 2026-01-28 at 5.01.53 PM (1).jpeg"
FOTO-C3B28CDAAA,WhatsApp Image 2026-01-28 at 5.01.53 PM.jpeg,1qVazqUxnGn_31-BS062aKicCBHbc3RM3,https://drive.google.com/file/d/1qVazqUxnGn_31-BS062aKicCBHbc3RM3/view,MUNICIPIO,MOSTRAR_MUNICIPIO,Altos,Tetela del Volcán,,Altos,Tetela del Volcán,,0,Promotor,Janet Jiménez,,Lote por evento,/foto/FOTO-C3B28CDAAA,,10,SI,c3b28cdaaadef4c5b82b0dc7a5630a5a7a55130175b41d933b47d2462e75b49f,120192,1,Proyecto ICATMOR,tetela-del-volcan-proyecto-icatmor,2026-01-28,"Poligonos coordinados por Silvia Zavala2026. Altos Norte/Tetela del Volcán, Janet Jiménez/Proyecto ICATMOR/WhatsApp Image 2026-01-28 at 5.01.53 PM.jpeg"
FOTO-1C2F84C7B6,"El malinal, Tetela del Volcán. Capacitación con los grupos de semillas  de esperanza 1.jpeg",14JZFnmEYh6kLMt4bo0EKUykXg-wAMzkQ,https://drive.google.com/file/d/14JZFnmEYh6kLMt4bo0EKUykXg-wAMzkQ/view,MUNICIPIO,MOSTRAR_MUNICIPIO,Altos,Tetela del Volcán,,Altos,Tetela del Volcán,,0,Promotor,Janet Jiménez,,Lote por evento,/foto/FOTO-1C2F84C7B6,,10,SI,1c2f84c7b6410fc7d1ddfba9b8f031d248c708d705a8dd46a3c61145861f607e,217089,1,Semillas de Esperanza,tetela-del-volcan-semillas-de-esperanza,,"Poligonos coordinados por Silvia Zavala2026. Altos Norte/Tetela del Volcán, Janet Jiménez/Semillas de Esperanza/El malinal, Tetela del Volcán. Capacitación con los grupos de semillas  de esperanza 1.jpeg"
FOTO-A419B57948,"El malinal, Tetela del Volcán. Capacitación con los grupos de semillas  de esperanza 2.jpeg",12i3A55Wjv32SkBMOrNaJ5k8eEiChwsPW,https://drive.google.com/file/d/12i3A55Wjv32SkBMOrNaJ5k8eEiChwsPW/view,MUNICIPIO,MOSTRAR_MUNICIPIO,Altos,Tetela del Volcán,,Altos,Tetela del Volcán,,0,Promotor,Janet Jiménez,,Lote por evento,/foto/FOTO-A419B57948,,10,SI,a419b57948e9af877e335d5155937e643e396efafecc8f05096f3d754f9cedc4,192120,1,Semillas de Esperanza,tetela-del-volcan-semillas-de-esperanza,,"Poligonos coordinados por Silvia Zavala2026. Altos Norte/Tetela del Volcán, Janet Jiménez/Semillas de Esperanza/El malinal, Tetela del Volcán. Capacitación con los grupos de semillas  de esperanza 2.jpeg"
FOTO-05AA9F8FFC,"El malinal, Tetela del Volcán. Capacitación con los grupos de semillas  de esperanza 3.jpeg",1TmUq_v462z3FojbVFmETlMkn-28ihkAj,https://drive.google.com/file/d/1TmUq_v462z3FojbVFmETlMkn-28ihkAj/view,MUNICIPIO,MOSTRAR_MUNICIPIO,Altos,Tetela del Volcán,,Altos,Tetela del Volcán,,0,Promotor,Janet Jiménez,,Lote por evento,/foto/FOTO-05AA9F8FFC,,10,SI,05aa9f8ffc8b8997b99e8e83ad5872ef437aebc60dbab95dcd26e2d02f5af5c5,209580,1,Semillas de Esperanza,tetela-del-volcan-semillas-de-esperanza,,"Poligonos coordinados por Silvia Zavala2026. Altos Norte/Tetela del Volcán, Janet Jiménez/Semillas de Esperanza/El malinal, Tetela del Volcán. Capacitación con los grupos de semillas  de esperanza 3.jpeg"
FOTO-DC970B9255,"Taller de Barro, Santiago, Tetela del Volcán 1. 05032026.jpeg",1dQXo0LeUrDcyT53eeKzp9-GsSqPiPs0V,https://drive.google.com/file/d/1dQXo0LeUrDcyT53eeKzp9-GsSqPiPs0V/view,MUNICIPIO,MOSTRAR_MUNICIPIO,Altos,Tetela del Volcán,,Altos,Tetela del Volcán,,0,Promotor,Janet Jiménez,,Lote por evento,/foto/FOTO-DC970B9255,,10,SI,dc970b92550a130223ecf2a021bbcfc58b6ac64539007c472aa63057f2ef9c64,355456,1,Taller de Barro,tetela-del-volcan-taller-de-barro,2026-03-05,"Poligonos coordinados por Silvia Zavala2026. Altos Norte/Tetela del Volcán, Janet Jiménez/Taller de Barro/Taller de Barro, Santiago, Tetela del Volcán 1. 05032026.jpeg"
FOTO-87B47AAC6F,"Taller de Barro, Santiago, Tetela del Volcán 2. 05032026.jpeg",1F2xo0UvcocDr4Z3pyvdO9xk5V31_W9QV,https://drive.google.com/file/d/1F2xo0UvcocDr4Z3pyvdO9xk5V31_W9QV/view,MUNICIPIO,MOSTRAR_MUNICIPIO,Altos,Tetela del Volcán,,Altos,Tetela del Volcán,,0,Promotor,Janet Jiménez,,Lote por evento,/foto/FOTO-87B47AAC6F,,10,SI,87b47aac6fb1da6a59b63fd9f0dd26a4fba3499b8334cccab58c74d9dfd45529,306186,1,Taller de Barro,tetela-del-volcan-taller-de-barro,2026-03-05,"Poligonos coordinados por Silvia Zavala2026. Altos Norte/Tetela del Volcán, Janet Jiménez/Taller de Barro/Taller de Barro, Santiago, Tetela del Volcán 2. 05032026.jpeg"
FOTO-D9DCACCC43,"Taller de Barro, Santiago, Tetela del Volcán 3 05032026.jpeg",1ERcU3Mw2hpVQnQ4hHHKCaeE_bDfctJgJ,https://drive.google.com/file/d/1ERcU3Mw2hpVQnQ4hHHKCaeE_bDfctJgJ/view,MUNICIPIO,MOSTRAR_MUNICIPIO,Altos,Tetela del Volcán,,Altos,Tetela del Volcán,,0,Promotor,Janet Jiménez,,Lote por evento,/foto/FOTO-D9DCACCC43,,10,SI,d9dcaccc43b409b33290661fea080d32ee1df6bcd472cc0b770713fe649520e7,241709,1,Taller de Barro,tetela-del-volcan-taller-de-barro,2026-03-05,"Poligonos coordinados por Silvia Zavala2026. Altos Norte/Tetela del Volcán, Janet Jiménez/Taller de Barro/Taller de Barro, Santiago, Tetela del Volcán 3 05032026.jpeg"
FOTO-3E21F7C7CC,WhatsApp Image 2026-01-21 at 10.50.18 AM (1).jpeg,16yTYSX2AOsvEQANxSKUu8IC4X_fVPC0w,https://drive.google.com/file/d/16yTYSX2AOsvEQANxSKUu8IC4X_fVPC0w/view,MUNICIPIO,MOSTRAR_MUNICIPIO,Altos,Tetela del Volcán,,Altos,Tetela del Volcán,,0,Promotor,Janet Jiménez,,Lote por evento,/foto/FOTO-3E21F7C7CC,,10,SI,3e21f7c7cc876836ef736365765f62e1058bf4bba0c9cffe6b771a4e1832082c,146144,1,,,2026-01-21,"Poligonos coordinados por Silvia Zavala2026. Altos Norte/Tetela del Volcán, Janet Jiménez/WhatsApp Image 2026-01-21 at 10.50.18 AM (1).jpeg"
FOTO-2A9CD80E36,"Inicio del taller de ICATMOR, Productos del Mar, col. Texcalpan 1, Tlayacapan  2026-09-01.jpeg",1z534FNXW5GFtyFlct88vx3dlE0EwCySa,https://drive.google.com/file/d/1z534FNXW5GFtyFlct88vx3dlE0EwCySa/view,MUNICIPIO,MOSTRAR_MUNICIPIO,Altos,Tlayacapan,,Altos,Tlayacapan,,0,Promotor,Maribel Lima Santamaría,,Lote por evento,/foto/FOTO-2A9CD80E36,,10,SI,2a9cd80e36167351a1b1f59d9dd898b72e5d7e2e7e9e1fa81f981d553b446ccb,242673,1,Capacitaciones de ICATMOR,tlayacapan-capacitaciones-de-icatmor,2026-09-01,"Poligonos coordinados por Silvia Zavala2026. Altos Norte/Tlayacapan, Maribel Lima Santamaría/Capacitaciones de ICATMOR/Inicio del taller de ICATMOR, Productos del Mar, col. Texcalpan 1, Tlayacapan  2026-09-01.jpeg"
FOTO-CFF90E1BDE,"Inicio del taller de ICATMOR, Productos del Mar, col. Texcalpan 2, Tlayacapan 2026-09-01.jpeg",1ZeeebBsuA5t1CQm6bP21_-s4Wfg_5Ky9,https://drive.google.com/file/d/1ZeeebBsuA5t1CQm6bP21_-s4Wfg_5Ky9/view,MUNICIPIO,MOSTRAR_MUNICIPIO,Altos,Tlayacapan,,Altos,Tlayacapan,,0,Promotor,Maribel Lima Santamaría,,Lote por evento,/foto/FOTO-CFF90E1BDE,,10,SI,cff90e1bde1b4141f8e72ecc003e1ef8a46851dbc3373d4b0a8297bcc6146836,252406,1,Capacitaciones de ICATMOR,tlayacapan-capacitaciones-de-icatmor,2026-09-01,"Poligonos coordinados por Silvia Zavala2026. Altos Norte/Tlayacapan, Maribel Lima Santamaría/Capacitaciones de ICATMOR/Inicio del taller de ICATMOR, Productos del Mar, col. Texcalpan 2, Tlayacapan 2026-09-01.jpeg"
FOTO-0321AC56BF,"Inicio del taller de ICATMOR, Productos del Mar, col. Texcalpan 3, Tlayacapan }2026-09-01.jpeg",1ZbbjZPM_uEmzQV3k7U3ntL699kc-7du6,https://drive.google.com/file/d/1ZbbjZPM_uEmzQV3k7U3ntL699kc-7du6/view,MUNICIPIO,MOSTRAR_MUNICIPIO,Altos,Tlayacapan,,Altos,Tlayacapan,,0,Promotor,Maribel Lima Santamaría,,Lote por evento,/foto/FOTO-0321AC56BF,,10,SI,0321ac56bf532420834094c27dae2837680c57e148138160ad4332c8f98d5bc5,277488,1,Capacitaciones de ICATMOR,tlayacapan-capacitaciones-de-icatmor,2026-09-01,"Poligonos coordinados por Silvia Zavala2026. Altos Norte/Tlayacapan, Maribel Lima Santamaría/Capacitaciones de ICATMOR/Inicio del taller de ICATMOR, Productos del Mar, col. Texcalpan 3, Tlayacapan }2026-09-01.jpeg"
FOTO-9C11C60238,"Recepción de documentos en Texcala, Tlayacapan. 11062026.jpeg",1Z1nXZ0kXi6tiM7g7VQEFq6UVH2DeIljv,https://drive.google.com/file/d/1Z1nXZ0kXi6tiM7g7VQEFq6UVH2DeIljv/view,MUNICIPIO,MOSTRAR_MUNICIPIO,Altos,Tlayacapan,,Altos,Tlayacapan,,0,Promotor,Maribel Lima Santamaría,,Lote por evento,/foto/FOTO-9C11C60238,,10,SI,9c11c60238e4e23b0c2437ad4562541366b88e415caf7bb722967de6039e9485,190729,1,Capacitaciones de ICATMOR,tlayacapan-capacitaciones-de-icatmor,2026-06-11,"Poligonos coordinados por Silvia Zavala2026. Altos Norte/Tlayacapan, Maribel Lima Santamaría/Capacitaciones de ICATMOR/Recepción de documentos en Texcala, Tlayacapan. 11062026.jpeg"
FOTO-97DDD57A89,Seguimiento al curso de Panadería Tradicional. Col. Nacatonco 1..jpeg,1HHv4SIVDgCf5E5Wofxb2-v1L3UFuEv8Y,https://drive.google.com/file/d/1HHv4SIVDgCf5E5Wofxb2-v1L3UFuEv8Y/view,MUNICIPIO,MOSTRAR_MUNICIPIO,Altos,Tlayacapan,,Altos,Tlayacapan,,0,Promotor,Maribel Lima Santamaría,,Lote por evento,/foto/FOTO-97DDD57A89,,10,SI,97ddd57a891b12866a1b6976dce3c54a669b386510f7b26c78b12a4dbb13c300,314667,1,Capacitaciones de ICATMOR,tlayacapan-capacitaciones-de-icatmor,,"Poligonos coordinados por Silvia Zavala2026. Altos Norte/Tlayacapan, Maribel Lima Santamaría/Capacitaciones de ICATMOR/Seguimiento al curso de Panadería Tradicional. Col. Nacatonco 1..jpeg"
FOTO-283E29B739,Seguimiento al curso de Panadería Tradicional. Col. Nacatonco 2..jpeg,1t8zxLITraP1BI64aRWE05UpfKzuuWANp,https://drive.google.com/file/d/1t8zxLITraP1BI64aRWE05UpfKzuuWANp/view,MUNICIPIO,MOSTRAR_MUNICIPIO,Altos,Tlayacapan,,Altos,Tlayacapan,,0,Promotor,Maribel Lima Santamaría,,Lote por evento,/foto/FOTO-283E29B739,,10,SI,283e29b73939ee54928aefeb985ec60a9992a6e4f43dd300eea3a97ead71709b,182894,1,Capacitaciones de ICATMOR,tlayacapan-capacitaciones-de-icatmor,,"Poligonos coordinados por Silvia Zavala2026. Altos Norte/Tlayacapan, Maribel Lima Santamaría/Capacitaciones de ICATMOR/Seguimiento al curso de Panadería Tradicional. Col. Nacatonco 2..jpeg"
FOTO-95B6089740,Seguimiento al curso de Panadería Tradicional. Col. Nacatonco 3..jpeg,1zmC86yPB_NO_8YrnnE6XrYGax2euGUhp,https://drive.google.com/file/d/1zmC86yPB_NO_8YrnnE6XrYGax2euGUhp/view,MUNICIPIO,MOSTRAR_MUNICIPIO,Altos,Tlayacapan,,Altos,Tlayacapan,,0,Promotor,Maribel Lima Santamaría,,Lote por evento,/foto/FOTO-95B6089740,,10,SI,95b608974082ff5f0bf9688df62113c37857fe802b517f55f92fa87dc5bc8cdc,326501,1,Capacitaciones de ICATMOR,tlayacapan-capacitaciones-de-icatmor,,"Poligonos coordinados por Silvia Zavala2026. Altos Norte/Tlayacapan, Maribel Lima Santamaría/Capacitaciones de ICATMOR/Seguimiento al curso de Panadería Tradicional. Col. Nacatonco 3..jpeg"
FOTO-660222FA6D,"Seguimiento de curso ICATMOR, Reposteria, Texcalpan , Tlayacapan 1  2026-09-17.jpeg",1QcQppc-29K0WFEHInPcJfQhOLURyzjj6,https://drive.google.com/file/d/1QcQppc-29K0WFEHInPcJfQhOLURyzjj6/view,MUNICIPIO,MOSTRAR_MUNICIPIO,Altos,Tlayacapan,,Altos,Tlayacapan,,0,Promotor,Maribel Lima Santamaría,,Lote por evento,/foto/FOTO-660222FA6D,,10,SI,660222fa6dbaf5f571105d0c3bb1cba0937c6453f4575ecc728ae29c6d864340,189731,1,Capacitaciones de ICATMOR,tlayacapan-capacitaciones-de-icatmor,2026-09-17,"Poligonos coordinados por Silvia Zavala2026. Altos Norte/Tlayacapan, Maribel Lima Santamaría/Capacitaciones de ICATMOR/Seguimiento de curso ICATMOR, Reposteria, Texcalpan , Tlayacapan 1  2026-09-17.jpeg"
FOTO-5560711E98,"Seguimiento de curso ICATMOR, Reposteria, Texcalpan 2  2026-09-17.jpeg",1DEvlDpnLDuK6RNHDka-sZ1IDb8Qqwf1j,https://drive.google.com/file/d/1DEvlDpnLDuK6RNHDka-sZ1IDb8Qqwf1j/view,MUNICIPIO,MOSTRAR_MUNICIPIO,Altos,Tlayacapan,,Altos,Tlayacapan,,0,Promotor,Maribel Lima Santamaría,,Lote por evento,/foto/FOTO-5560711E98,,10,SI,5560711e983eea2939603a4b24acb9f9589e2f6e79d3272ee1493bdacffc48b7,161706,1,Capacitaciones de ICATMOR,tlayacapan-capacitaciones-de-icatmor,2026-09-17,"Poligonos coordinados por Silvia Zavala2026. Altos Norte/Tlayacapan, Maribel Lima Santamaría/Capacitaciones de ICATMOR/Seguimiento de curso ICATMOR, Reposteria, Texcalpan 2  2026-09-17.jpeg"
FOTO-15A9AB5E95,"Seguimiento de curso ICATMOR, Reposteria, Texcalpan 3  2026-09-17.jpeg",1dV9cVY-3mF8jg8UnA6Jps9e-ERgdU6VV,https://drive.google.com/file/d/1dV9cVY-3mF8jg8UnA6Jps9e-ERgdU6VV/view,MUNICIPIO,MOSTRAR_MUNICIPIO,Altos,Tlayacapan,,Altos,Tlayacapan,,0,Promotor,Maribel Lima Santamaría,,Lote por evento,/foto/FOTO-15A9AB5E95,,10,SI,15a9ab5e9511facefd2e7bc2812dbe83604a0f88878df3ac8ce76b0bedf426b5,140647,1,Capacitaciones de ICATMOR,tlayacapan-capacitaciones-de-icatmor,2026-09-17,"Poligonos coordinados por Silvia Zavala2026. Altos Norte/Tlayacapan, Maribel Lima Santamaría/Capacitaciones de ICATMOR/Seguimiento de curso ICATMOR, Reposteria, Texcalpan 3  2026-09-17.jpeg"
FOTO-D0CB513CE7,Taller de resina epoxica.  ICATMOR. Tlayacapan. 02032026.jpeg,17rrF64-20dZSIp_wSPaUY00W8-KEfa0R,https://drive.google.com/file/d/17rrF64-20dZSIp_wSPaUY00W8-KEfa0R/view,MUNICIPIO,MOSTRAR_MUNICIPIO,Altos,Tlayacapan,,Altos,Tlayacapan,,0,Promotor,Maribel Lima Santamaría,,Lote por evento,/foto/FOTO-D0CB513CE7,,10,SI,d0cb513ce7ca964c940b1577c56ec22c6899919fe7dcba3590f14c35f91033bf,168185,1,Capacitaciones de ICATMOR,tlayacapan-capacitaciones-de-icatmor,2026-03-02,"Poligonos coordinados por Silvia Zavala2026. Altos Norte/Tlayacapan, Maribel Lima Santamaría/Capacitaciones de ICATMOR/Taller de resina epoxica.  ICATMOR. Tlayacapan. 02032026.jpeg"
FOTO-072ED34086,Asamblea de toma de protesta en Col. Santiago Pala 1.jpeg,1Ee2n6Ig0QoJ70MfLgLFsibDGsmvERhO2,https://drive.google.com/file/d/1Ee2n6Ig0QoJ70MfLgLFsibDGsmvERhO2/view,MUNICIPIO,MOSTRAR_MUNICIPIO,Altos,Tlayacapan,,Altos,Tlayacapan,,0,Promotor,Maribel Lima Santamaría,,Lote por evento,/foto/FOTO-072ED34086,,10,SI,072ed3408606346cedee59dc59fbf405944c531e37801dcd3aa00fcf9d4352e8,324958,1,Consejos Comunitarios,tlayacapan-consejos-comunitarios,,"Poligonos coordinados por Silvia Zavala2026. Altos Norte/Tlayacapan, Maribel Lima Santamaría/Consejos Comunitarios/Asamblea de toma de protesta en Col. Santiago Pala 1.jpeg"
FOTO-79A5A655BB,Asamblea de toma de protesta en Col. Santiago Pala 2.jpeg,1bvqtEB7Vw5QkDk0TbqZbEUruC5eFfOAC,https://drive.google.com/file/d/1bvqtEB7Vw5QkDk0TbqZbEUruC5eFfOAC/view,MUNICIPIO,MOSTRAR_MUNICIPIO,Altos,Tlayacapan,,Altos,Tlayacapan,,0,Promotor,Maribel Lima Santamaría,,Lote por evento,/foto/FOTO-79A5A655BB,,10,SI,79a5a655bb4ca6da52d9cddd202a6cd41a47ce3e689bd55790374c128e0f9509,259083,1,Consejos Comunitarios,tlayacapan-consejos-comunitarios,,"Poligonos coordinados por Silvia Zavala2026. Altos Norte/Tlayacapan, Maribel Lima Santamaría/Consejos Comunitarios/Asamblea de toma de protesta en Col. Santiago Pala 2.jpeg"
FOTO-21028EE8A9,Asamblea de toma de protesta en Col. Santiago Pala 3.jpeg,1vXa-FqrgJmpmgKKm8RoulYbfWCgUx4jl,https://drive.google.com/file/d/1vXa-FqrgJmpmgKKm8RoulYbfWCgUx4jl/view,MUNICIPIO,MOSTRAR_MUNICIPIO,Altos,Tlayacapan,,Altos,Tlayacapan,,0,Promotor,Maribel Lima Santamaría,,Lote por evento,/foto/FOTO-21028EE8A9,,10,SI,21028ee8a928c462a44fb92fed8435daa78f7885d3e47f9f426da89d19e756f3,309481,1,Consejos Comunitarios,tlayacapan-consejos-comunitarios,,"Poligonos coordinados por Silvia Zavala2026. Altos Norte/Tlayacapan, Maribel Lima Santamaría/Consejos Comunitarios/Asamblea de toma de protesta en Col. Santiago Pala 3.jpeg"
FOTO-4C7C801F92,Asamblea de toma de protesta en Col. Santiago Pala 4.jpeg,1ssjxofnh7g2EXpWxBZywWgkNJl-obsWp,https://drive.google.com/file/d/1ssjxofnh7g2EXpWxBZywWgkNJl-obsWp/view,MUNICIPIO,MOSTRAR_MUNICIPIO,Altos,Tlayacapan,,Altos,Tlayacapan,,0,Promotor,Maribel Lima Santamaría,,Lote por evento,/foto/FOTO-4C7C801F92,,10,SI,4c7c801f9269d713c8d0b399503bb08e1c706f1a1d1fb02025855dcfc157547d,225465,1,Consejos Comunitarios,tlayacapan-consejos-comunitarios,,"Poligonos coordinados por Silvia Zavala2026. Altos Norte/Tlayacapan, Maribel Lima Santamaría/Consejos Comunitarios/Asamblea de toma de protesta en Col. Santiago Pala 4.jpeg"
FOTO-128D2D396A,Asamblea de toma de protesta en Col. Santiago Pala 5.jpeg,1UGatST5ut_zZm_EpSq29BSdiKvN3TnAD,https://drive.google.com/file/d/1UGatST5ut_zZm_EpSq29BSdiKvN3TnAD/view,MUNICIPIO,MOSTRAR_MUNICIPIO,Altos,Tlayacapan,,Altos,Tlayacapan,,0,Promotor,Maribel Lima Santamaría,,Lote por evento,/foto/FOTO-128D2D396A,,10,SI,128d2d396af75f1d06cbee55ca0c6e931fe6b385a462029e28df2523ee3a1b8b,242411,1,Consejos Comunitarios,tlayacapan-consejos-comunitarios,,"Poligonos coordinados por Silvia Zavala2026. Altos Norte/Tlayacapan, Maribel Lima Santamaría/Consejos Comunitarios/Asamblea de toma de protesta en Col. Santiago Pala 5.jpeg"
FOTO-43A474D27C,Toma de Protesta Col. Texcalpan 4..jpeg,1dNVPXlR7U_307OcUCSx5IWTdaEPCZt8M,https://drive.google.com/file/d/1dNVPXlR7U_307OcUCSx5IWTdaEPCZt8M/view,MUNICIPIO,MOSTRAR_MUNICIPIO,Altos,Tlayacapan,,Altos,Tlayacapan,,0,Promotor,Maribel Lima Santamaría,,Lote por evento,/foto/FOTO-43A474D27C,,10,SI,43a474d27c8f4be8fe3aa41713d8b269c5483c95a2a8063407d150784761a0a3,182122,1,Consejos Comunitarios,tlayacapan-consejos-comunitarios,,"Poligonos coordinados por Silvia Zavala2026. Altos Norte/Tlayacapan, Maribel Lima Santamaría/Consejos Comunitarios/Toma de Protesta Col. Texcalpan 4..jpeg"
FOTO-7BA0628103,Toma de Protesta Col. Texcalpan Tlayacapan 3.jpeg,136YY6aJAZtitxhIRS0s1zDzmNH40IQGO,https://drive.google.com/file/d/136YY6aJAZtitxhIRS0s1zDzmNH40IQGO/view,MUNICIPIO,MOSTRAR_MUNICIPIO,Altos,Tlayacapan,,Altos,Tlayacapan,,0,Promotor,Maribel Lima Santamaría,,Lote por evento,/foto/FOTO-7BA0628103,,10,SI,7ba06281033b35c4d26925763bd6645ccd5a014f09e4bd7f2304c7f807eeef32,181278,1,Consejos Comunitarios,tlayacapan-consejos-comunitarios,,"Poligonos coordinados por Silvia Zavala2026. Altos Norte/Tlayacapan, Maribel Lima Santamaría/Consejos Comunitarios/Toma de Protesta Col. Texcalpan Tlayacapan 3.jpeg"
FOTO-0311688EEA,Toma de Protesta Col. Texcalpan. Tlayacapan 2.jpeg,1uD1p0ZzLpalxnNqXMfM_CqVU1hxwope9,https://drive.google.com/file/d/1uD1p0ZzLpalxnNqXMfM_CqVU1hxwope9/view,MUNICIPIO,MOSTRAR_MUNICIPIO,Altos,Tlayacapan,,Altos,Tlayacapan,,0,Promotor,Maribel Lima Santamaría,,Lote por evento,/foto/FOTO-0311688EEA,,10,SI,0311688eeab45ae1e4a400ba49e7bfe57547a90bff0ccbf1a9496a62863a6efe,211446,1,Consejos Comunitarios,tlayacapan-consejos-comunitarios,,"Poligonos coordinados por Silvia Zavala2026. Altos Norte/Tlayacapan, Maribel Lima Santamaría/Consejos Comunitarios/Toma de Protesta Col. Texcalpan. Tlayacapan 2.jpeg"
FOTO-BCC6C5B598,Toma de Protesta col. Texcalpan. Tlayacapan. 1.jpeg,1kWj3CqoAdXzkcGGjfjQvEt5vU291fo3F,https://drive.google.com/file/d/1kWj3CqoAdXzkcGGjfjQvEt5vU291fo3F/view,MUNICIPIO,MOSTRAR_MUNICIPIO,Altos,Tlayacapan,,Altos,Tlayacapan,,0,Promotor,Maribel Lima Santamaría,,Lote por evento,/foto/FOTO-BCC6C5B598,,10,SI,bcc6c5b598f37232bd29828f3f1c32fd2328e2a016ee221f1655280a3c3c3697,224377,1,Consejos Comunitarios,tlayacapan-consejos-comunitarios,,"Poligonos coordinados por Silvia Zavala2026. Altos Norte/Tlayacapan, Maribel Lima Santamaría/Consejos Comunitarios/Toma de Protesta col. Texcalpan. Tlayacapan. 1.jpeg"
FOTO-E447473ABC,"Toma de protesta de la Colonia Joyas del Astillero, Tlayacapan 1..jpeg",1ArwfIIl4DAUzmJXmuLsbPXmP_4tZgW0s,https://drive.google.com/file/d/1ArwfIIl4DAUzmJXmuLsbPXmP_4tZgW0s/view,MUNICIPIO,MOSTRAR_MUNICIPIO,Altos,Tlayacapan,,Altos,Tlayacapan,,0,Promotor,Maribel Lima Santamaría,,Lote por evento,/foto/FOTO-E447473ABC,,10,SI,e447473abc29dae90410b149277fa092468c41cbb75f9c573b2c327e5981f93a,403386,1,Consejos Comunitarios,tlayacapan-consejos-comunitarios,,"Poligonos coordinados por Silvia Zavala2026. Altos Norte/Tlayacapan, Maribel Lima Santamaría/Consejos Comunitarios/Toma de protesta de la Colonia Joyas del Astillero, Tlayacapan 1..jpeg"
FOTO-B4E4E2CDC3,"Toma de protesta de la Colonia Joyas del Astillero, Tlayacapan 2..jpeg",1fgaQNpIO3cYbn5J7G4Cn_FSYdqBvyLrx,https://drive.google.com/file/d/1fgaQNpIO3cYbn5J7G4Cn_FSYdqBvyLrx/view,MUNICIPIO,MOSTRAR_MUNICIPIO,Altos,Tlayacapan,,Altos,Tlayacapan,,0,Promotor,Maribel Lima Santamaría,,Lote por evento,/foto/FOTO-B4E4E2CDC3,,10,SI,b4e4e2cdc38e011c3e5227a46402bd8a7d09a0628cf1bd4070e9e1d6bba3db1d,363983,1,Consejos Comunitarios,tlayacapan-consejos-comunitarios,,"Poligonos coordinados por Silvia Zavala2026. Altos Norte/Tlayacapan, Maribel Lima Santamaría/Consejos Comunitarios/Toma de protesta de la Colonia Joyas del Astillero, Tlayacapan 2..jpeg"
FOTO-3E3733E69C,"Toma de protesta de la Colonia Joyas del Astillero, Tlayacapan 3..jpeg",1c99m9RFy6dPKC85-xy9MCizB-Hg1Lswf,https://drive.google.com/file/d/1c99m9RFy6dPKC85-xy9MCizB-Hg1Lswf/view,MUNICIPIO,MOSTRAR_MUNICIPIO,Altos,Tlayacapan,,Altos,Tlayacapan,,0,Promotor,Maribel Lima Santamaría,,Lote por evento,/foto/FOTO-3E3733E69C,,10,SI,3e3733e69ce8e2a99208e048116cb41a041031583069592c2389613d74aef0f7,348331,1,Consejos Comunitarios,tlayacapan-consejos-comunitarios,,"Poligonos coordinados por Silvia Zavala2026. Altos Norte/Tlayacapan, Maribel Lima Santamaría/Consejos Comunitarios/Toma de protesta de la Colonia Joyas del Astillero, Tlayacapan 3..jpeg"
FOTO-B503FB15C5,"Toma de protesta del Consejo Comunitario Col. Nacatonco, Tlayacapan 1..jpeg",1ShksyxYCXgMIFnYPqAujjm5Mo2z4nSYd,https://drive.google.com/file/d/1ShksyxYCXgMIFnYPqAujjm5Mo2z4nSYd/view,MUNICIPIO,MOSTRAR_MUNICIPIO,Altos,Tlayacapan,,Altos,Tlayacapan,,0,Promotor,Maribel Lima Santamaría,,Lote por evento,/foto/FOTO-B503FB15C5,,10,SI,b503fb15c510af99b5d6e7a3699eb0091b8aae3737803a520c3df8183d36fd4f,81013,1,Consejos Comunitarios,tlayacapan-consejos-comunitarios,,"Poligonos coordinados por Silvia Zavala2026. Altos Norte/Tlayacapan, Maribel Lima Santamaría/Consejos Comunitarios/Toma de protesta del Consejo Comunitario Col. Nacatonco, Tlayacapan 1..jpeg"
FOTO-5D7615C8E3,"Toma de protesta del Consejo Comunitario Col. Nacatonco, Tlayacapan 2..jpeg",1GyfHx98MocUI7Nh9LZIWVs57n8t4699C,https://drive.google.com/file/d/1GyfHx98MocUI7Nh9LZIWVs57n8t4699C/view,MUNICIPIO,MOSTRAR_MUNICIPIO,Altos,Tlayacapan,,Altos,Tlayacapan,,0,Promotor,Maribel Lima Santamaría,,Lote por evento,/foto/FOTO-5D7615C8E3,,10,SI,5d7615c8e384fd0ad7e9ab30148f7fac6c1027712e2ee9aa003ba407ea697134,69948,1,Consejos Comunitarios,tlayacapan-consejos-comunitarios,,"Poligonos coordinados por Silvia Zavala2026. Altos Norte/Tlayacapan, Maribel Lima Santamaría/Consejos Comunitarios/Toma de protesta del Consejo Comunitario Col. Nacatonco, Tlayacapan 2..jpeg"
FOTO-2BC125FE20,"Toma de protesta del Consejo Comunitario Col. Nacatonco, Tlayacapan 3..jpeg",19F1cBAmTtyEw8HVTR1VFS6UgevvSXEOi,https://drive.google.com/file/d/19F1cBAmTtyEw8HVTR1VFS6UgevvSXEOi/view,MUNICIPIO,MOSTRAR_MUNICIPIO,Altos,Tlayacapan,,Altos,Tlayacapan,,0,Promotor,Maribel Lima Santamaría,,Lote por evento,/foto/FOTO-2BC125FE20,,10,SI,2bc125fe20c5221761f4b9a8a0af5fe0e79cf9c9950eeaa410e5af122f84c76d,83628,1,Consejos Comunitarios,tlayacapan-consejos-comunitarios,,"Poligonos coordinados por Silvia Zavala2026. Altos Norte/Tlayacapan, Maribel Lima Santamaría/Consejos Comunitarios/Toma de protesta del Consejo Comunitario Col. Nacatonco, Tlayacapan 3..jpeg"
FOTO-A93DA86E74,"Toma de protesta del Consejo Comunitario Col. Nacatonco, Tlayacapan 4..jpeg",1rl_7vKPMRcyA0wrVRZgqUXKVopvcEKi3,https://drive.google.com/file/d/1rl_7vKPMRcyA0wrVRZgqUXKVopvcEKi3/view,MUNICIPIO,MOSTRAR_MUNICIPIO,Altos,Tlayacapan,,Altos,Tlayacapan,,0,Promotor,Maribel Lima Santamaría,,Lote por evento,/foto/FOTO-A93DA86E74,,10,SI,a93da86e744bc735587348b9cf864f08c05d94de1dfbbbd19886c7f1342ded92,76212,1,Consejos Comunitarios,tlayacapan-consejos-comunitarios,,"Poligonos coordinados por Silvia Zavala2026. Altos Norte/Tlayacapan, Maribel Lima Santamaría/Consejos Comunitarios/Toma de protesta del Consejo Comunitario Col. Nacatonco, Tlayacapan 4..jpeg"
FOTO-8F7FE97081,Toma de Protesta en la Colonia 3 de Mayo en Tlayacapan 2.jpeg,1NsYvSLGuHGd8boDbpm07lEJWmj4ieglK,https://drive.google.com/file/d/1NsYvSLGuHGd8boDbpm07lEJWmj4ieglK/view,MUNICIPIO,MOSTRAR_MUNICIPIO,Altos,Tlayacapan,,Altos,Tlayacapan,,0,Promotor,Maribel Lima Santamaría,,Lote por evento,/foto/FOTO-8F7FE97081,,10,SI,8f7fe9708171f7019cb1210cf4fb3da9ab2b5d506ff446afdb8068d668dc6f7b,154654,1,Consejos Comunitarios,tlayacapan-consejos-comunitarios,,"Poligonos coordinados por Silvia Zavala2026. Altos Norte/Tlayacapan, Maribel Lima Santamaría/Consejos Comunitarios/Toma de Protesta en la Colonia 3 de Mayo en Tlayacapan 2.jpeg"
FOTO-D8F7A817E6,Toma de Protesta en la Colonia 3 de mayo en Tlayacapan.jpeg,1yB5Ex9ehETTLXtDtTpeyHczzRsdQjUeE,https://drive.google.com/file/d/1yB5Ex9ehETTLXtDtTpeyHczzRsdQjUeE/view,MUNICIPIO,MOSTRAR_MUNICIPIO,Altos,Tlayacapan,,Altos,Tlayacapan,,0,Promotor,Maribel Lima Santamaría,,Lote por evento,/foto/FOTO-D8F7A817E6,,10,SI,d8f7a817e65f63e2791fb39eaf5a7fb987ad91f88886a3542e3bd6ed76e38997,108762,1,Consejos Comunitarios,tlayacapan-consejos-comunitarios,,"Poligonos coordinados por Silvia Zavala2026. Altos Norte/Tlayacapan, Maribel Lima Santamaría/Consejos Comunitarios/Toma de Protesta en la Colonia 3 de mayo en Tlayacapan.jpeg"
FOTO-226A4837AE,"Toma de Protesta, Col. Texalo, Tlayacapan. 1.jpeg",14Hy-Q89TmdCAIeAUr6wszJpushsZN6Ye,https://drive.google.com/file/d/14Hy-Q89TmdCAIeAUr6wszJpushsZN6Ye/view,MUNICIPIO,MOSTRAR_MUNICIPIO,Altos,Tlayacapan,,Altos,Tlayacapan,,0,Promotor,Maribel Lima Santamaría,,Lote por evento,/foto/FOTO-226A4837AE,,10,SI,226a4837ae2133d90c63adbe757cb8750ffd41ff8386da5b6947532d9a087ee0,162650,1,Consejos Comunitarios,tlayacapan-consejos-comunitarios,,"Poligonos coordinados por Silvia Zavala2026. Altos Norte/Tlayacapan, Maribel Lima Santamaría/Consejos Comunitarios/Toma de Protesta, Col. Texalo, Tlayacapan. 1.jpeg"
FOTO-1B528794EC,"Toma de Protesta, Col. Texalo, Tlayacapan. 2.jpeg",18w5RoccoTBcj0VXABnIM5Go5ggxnf7To,https://drive.google.com/file/d/18w5RoccoTBcj0VXABnIM5Go5ggxnf7To/view,MUNICIPIO,MOSTRAR_MUNICIPIO,Altos,Tlayacapan,,Altos,Tlayacapan,,0,Promotor,Maribel Lima Santamaría,,Lote por evento,/foto/FOTO-1B528794EC,,10,SI,1b528794ec55b37869c1eb5d6cdb70f24c7b8e71d8d53e55a002be0b55c822d3,238006,1,Consejos Comunitarios,tlayacapan-consejos-comunitarios,,"Poligonos coordinados por Silvia Zavala2026. Altos Norte/Tlayacapan, Maribel Lima Santamaría/Consejos Comunitarios/Toma de Protesta, Col. Texalo, Tlayacapan. 2.jpeg"
FOTO-6622DE3B5C,"Toma de Protesta, Col. Texalo, Tlayacapan. 3.jpeg",1b4OETS-upVoqf7CFk5sefKJ26Nl4VrVy,https://drive.google.com/file/d/1b4OETS-upVoqf7CFk5sefKJ26Nl4VrVy/view,MUNICIPIO,MOSTRAR_MUNICIPIO,Altos,Tlayacapan,,Altos,Tlayacapan,,0,Promotor,Maribel Lima Santamaría,,Lote por evento,/foto/FOTO-6622DE3B5C,,10,SI,6622de3b5ce4a1bddc6010c1360cb9801153de2ee14fd76313d68c4cf96b1c6c,198717,1,Consejos Comunitarios,tlayacapan-consejos-comunitarios,,"Poligonos coordinados por Silvia Zavala2026. Altos Norte/Tlayacapan, Maribel Lima Santamaría/Consejos Comunitarios/Toma de Protesta, Col. Texalo, Tlayacapan. 3.jpeg"
FOTO-E6BA4271FE,"Toma de Protesta, Col. Texalo, Tlayacapan. 4.jpeg",1OGjXXKbvKNug4W5opAq2ZAGc7GiI8cTv,https://drive.google.com/file/d/1OGjXXKbvKNug4W5opAq2ZAGc7GiI8cTv/view,MUNICIPIO,MOSTRAR_MUNICIPIO,Altos,Tlayacapan,,Altos,Tlayacapan,,0,Promotor,Maribel Lima Santamaría,,Lote por evento,/foto/FOTO-E6BA4271FE,,10,SI,e6ba4271fe09960f7b786e10d8eebd9476d99b07212c8b46e35cdc2a892a4710,163972,1,Consejos Comunitarios,tlayacapan-consejos-comunitarios,,"Poligonos coordinados por Silvia Zavala2026. Altos Norte/Tlayacapan, Maribel Lima Santamaría/Consejos Comunitarios/Toma de Protesta, Col. Texalo, Tlayacapan. 4.jpeg"
FOTO-EFDCCBF51D,"Toma de Protesta, Col. Texalo, Tlayacapan. 5.jpeg",17WxeDN5fx_8fjsgadTim32k2tD-j8k4C,https://drive.google.com/file/d/17WxeDN5fx_8fjsgadTim32k2tD-j8k4C/view,MUNICIPIO,MOSTRAR_MUNICIPIO,Altos,Tlayacapan,,Altos,Tlayacapan,,0,Promotor,Maribel Lima Santamaría,,Lote por evento,/foto/FOTO-EFDCCBF51D,,10,SI,efdccbf51dfb9fc6f6a0b793dede11d16de459634143ec54d3f4f3e83a3b993d,193394,1,Consejos Comunitarios,tlayacapan-consejos-comunitarios,,"Poligonos coordinados por Silvia Zavala2026. Altos Norte/Tlayacapan, Maribel Lima Santamaría/Consejos Comunitarios/Toma de Protesta, Col. Texalo, Tlayacapan. 5.jpeg"
FOTO-4A728EF479,WhatsApp Image 2026-01-28 at 3.16.57 PM.jpeg,1iOsElTXuFYY24caimTcXi7zcOrlXsysF,https://drive.google.com/file/d/1iOsElTXuFYY24caimTcXi7zcOrlXsysF/view,MUNICIPIO,MOSTRAR_MUNICIPIO,Altos,Tlayacapan,,Altos,Tlayacapan,,0,Promotor,Maribel Lima Santamaría,,Lote por evento,/foto/FOTO-4A728EF479,,10,SI,4a728ef479ce37194505749cff93cb41354ef20afe8a3434c5423fa763ffd901,147248,1,Consejos Comunitarios,tlayacapan-consejos-comunitarios,2026-01-28,"Poligonos coordinados por Silvia Zavala2026. Altos Norte/Tlayacapan, Maribel Lima Santamaría/Consejos Comunitarios/WhatsApp Image 2026-01-28 at 3.16.57 PM.jpeg"
FOTO-E8534811F5,WhatsApp Image 2026-08-06 at 9.11.57 PM (1).jpeg,1thpBL7w2E7F2lzTeU0SBhO0m2wVzYhqB,https://drive.google.com/file/d/1thpBL7w2E7F2lzTeU0SBhO0m2wVzYhqB/view,MUNICIPIO,MOSTRAR_MUNICIPIO,Altos,Tlayacapan,,Altos,Tlayacapan,,0,Promotor,Maribel Lima Santamaría,,Lote por evento,/foto/FOTO-E8534811F5,,10,SI,e8534811f5a2ff8d61df29ed9b12cb10580188048a40662ffcd083e5ad63c41b,186307,1,Consejos Comunitarios,tlayacapan-consejos-comunitarios,2026-08-06,"Poligonos coordinados por Silvia Zavala2026. Altos Norte/Tlayacapan, Maribel Lima Santamaría/Consejos Comunitarios/WhatsApp Image 2026-08-06 at 9.11.57 PM (1).jpeg"
FOTO-B276C9AF05,WhatsApp Image 2026-08-06 at 9.11.57 PM (2).jpeg,1u6qH9mdFXnm5TKBNsQf9am5th9wF2dn1,https://drive.google.com/file/d/1u6qH9mdFXnm5TKBNsQf9am5th9wF2dn1/view,MUNICIPIO,MOSTRAR_MUNICIPIO,Altos,Tlayacapan,,Altos,Tlayacapan,,0,Promotor,Maribel Lima Santamaría,,Lote por evento,/foto/FOTO-B276C9AF05,,10,SI,b276c9af0540b82f6fb612c0292374f6c30fe3b249bedcc1e7db1cd572393499,173656,1,Consejos Comunitarios,tlayacapan-consejos-comunitarios,2026-08-06,"Poligonos coordinados por Silvia Zavala2026. Altos Norte/Tlayacapan, Maribel Lima Santamaría/Consejos Comunitarios/WhatsApp Image 2026-08-06 at 9.11.57 PM (2).jpeg"
FOTO-BFDFE2FEE3,WhatsApp Image 2026-08-06 at 9.11.57 PM.jpeg,14dmZ3w5rgH1aQhdFr2wBxpzFt9GSz8y5,https://drive.google.com/file/d/14dmZ3w5rgH1aQhdFr2wBxpzFt9GSz8y5/view,MUNICIPIO,MOSTRAR_MUNICIPIO,Altos,Tlayacapan,,Altos,Tlayacapan,,0,Promotor,Maribel Lima Santamaría,,Lote por evento,/foto/FOTO-BFDFE2FEE3,,10,SI,bfdfe2fee37948302c10b3233d62ac1a99c009d229c0410a7167c049ca60fc13,172339,1,Consejos Comunitarios,tlayacapan-consejos-comunitarios,2026-08-06,"Poligonos coordinados por Silvia Zavala2026. Altos Norte/Tlayacapan, Maribel Lima Santamaría/Consejos Comunitarios/WhatsApp Image 2026-08-06 at 9.11.57 PM.jpeg"
FOTO-4B1A823B3C,Consejo comunitario de Nacatongo 31 de 05 de 2026.jpeg,1a-5Q5cuzuSUkUNAZ3NjbVZeikvqv5zos,https://drive.google.com/file/d/1a-5Q5cuzuSUkUNAZ3NjbVZeikvqv5zos/view,MUNICIPIO,MOSTRAR_MUNICIPIO,Altos,Tlayacapan,,Altos,Tlayacapan,,0,Promotor,Maribel Lima Santamaría,,Lote por evento,/foto/FOTO-4B1A823B3C,,10,SI,4b1a823b3c781f9e4d21e105fbc7ca8e8efa41211852fe7ed1c0f938b8a2b47d,236608,1,Entrega de hortalizas. Tlayacapan,tlayacapan-entrega-de-hortalizas-tlayacapan,,"Poligonos coordinados por Silvia Zavala2026. Altos Norte/Tlayacapan, Maribel Lima Santamaría/Entrega de hortalizas. Tlayacapan/Consejo comunitario de Nacatongo 31 de 05 de 2026.jpeg"
FOTO-EE2B9C7D51,Entrega de jitomate en Col. Nacatongo. 2 Tlayacapan. 26032026.jpeg,1aUge4AFWCW2zMP76OYZqG1T6x56bOdSg,https://drive.google.com/file/d/1aUge4AFWCW2zMP76OYZqG1T6x56bOdSg/view,MUNICIPIO,MOSTRAR_MUNICIPIO,Altos,Tlayacapan,,Altos,Tlayacapan,,0,Promotor,Maribel Lima Santamaría,,Lote por evento,/foto/FOTO-EE2B9C7D51,,10,SI,ee2b9c7d514742afffe17435121cec921f86406ff73c5a6036abb8f5795ee54b,306645,1,Entrega de hortalizas. Tlayacapan,tlayacapan-entrega-de-hortalizas-tlayacapan,2026-03-26,"Poligonos coordinados por Silvia Zavala2026. Altos Norte/Tlayacapan, Maribel Lima Santamaría/Entrega de hortalizas. Tlayacapan/Entrega de jitomate en Col. Nacatongo. 2 Tlayacapan. 26032026.jpeg"
FOTO-CE976186B5,Entrega de jitomate en Col. Nacatongo. 3 Tlayacapan. 26032026.jpeg,1PsKg9y57MK0feEF_Xtfzuk4SuslPrF9h,https://drive.google.com/file/d/1PsKg9y57MK0feEF_Xtfzuk4SuslPrF9h/view,MUNICIPIO,MOSTRAR_MUNICIPIO,Altos,Tlayacapan,,Altos,Tlayacapan,,0,Promotor,Maribel Lima Santamaría,,Lote por evento,/foto/FOTO-CE976186B5,,10,SI,ce976186b587e901d752114f1389a892bed56f881be8b45ebb23cade6fa2c10f,409616,1,Entrega de hortalizas. Tlayacapan,tlayacapan-entrega-de-hortalizas-tlayacapan,2026-03-26,"Poligonos coordinados por Silvia Zavala2026. Altos Norte/Tlayacapan, Maribel Lima Santamaría/Entrega de hortalizas. Tlayacapan/Entrega de jitomate en Col. Nacatongo. 3 Tlayacapan. 26032026.jpeg"
FOTO-64F963ED7A,Entrega de jitomate en Col. Nacatongo. 4Tlayacapan. 26032026.jpeg,1pb88HJPrVNmYBT3Twk7FcQRyO-VqBOF2,https://drive.google.com/file/d/1pb88HJPrVNmYBT3Twk7FcQRyO-VqBOF2/view,MUNICIPIO,MOSTRAR_MUNICIPIO,Altos,Tlayacapan,,Altos,Tlayacapan,,0,Promotor,Maribel Lima Santamaría,,Lote por evento,/foto/FOTO-64F963ED7A,,10,SI,64f963ed7a152f0cf9fcf791b2ea6eb22e6bda143c44512c841f226314c39302,358061,1,Entrega de hortalizas. Tlayacapan,tlayacapan-entrega-de-hortalizas-tlayacapan,2026-03-26,"Poligonos coordinados por Silvia Zavala2026. Altos Norte/Tlayacapan, Maribel Lima Santamaría/Entrega de hortalizas. Tlayacapan/Entrega de jitomate en Col. Nacatongo. 4Tlayacapan. 26032026.jpeg"
FOTO-E21E61AB08,Entrega de jitomate en Col. Nacatongo. 7 Tlayacapan. 26032026.jpeg,1kzfB_d8lj3h6Og3szPtU-IsRbKPuHNwY,https://drive.google.com/file/d/1kzfB_d8lj3h6Og3szPtU-IsRbKPuHNwY/view,MUNICIPIO,MOSTRAR_MUNICIPIO,Altos,Tlayacapan,,Altos,Tlayacapan,,0,Promotor,Maribel Lima Santamaría,,Lote por evento,/foto/FOTO-E21E61AB08,,10,SI,e21e61ab08572594e78ce72afedb3a6579d638456dfb6179b064fe28cb7cfd3e,251969,1,Entrega de hortalizas. Tlayacapan,tlayacapan-entrega-de-hortalizas-tlayacapan,2026-03-26,"Poligonos coordinados por Silvia Zavala2026. Altos Norte/Tlayacapan, Maribel Lima Santamaría/Entrega de hortalizas. Tlayacapan/Entrega de jitomate en Col. Nacatongo. 7 Tlayacapan. 26032026.jpeg"
FOTO-799850D43E,Entrega de jitomate en Col. Nacatongo. 8. Tlayacapan. 26032026.jpeg,1KV6euTtKnvjzQHzb55HeS2AM78uKPnQB,https://drive.google.com/file/d/1KV6euTtKnvjzQHzb55HeS2AM78uKPnQB/view,MUNICIPIO,MOSTRAR_MUNICIPIO,Altos,Tlayacapan,,Altos,Tlayacapan,,0,Promotor,Maribel Lima Santamaría,,Lote por evento,/foto/FOTO-799850D43E,,10,SI,799850d43eb70d3fd92c77631fac98ccc4902a2c033679c861323cbd0f19759c,297511,1,Entrega de hortalizas. Tlayacapan,tlayacapan-entrega-de-hortalizas-tlayacapan,2026-03-26,"Poligonos coordinados por Silvia Zavala2026. Altos Norte/Tlayacapan, Maribel Lima Santamaría/Entrega de hortalizas. Tlayacapan/Entrega de jitomate en Col. Nacatongo. 8. Tlayacapan. 26032026.jpeg"
FOTO-6583407E5A,Entrega de jitomate en Col. Nacatongo. Tlayacapan 2. 26032026.jpeg,1gNuQEGb654OMS5WFtLLF86ftcpw1j1Db,https://drive.google.com/file/d/1gNuQEGb654OMS5WFtLLF86ftcpw1j1Db/view,MUNICIPIO,MOSTRAR_MUNICIPIO,Altos,Tlayacapan,,Altos,Tlayacapan,,0,Promotor,Maribel Lima Santamaría,,Lote por evento,/foto/FOTO-6583407E5A,,10,SI,6583407e5a67671688b4e5e575bab9c10c51c8209c8640ee5a34b0b35b37d5eb,292453,1,Entrega de hortalizas. Tlayacapan,tlayacapan-entrega-de-hortalizas-tlayacapan,2026-03-26,"Poligonos coordinados por Silvia Zavala2026. Altos Norte/Tlayacapan, Maribel Lima Santamaría/Entrega de hortalizas. Tlayacapan/Entrega de jitomate en Col. Nacatongo. Tlayacapan 2. 26032026.jpeg"
FOTO-3F9D5AC41D,Entrega de jitomate en Col. Nacatongo. Tlayacapan 5. 26032026.jpeg,1q3J7ZGHKYQ6MVNRcVyK8kIwfiJe3Kog6,https://drive.google.com/file/d/1q3J7ZGHKYQ6MVNRcVyK8kIwfiJe3Kog6/view,MUNICIPIO,MOSTRAR_MUNICIPIO,Altos,Tlayacapan,,Altos,Tlayacapan,,0,Promotor,Maribel Lima Santamaría,,Lote por evento,/foto/FOTO-3F9D5AC41D,,10,SI,3f9d5ac41dfbb9848a22235015055b124fad297919c6167b66a27d1025b37074,250294,1,Entrega de hortalizas. Tlayacapan,tlayacapan-entrega-de-hortalizas-tlayacapan,2026-03-26,"Poligonos coordinados por Silvia Zavala2026. Altos Norte/Tlayacapan, Maribel Lima Santamaría/Entrega de hortalizas. Tlayacapan/Entrega de jitomate en Col. Nacatongo. Tlayacapan 5. 26032026.jpeg"
FOTO-DF4D098766,Entrega de jitomate en Col. Nacatongo. Tlayacapan 6. 26032026.jpeg,1ICS6u3bF7Ncp7j4KO9M3eDUe3v5u4Rlb,https://drive.google.com/file/d/1ICS6u3bF7Ncp7j4KO9M3eDUe3v5u4Rlb/view,MUNICIPIO,MOSTRAR_MUNICIPIO,Altos,Tlayacapan,,Altos,Tlayacapan,,0,Promotor,Maribel Lima Santamaría,,Lote por evento,/foto/FOTO-DF4D098766,,10,SI,df4d098766090fd728fed2d380be4f04abdb085c5276ddb589c2a66f246ed1d6,299610,1,Entrega de hortalizas. Tlayacapan,tlayacapan-entrega-de-hortalizas-tlayacapan,2026-03-26,"Poligonos coordinados por Silvia Zavala2026. Altos Norte/Tlayacapan, Maribel Lima Santamaría/Entrega de hortalizas. Tlayacapan/Entrega de jitomate en Col. Nacatongo. Tlayacapan 6. 26032026.jpeg"
FOTO-E2A84B4A7A,Entrega de jitomate en Col. Nacatongo. Tlayacapan. 26032026.jpeg,1ALwc7FLwTGYm1HFxH7oU0DVzghozKIP8,https://drive.google.com/file/d/1ALwc7FLwTGYm1HFxH7oU0DVzghozKIP8/view,MUNICIPIO,MOSTRAR_MUNICIPIO,Altos,Tlayacapan,,Altos,Tlayacapan,,0,Promotor,Maribel Lima Santamaría,,Lote por evento,/foto/FOTO-E2A84B4A7A,,10,SI,e2a84b4a7afaf49f125a62baf31d45e573ef8c6da888246a9cad916e2c517a76,355426,1,Entrega de hortalizas. Tlayacapan,tlayacapan-entrega-de-hortalizas-tlayacapan,2026-03-26,"Poligonos coordinados por Silvia Zavala2026. Altos Norte/Tlayacapan, Maribel Lima Santamaría/Entrega de hortalizas. Tlayacapan/Entrega de jitomate en Col. Nacatongo. Tlayacapan. 26032026.jpeg"
FOTO-84EFBB2C03,Entrega de jitomate en Col. Nacatongo. Tlayacapan. 426032026.jpeg,1zUycryCtg9f9qgBybT9TqMrPqhr03192,https://drive.google.com/file/d/1zUycryCtg9f9qgBybT9TqMrPqhr03192/view,MUNICIPIO,MOSTRAR_MUNICIPIO,Altos,Tlayacapan,,Altos,Tlayacapan,,0,Promotor,Maribel Lima Santamaría,,Lote por evento,/foto/FOTO-84EFBB2C03,,10,SI,84efbb2c0300274d5073eca374f3870eeaa28f10f9f03a5a0cd021e534e4f27e,266577,1,Entrega de hortalizas. Tlayacapan,tlayacapan-entrega-de-hortalizas-tlayacapan,,"Poligonos coordinados por Silvia Zavala2026. Altos Norte/Tlayacapan, Maribel Lima Santamaría/Entrega de hortalizas. Tlayacapan/Entrega de jitomate en Col. Nacatongo. Tlayacapan. 426032026.jpeg"
FOTO-6F4FC72C4F,Entrega de jitomate en Col. Texalo. 1. Tlayacapan. 26032026.jpeg,1vXoh87l-I7nW315jL3Lmmn1FpTuz7DPw,https://drive.google.com/file/d/1vXoh87l-I7nW315jL3Lmmn1FpTuz7DPw/view,MUNICIPIO,MOSTRAR_MUNICIPIO,Altos,Tlayacapan,,Altos,Tlayacapan,,0,Promotor,Maribel Lima Santamaría,,Lote por evento,/foto/FOTO-6F4FC72C4F,,10,SI,6f4fc72c4f2c6bca8f0ebd98e00fb50d5eccd0d8144ab2640f132de163546db7,337893,1,Entrega de hortalizas. Tlayacapan,tlayacapan-entrega-de-hortalizas-tlayacapan,2026-03-26,"Poligonos coordinados por Silvia Zavala2026. Altos Norte/Tlayacapan, Maribel Lima Santamaría/Entrega de hortalizas. Tlayacapan/Entrega de jitomate en Col. Texalo. 1. Tlayacapan. 26032026.jpeg"
FOTO-D5EE9CBEA1,Entrega de Pepino Señor Santiago Pala  Tlayacapan 2026-05-28.jpeg,1UZMMN5QpRDvuq3OeE96mkiQHXp8-ACYu,https://drive.google.com/file/d/1UZMMN5QpRDvuq3OeE96mkiQHXp8-ACYu/view,MUNICIPIO,MOSTRAR_MUNICIPIO,Altos,Tlayacapan,,Altos,Tlayacapan,,0,Promotor,Maribel Lima Santamaría,,Lote por evento,/foto/FOTO-D5EE9CBEA1,,10,SI,d5ee9cbea1cc675bf81950662693ec426d95414d784dfe40da628a4fd150afc4,271687,1,Entrega de hortalizas. Tlayacapan,tlayacapan-entrega-de-hortalizas-tlayacapan,2026-05-28,"Poligonos coordinados por Silvia Zavala2026. Altos Norte/Tlayacapan, Maribel Lima Santamaría/Entrega de hortalizas. Tlayacapan/Entrega de Pepino Señor Santiago Pala  Tlayacapan 2026-05-28.jpeg"
FOTO-D9EEDAAA1E,Tlayacapan 1. 27032026.jpeg,1HgZ2BQoJKNUlj6UKOFXiNZrNhjMOaQzB,https://drive.google.com/file/d/1HgZ2BQoJKNUlj6UKOFXiNZrNhjMOaQzB/view,MUNICIPIO,MOSTRAR_MUNICIPIO,Altos,Tlayacapan,,Altos,Tlayacapan,,0,Promotor,Maribel Lima Santamaría,,Lote por evento,/foto/FOTO-D9EEDAAA1E,,10,SI,d9eedaaa1e3267b32186b9a3114ba840972ec01ddb55135b442c1fab9b2fa4ab,221884,1,Entrega de hortalizas. Tlayacapan,tlayacapan-entrega-de-hortalizas-tlayacapan,2026-03-27,"Poligonos coordinados por Silvia Zavala2026. Altos Norte/Tlayacapan, Maribel Lima Santamaría/Entrega de hortalizas. Tlayacapan/Tlayacapan 1. 27032026.jpeg"
FOTO-6F0FA6767E,Tlayacapan 2. 27032026.jpeg,1PzeHwCvus2Ue8VWNVCFrspAoTwTVahqj,https://drive.google.com/file/d/1PzeHwCvus2Ue8VWNVCFrspAoTwTVahqj/view,MUNICIPIO,MOSTRAR_MUNICIPIO,Altos,Tlayacapan,,Altos,Tlayacapan,,0,Promotor,Maribel Lima Santamaría,,Lote por evento,/foto/FOTO-6F0FA6767E,,10,SI,6f0fa6767ed32ba23c8d68e55992bd127a0381ff54439e7c3b4c97b713a5f1eb,261814,1,Entrega de hortalizas. Tlayacapan,tlayacapan-entrega-de-hortalizas-tlayacapan,2026-03-27,"Poligonos coordinados por Silvia Zavala2026. Altos Norte/Tlayacapan, Maribel Lima Santamaría/Entrega de hortalizas. Tlayacapan/Tlayacapan 2. 27032026.jpeg"
FOTO-6CD36D4550,Tlayacapan 3. 27032026.jpeg,19pLuC8c8oZWwBelkE8p4GzDq1nGjPPJm,https://drive.google.com/file/d/19pLuC8c8oZWwBelkE8p4GzDq1nGjPPJm/view,MUNICIPIO,MOSTRAR_MUNICIPIO,Altos,Tlayacapan,,Altos,Tlayacapan,,0,Promotor,Maribel Lima Santamaría,,Lote por evento,/foto/FOTO-6CD36D4550,,10,SI,6cd36d45502d05bfa7b4b9eaa2ef5da3332fa1837d73ad906483a4c98accd125,194725,1,Entrega de hortalizas. Tlayacapan,tlayacapan-entrega-de-hortalizas-tlayacapan,2026-03-27,"Poligonos coordinados por Silvia Zavala2026. Altos Norte/Tlayacapan, Maribel Lima Santamaría/Entrega de hortalizas. Tlayacapan/Tlayacapan 3. 27032026.jpeg"
FOTO-95686BE2D9,Tlayacapan 4. 27032026.jpeg,1fHiBWe_uGKmRf8r6EB0155NwH3q3PMi6,https://drive.google.com/file/d/1fHiBWe_uGKmRf8r6EB0155NwH3q3PMi6/view,MUNICIPIO,MOSTRAR_MUNICIPIO,Altos,Tlayacapan,,Altos,Tlayacapan,,0,Promotor,Maribel Lima Santamaría,,Lote por evento,/foto/FOTO-95686BE2D9,,10,SI,95686be2d9c3022aa9fbd7b3e43454f9f089b3eaef5392bca8a1cc4c8bf0fa74,246668,1,Entrega de hortalizas. Tlayacapan,tlayacapan-entrega-de-hortalizas-tlayacapan,2026-03-27,"Poligonos coordinados por Silvia Zavala2026. Altos Norte/Tlayacapan, Maribel Lima Santamaría/Entrega de hortalizas. Tlayacapan/Tlayacapan 4. 27032026.jpeg"
FOTO-430CC3FBC4,Entrega de  juguetes (1) 2026-01-21.jpeg,1G0LYnxeD5KaeZ6fTYMcML68UawYeUxyZ,https://drive.google.com/file/d/1G0LYnxeD5KaeZ6fTYMcML68UawYeUxyZ/view,MUNICIPIO,MOSTRAR_MUNICIPIO,Altos,Tlayacapan,,Altos,Tlayacapan,,0,Promotor,Maribel Lima Santamaría,,Lote por evento,/foto/FOTO-430CC3FBC4,,10,SI,430cc3fbc412c5071daedeecd8a9c5d20fadba054a52eaf94aee364c046c73c9,232290,1,Entrega de Juguetes,tlayacapan-entrega-de-juguetes,2026-01-21,"Poligonos coordinados por Silvia Zavala2026. Altos Norte/Tlayacapan, Maribel Lima Santamaría/Entrega de Juguetes/Entrega de  juguetes (1) 2026-01-21.jpeg"
FOTO-CD89F006CA,Entrega de juguetes  (11) 2026-01-21.jpeg,1XUMjWhBT8a6KNFYeKCdM0KvjUTQQyB6g,https://drive.google.com/file/d/1XUMjWhBT8a6KNFYeKCdM0KvjUTQQyB6g/view,MUNICIPIO,MOSTRAR_MUNICIPIO,Altos,Tlayacapan,,Altos,Tlayacapan,,0,Promotor,Maribel Lima Santamaría,,Lote por evento,/foto/FOTO-CD89F006CA,,10,SI,cd89f006caaab0135dbeba8c942ac36fd72b2f518fceb47e1e3250933a16a49b,237931,1,Entrega de Juguetes,tlayacapan-entrega-de-juguetes,2026-01-21,"Poligonos coordinados por Silvia Zavala2026. Altos Norte/Tlayacapan, Maribel Lima Santamaría/Entrega de Juguetes/Entrega de juguetes  (11) 2026-01-21.jpeg"
FOTO-FC66EA0C2D,Entrega de juguetes  (2) 2026-01-21.jpeg,17-o31c5QReKjosL4HvVvIrvEjTqw4XVM,https://drive.google.com/file/d/17-o31c5QReKjosL4HvVvIrvEjTqw4XVM/view,MUNICIPIO,MOSTRAR_MUNICIPIO,Altos,Tlayacapan,,Altos,Tlayacapan,,0,Promotor,Maribel Lima Santamaría,,Lote por evento,/foto/FOTO-FC66EA0C2D,,10,SI,fc66ea0c2d63bd2e1b10bca6e4efef2e1fedcc19275e91099aebdb9199114b42,314710,1,Entrega de Juguetes,tlayacapan-entrega-de-juguetes,2026-01-21,"Poligonos coordinados por Silvia Zavala2026. Altos Norte/Tlayacapan, Maribel Lima Santamaría/Entrega de Juguetes/Entrega de juguetes  (2) 2026-01-21.jpeg"
FOTO-D14A8B4377,Entrega de juguetes  10) 2026-01-21.jpeg,1Shh4mgUTdE35INBNTddDtxuN0wPeo8Dy,https://drive.google.com/file/d/1Shh4mgUTdE35INBNTddDtxuN0wPeo8Dy/view,MUNICIPIO,MOSTRAR_MUNICIPIO,Altos,Tlayacapan,,Altos,Tlayacapan,,0,Promotor,Maribel Lima Santamaría,,Lote por evento,/foto/FOTO-D14A8B4377,,10,SI,d14a8b43778e811244ddee21bce32c048add6463bfcdb9d4103137c86fb5a9f4,253923,1,Entrega de Juguetes,tlayacapan-entrega-de-juguetes,2026-01-21,"Poligonos coordinados por Silvia Zavala2026. Altos Norte/Tlayacapan, Maribel Lima Santamaría/Entrega de Juguetes/Entrega de juguetes  10) 2026-01-21.jpeg"
FOTO-DACD204670,Entrega de juguetes  2026-01-21.jpeg,18f_zVz8o7_WJbX5KCdUwpVD8pMaeD-UZ,https://drive.google.com/file/d/18f_zVz8o7_WJbX5KCdUwpVD8pMaeD-UZ/view,MUNICIPIO,MOSTRAR_MUNICIPIO,Altos,Tlayacapan,,Altos,Tlayacapan,,0,Promotor,Maribel Lima Santamaría,,Lote por evento,/foto/FOTO-DACD204670,,10,SI,dacd204670c511bd221d50fcacca19cbf40721fe28480d3eb20d884ffbac22a4,205077,1,Entrega de Juguetes,tlayacapan-entrega-de-juguetes,2026-01-21,"Poligonos coordinados por Silvia Zavala2026. Altos Norte/Tlayacapan, Maribel Lima Santamaría/Entrega de Juguetes/Entrega de juguetes  2026-01-21.jpeg"
FOTO-07992BFD54,Entrega de juguetes (10) 2026-01-21.jpeg,17zlzbtE39WZy2czAgMJsMrHzMKSjTe82,https://drive.google.com/file/d/17zlzbtE39WZy2czAgMJsMrHzMKSjTe82/view,MUNICIPIO,MOSTRAR_MUNICIPIO,Altos,Tlayacapan,,Altos,Tlayacapan,,0,Promotor,Maribel Lima Santamaría,,Lote por evento,/foto/FOTO-07992BFD54,,10,SI,07992bfd54e13e877c818288b4e944b9739b0af18b398c31e91355f0859f21c2,258361,1,Entrega de Juguetes,tlayacapan-entrega-de-juguetes,2026-01-21,"Poligonos coordinados por Silvia Zavala2026. Altos Norte/Tlayacapan, Maribel Lima Santamaría/Entrega de Juguetes/Entrega de juguetes (10) 2026-01-21.jpeg"
FOTO-C789E8D34D,Entrega de juguetes (12)  2026-01-21.jpeg,10vFajk-wYcsf28PNa_qEWkiQvq-fsLRC,https://drive.google.com/file/d/10vFajk-wYcsf28PNa_qEWkiQvq-fsLRC/view,MUNICIPIO,MOSTRAR_MUNICIPIO,Altos,Tlayacapan,,Altos,Tlayacapan,,0,Promotor,Maribel Lima Santamaría,,Lote por evento,/foto/FOTO-C789E8D34D,,10,SI,c789e8d34d8e7c6618744bd4c62357f2fc8933d1c47e24306caed4fdf43c5fec,233952,1,Entrega de Juguetes,tlayacapan-entrega-de-juguetes,2026-01-21,"Poligonos coordinados por Silvia Zavala2026. Altos Norte/Tlayacapan, Maribel Lima Santamaría/Entrega de Juguetes/Entrega de juguetes (12)  2026-01-21.jpeg"
FOTO-9CEB2465AC,Entrega de juguetes (3) 2026-01-21.jpeg,1SK_rk8GSXuNBhBsF03L31KsHEmMHO-UC,https://drive.google.com/file/d/1SK_rk8GSXuNBhBsF03L31KsHEmMHO-UC/view,MUNICIPIO,MOSTRAR_MUNICIPIO,Altos,Tlayacapan,,Altos,Tlayacapan,,0,Promotor,Maribel Lima Santamaría,,Lote por evento,/foto/FOTO-9CEB2465AC,,10,SI,9ceb2465ac95623f30f5b90cd3fd2e5b56bad5fc9182da5a7224a41062f22edf,253621,1,Entrega de Juguetes,tlayacapan-entrega-de-juguetes,2026-01-21,"Poligonos coordinados por Silvia Zavala2026. Altos Norte/Tlayacapan, Maribel Lima Santamaría/Entrega de Juguetes/Entrega de juguetes (3) 2026-01-21.jpeg"
FOTO-1E58A3A818,Entrega de juguetes (4) 2026-01-21.jpeg,16TeaZTuFHkc6AlJ48Y-Rl2x0JZCQwix9,https://drive.google.com/file/d/16TeaZTuFHkc6AlJ48Y-Rl2x0JZCQwix9/view,MUNICIPIO,MOSTRAR_MUNICIPIO,Altos,Tlayacapan,,Altos,Tlayacapan,,0,Promotor,Maribel Lima Santamaría,,Lote por evento,/foto/FOTO-1E58A3A818,,10,SI,1e58a3a818aaccee6152df79325db73e28c62d060a72f7095b2f641c84ef6aac,205158,1,Entrega de Juguetes,tlayacapan-entrega-de-juguetes,2026-01-21,"Poligonos coordinados por Silvia Zavala2026. Altos Norte/Tlayacapan, Maribel Lima Santamaría/Entrega de Juguetes/Entrega de juguetes (4) 2026-01-21.jpeg"
FOTO-6F3733CE04,Entrega de juguetes (5) 2026-01-21.jpeg,1zKQeqm3HACrNlSAs3-O_cpT5yorQBvra,https://drive.google.com/file/d/1zKQeqm3HACrNlSAs3-O_cpT5yorQBvra/view,MUNICIPIO,MOSTRAR_MUNICIPIO,Altos,Tlayacapan,,Altos,Tlayacapan,,0,Promotor,Maribel Lima Santamaría,,Lote por evento,/foto/FOTO-6F3733CE04,,10,SI,6f3733ce04cbb2f5a94d3e978f6a1825430d1c695d09034d931e234b0d95a588,253768,1,Entrega de Juguetes,tlayacapan-entrega-de-juguetes,2026-01-21,"Poligonos coordinados por Silvia Zavala2026. Altos Norte/Tlayacapan, Maribel Lima Santamaría/Entrega de Juguetes/Entrega de juguetes (5) 2026-01-21.jpeg"
FOTO-1354D5A887,Entrega de juguetes (6) 2026-01-21.jpeg,1zxSGJ5j_0xey8V1wf2r518jXV2Og1Lfq,https://drive.google.com/file/d/1zxSGJ5j_0xey8V1wf2r518jXV2Og1Lfq/view,MUNICIPIO,MOSTRAR_MUNICIPIO,Altos,Tlayacapan,,Altos,Tlayacapan,,0,Promotor,Maribel Lima Santamaría,,Lote por evento,/foto/FOTO-1354D5A887,,10,SI,1354d5a8879d3c46bc57d39cfc9ad08de4a5732db3102afd0ea25967938ae4a1,229359,1,Entrega de Juguetes,tlayacapan-entrega-de-juguetes,2026-01-21,"Poligonos coordinados por Silvia Zavala2026. Altos Norte/Tlayacapan, Maribel Lima Santamaría/Entrega de Juguetes/Entrega de juguetes (6) 2026-01-21.jpeg"
FOTO-C9CFEFC5E5,Entrega de juguetes (7)  2026-01-21.jpeg,15-RZR8n5CVzvIM40q7KDrBFr1OGyW76a,https://drive.google.com/file/d/15-RZR8n5CVzvIM40q7KDrBFr1OGyW76a/view,MUNICIPIO,MOSTRAR_MUNICIPIO,Altos,Tlayacapan,,Altos,Tlayacapan,,0,Promotor,Maribel Lima Santamaría,,Lote por evento,/foto/FOTO-C9CFEFC5E5,,10,SI,c9cfefc5e51f5a762cc1b1015394c97dfa00805f0c96a7c899a103e0f66b910f,239058,1,Entrega de Juguetes,tlayacapan-entrega-de-juguetes,2026-01-21,"Poligonos coordinados por Silvia Zavala2026. Altos Norte/Tlayacapan, Maribel Lima Santamaría/Entrega de Juguetes/Entrega de juguetes (7)  2026-01-21.jpeg"
FOTO-9E01CE3487,Entrega de juguetes (8)  2026-01-21.jpeg,1fkhIJI5yeyjtAT0tLHMahVzGxnL6U_le,https://drive.google.com/file/d/1fkhIJI5yeyjtAT0tLHMahVzGxnL6U_le/view,MUNICIPIO,MOSTRAR_MUNICIPIO,Altos,Tlayacapan,,Altos,Tlayacapan,,0,Promotor,Maribel Lima Santamaría,,Lote por evento,/foto/FOTO-9E01CE3487,,10,SI,9e01ce34872698d20fc9e8054701136d2234770802219a76f1e34335f3b76868,220920,1,Entrega de Juguetes,tlayacapan-entrega-de-juguetes,2026-01-21,"Poligonos coordinados por Silvia Zavala2026. Altos Norte/Tlayacapan, Maribel Lima Santamaría/Entrega de Juguetes/Entrega de juguetes (8)  2026-01-21.jpeg"
FOTO-EB1E1A7DC0,Entrega de juguetes (9) 2026-01-21.jpeg,1WCgkZ6Ug1VeHMc1nxBda0z7SjqZLI_S7,https://drive.google.com/file/d/1WCgkZ6Ug1VeHMc1nxBda0z7SjqZLI_S7/view,MUNICIPIO,MOSTRAR_MUNICIPIO,Altos,Tlayacapan,,Altos,Tlayacapan,,0,Promotor,Maribel Lima Santamaría,,Lote por evento,/foto/FOTO-EB1E1A7DC0,,10,SI,eb1e1a7dc0b8f62b2c3d6ccb88c7abfdb14a241002b3ee1753209ce6cf5db1cd,248308,1,Entrega de Juguetes,tlayacapan-entrega-de-juguetes,2026-01-21,"Poligonos coordinados por Silvia Zavala2026. Altos Norte/Tlayacapan, Maribel Lima Santamaría/Entrega de Juguetes/Entrega de juguetes (9) 2026-01-21.jpeg"
FOTO-11CD042697,WhatsApp Image 2026-01-21 at 10.50.35 AM (4).jpeg,1XJkBabj-uMKz9gDFmlyGuI6manC5Z6be,https://drive.google.com/file/d/1XJkBabj-uMKz9gDFmlyGuI6manC5Z6be/view,MUNICIPIO,MOSTRAR_MUNICIPIO,Altos,Tlayacapan,,Altos,Tlayacapan,,0,Promotor,Maribel Lima Santamaría,,Lote por evento,/foto/FOTO-11CD042697,,10,SI,11cd042697dd70a335e744c4c4b835670d94926eb227623ed39cc8710d46a9ed,149235,1,Entrega de Juguetes,tlayacapan-entrega-de-juguetes,2026-01-21,"Poligonos coordinados por Silvia Zavala2026. Altos Norte/Tlayacapan, Maribel Lima Santamaría/Entrega de Juguetes/WhatsApp Image 2026-01-21 at 10.50.35 AM (4).jpeg"
FOTO-634060C29B,WhatsApp Image 2026-01-21 at 10.50.35 AM (5).jpeg,1_txgqWuloSMFWAps3vvgMaxiXN4SeDLf,https://drive.google.com/file/d/1_txgqWuloSMFWAps3vvgMaxiXN4SeDLf/view,MUNICIPIO,MOSTRAR_MUNICIPIO,Altos,Tlayacapan,,Altos,Tlayacapan,,0,Promotor,Maribel Lima Santamaría,,Lote por evento,/foto/FOTO-634060C29B,,10,SI,634060c29b722acb25d031c5362ca13e3db4bff015d71bdda6cd290a69c2d699,231005,1,Entrega de Juguetes,tlayacapan-entrega-de-juguetes,2026-01-21,"Poligonos coordinados por Silvia Zavala2026. Altos Norte/Tlayacapan, Maribel Lima Santamaría/Entrega de Juguetes/WhatsApp Image 2026-01-21 at 10.50.35 AM (5).jpeg"
FOTO-8B9789CA72,WhatsApp Image 2026-01-21 at 10.50.35 AM (6).jpeg,1IF9YkzCwn1cLnNwd9kXyDowKz9vN-HD3,https://drive.google.com/file/d/1IF9YkzCwn1cLnNwd9kXyDowKz9vN-HD3/view,MUNICIPIO,MOSTRAR_MUNICIPIO,Altos,Tlayacapan,,Altos,Tlayacapan,,0,Promotor,Maribel Lima Santamaría,,Lote por evento,/foto/FOTO-8B9789CA72,,10,SI,8b9789ca722fc54c1870e7de737b1126184930251c8866eaaf9c350f5adf3a79,222588,1,Entrega de Juguetes,tlayacapan-entrega-de-juguetes,2026-01-21,"Poligonos coordinados por Silvia Zavala2026. Altos Norte/Tlayacapan, Maribel Lima Santamaría/Entrega de Juguetes/WhatsApp Image 2026-01-21 at 10.50.35 AM (6).jpeg"
FOTO-956AD8F4C7,"Faena en Joyas del Astillero, simientos del espacio para clases de Taller de Cultura 2.  2026-08-30.jpeg",1Yd8q6AWr13h_AxO34STKcsx0xCyc4APx,https://drive.google.com/file/d/1Yd8q6AWr13h_AxO34STKcsx0xCyc4APx/view,MUNICIPIO,MOSTRAR_MUNICIPIO,Altos,Tlayacapan,,Altos,Tlayacapan,,0,Promotor,Maribel Lima Santamaría,,Lote por evento,/foto/FOTO-956AD8F4C7,,10,SI,956ad8f4c77244b1ef0c2641dc4c2e971bd8dc8fc08a2e03d3c2c60f2ddb2cd1,289549,1,Faena-Tequio,tlayacapan-faena-tequio,2026-08-30,"Poligonos coordinados por Silvia Zavala2026. Altos Norte/Tlayacapan, Maribel Lima Santamaría/Faena-Tequio/Faena en Joyas del Astillero, simientos del espacio para clases de Taller de Cultura 2.  2026-08-30.jpeg"
FOTO-2606E3AADC,"Faena en Joyas del Astillero, simientos del espacio para clases de Taller de Cultura 2026-08-30.jpeg",1xlh9CxcAwe_pjC5ErJfIVZUh_TmcFbuD,https://drive.google.com/file/d/1xlh9CxcAwe_pjC5ErJfIVZUh_TmcFbuD/view,MUNICIPIO,MOSTRAR_MUNICIPIO,Altos,Tlayacapan,,Altos,Tlayacapan,,0,Promotor,Maribel Lima Santamaría,,Lote por evento,/foto/FOTO-2606E3AADC,,10,SI,2606e3aadc16285d55296b1be8217812188a8aa6e9fb1e4754660dd4f21babf9,270390,1,Faena-Tequio,tlayacapan-faena-tequio,2026-08-30,"Poligonos coordinados por Silvia Zavala2026. Altos Norte/Tlayacapan, Maribel Lima Santamaría/Faena-Tequio/Faena en Joyas del Astillero, simientos del espacio para clases de Taller de Cultura 2026-08-30.jpeg"
FOTO-BB8F2ADE87,"Faena en Joyas del Astillero, simientos del espacio para clases de Taller de Cultura 3 2026-08-30.jpeg",1KGGWEq74ONT9Vw5E4zUhFjChxsJVDRiF,https://drive.google.com/file/d/1KGGWEq74ONT9Vw5E4zUhFjChxsJVDRiF/view,MUNICIPIO,MOSTRAR_MUNICIPIO,Altos,Tlayacapan,,Altos,Tlayacapan,,0,Promotor,Maribel Lima Santamaría,,Lote por evento,/foto/FOTO-BB8F2ADE87,,10,SI,bb8f2ade87a888695a4969dae66fdeb2d6c03b2afcd63ca288d1b9d00a6a1a0e,327145,1,Faena-Tequio,tlayacapan-faena-tequio,2026-08-30,"Poligonos coordinados por Silvia Zavala2026. Altos Norte/Tlayacapan, Maribel Lima Santamaría/Faena-Tequio/Faena en Joyas del Astillero, simientos del espacio para clases de Taller de Cultura 3 2026-08-30.jpeg"
FOTO-3BF147A7EF,"Faena en Joyas del Astillero, simientos del espacio para clases de Taller de Cultura 4 2026-08-30.jpeg",1tYamBT-WP8nMfaw6Qbe6Tpr0v8KDPA_-,https://drive.google.com/file/d/1tYamBT-WP8nMfaw6Qbe6Tpr0v8KDPA_-/view,MUNICIPIO,MOSTRAR_MUNICIPIO,Altos,Tlayacapan,,Altos,Tlayacapan,,0,Promotor,Maribel Lima Santamaría,,Lote por evento,/foto/FOTO-3BF147A7EF,,10,SI,3bf147a7ef1c173ccbf8d8173dbb5969a7d949faed6ba61acaf4c0c4ceca7606,256367,1,Faena-Tequio,tlayacapan-faena-tequio,2026-08-30,"Poligonos coordinados por Silvia Zavala2026. Altos Norte/Tlayacapan, Maribel Lima Santamaría/Faena-Tequio/Faena en Joyas del Astillero, simientos del espacio para clases de Taller de Cultura 4 2026-08-30.jpeg"
FOTO-670C03CE4D,"Taller de Petate de Colores en Nacatongo, Tlayacapan 1. 03032026.jpeg",1DhehODSf_WAQJ_YCILdlscEq3M_teg1Z,https://drive.google.com/file/d/1DhehODSf_WAQJ_YCILdlscEq3M_teg1Z/view,MUNICIPIO,MOSTRAR_MUNICIPIO,Altos,Tlayacapan,,Altos,Tlayacapan,,0,Promotor,Maribel Lima Santamaría,,Lote por evento,/foto/FOTO-670C03CE4D,,10,SI,670c03ce4d1301beca46fab07ecca5a83af954b5c3c916ee85a0b5acddce7329,177329,1,Petate de Colores,tlayacapan-petate-de-colores,2026-03-03,"Poligonos coordinados por Silvia Zavala2026. Altos Norte/Tlayacapan, Maribel Lima Santamaría/Petate de Colores/Taller de Petate de Colores en Nacatongo, Tlayacapan 1. 03032026.jpeg"
FOTO-64A253E379,"Taller de Petate de Colores en Nacatongo, Tlayacapan 2. 03032026.jpeg",1fthz1zKzVnKtIEQ-RTmi0BqV03tbeRB7,https://drive.google.com/file/d/1fthz1zKzVnKtIEQ-RTmi0BqV03tbeRB7/view,MUNICIPIO,MOSTRAR_MUNICIPIO,Altos,Tlayacapan,,Altos,Tlayacapan,,0,Promotor,Maribel Lima Santamaría,,Lote por evento,/foto/FOTO-64A253E379,,10,SI,64a253e3798b88a3366aaa975563f7dfb230649382dc71a189c2f80034cbf7cd,177642,1,Petate de Colores,tlayacapan-petate-de-colores,2026-03-03,"Poligonos coordinados por Silvia Zavala2026. Altos Norte/Tlayacapan, Maribel Lima Santamaría/Petate de Colores/Taller de Petate de Colores en Nacatongo, Tlayacapan 2. 03032026.jpeg"
FOTO-954D699A48,"Taller de Petate de Colores en Nacatongo, Tlayacapan 3. 03032026.jpeg",1U1WfsDq3YofN01GXS8L5tNYBQwx7BIRL,https://drive.google.com/file/d/1U1WfsDq3YofN01GXS8L5tNYBQwx7BIRL/view,MUNICIPIO,MOSTRAR_MUNICIPIO,Altos,Tlayacapan,,Altos,Tlayacapan,,0,Promotor,Maribel Lima Santamaría,,Lote por evento,/foto/FOTO-954D699A48,,10,SI,954d699a481a7edc529934f7a25197f8461f87b7f3ed69a4f6d928683df6fe0d,161941,1,Petate de Colores,tlayacapan-petate-de-colores,2026-03-03,"Poligonos coordinados por Silvia Zavala2026. Altos Norte/Tlayacapan, Maribel Lima Santamaría/Petate de Colores/Taller de Petate de Colores en Nacatongo, Tlayacapan 3. 03032026.jpeg"
FOTO-97EDEA668E,"Taller de Petate de Colores en Nacatongo, Tlayacapan 4. 03032026.jpeg",1td-pDFePMyGrB6pUvWhbg4iRSrsX0Bj-,https://drive.google.com/file/d/1td-pDFePMyGrB6pUvWhbg4iRSrsX0Bj-/view,MUNICIPIO,MOSTRAR_MUNICIPIO,Altos,Tlayacapan,,Altos,Tlayacapan,,0,Promotor,Maribel Lima Santamaría,,Lote por evento,/foto/FOTO-97EDEA668E,,10,SI,97edea668eda781315a05baffde98b4fbbd4b06ec16aa44e9feb86c3ad84f146,138258,1,Petate de Colores,tlayacapan-petate-de-colores,2026-03-03,"Poligonos coordinados por Silvia Zavala2026. Altos Norte/Tlayacapan, Maribel Lima Santamaría/Petate de Colores/Taller de Petate de Colores en Nacatongo, Tlayacapan 4. 03032026.jpeg"
FOTO-86FBEE42D9,"Taller de Petate de Colores en Nacatongo, Tlayacapan 5.  03032026.jpeg",15UVdSOEbeSx3qlzhxasFieg-2hEKXW28,https://drive.google.com/file/d/15UVdSOEbeSx3qlzhxasFieg-2hEKXW28/view,MUNICIPIO,MOSTRAR_MUNICIPIO,Altos,Tlayacapan,,Altos,Tlayacapan,,0,Promotor,Maribel Lima Santamaría,,Lote por evento,/foto/FOTO-86FBEE42D9,,10,SI,86fbee42d90be5bf54080b9c333c2f51f78c7cf75f8ca291e8fa9f03399eac1d,118996,1,Petate de Colores,tlayacapan-petate-de-colores,2026-03-03,"Poligonos coordinados por Silvia Zavala2026. Altos Norte/Tlayacapan, Maribel Lima Santamaría/Petate de Colores/Taller de Petate de Colores en Nacatongo, Tlayacapan 5.  03032026.jpeg"
FOTO-1185C4857B,"Lombricomposta del proyecto semillas de esperanza, col. Texcalpan. 06012026.jpeg",11SQbit66aujHtsVdTxKzDbNCeaDUasu2,https://drive.google.com/file/d/11SQbit66aujHtsVdTxKzDbNCeaDUasu2/view,MUNICIPIO,MOSTRAR_MUNICIPIO,Altos,Tlayacapan,,Altos,Tlayacapan,,0,Promotor,Maribel Lima Santamaría,,Lote por evento,/foto/FOTO-1185C4857B,,10,SI,1185c4857b37a29bc46e0b6854bc5ea31acca78f25c0707eaee778d61df87e3a,220435,1,Taller de lombricomposta,tlayacapan-taller-de-lombricomposta,2026-01-06,"Poligonos coordinados por Silvia Zavala2026. Altos Norte/Tlayacapan, Maribel Lima Santamaría/Taller de lombricomposta/Lombricomposta del proyecto semillas de esperanza, col. Texcalpan. 06012026.jpeg"
FOTO-641FEE28C2,Taller de lombricomposta 06012026.jpeg,1uC4KWuS1IV9_6_GHIRu50bGoc88Tv64B,https://drive.google.com/file/d/1uC4KWuS1IV9_6_GHIRu50bGoc88Tv64B/view,MUNICIPIO,MOSTRAR_MUNICIPIO,Altos,Tlayacapan,,Altos,Tlayacapan,,0,Promotor,Maribel Lima Santamaría,,Lote por evento,/foto/FOTO-641FEE28C2,,10,SI,641fee28c2d9ef1fecaaacace8beda73b3dd9a6be3fd6f2daf3d9204af5b168f,224902,1,Taller de lombricomposta,tlayacapan-taller-de-lombricomposta,2026-01-06,"Poligonos coordinados por Silvia Zavala2026. Altos Norte/Tlayacapan, Maribel Lima Santamaría/Taller de lombricomposta/Taller de lombricomposta 06012026.jpeg"
FOTO-98531A02DA,Taller de Lombricomposta 2 06012026.jpeg,18OEtv9-Gvq0k6vXtl2qqMUNDb0eD9QFm,https://drive.google.com/file/d/18OEtv9-Gvq0k6vXtl2qqMUNDb0eD9QFm/view,MUNICIPIO,MOSTRAR_MUNICIPIO,Altos,Tlayacapan,,Altos,Tlayacapan,,0,Promotor,Maribel Lima Santamaría,,Lote por evento,/foto/FOTO-98531A02DA,,10,SI,98531a02daa803a0e6792687df3c12db7c352576eb6476f0681c7907b72a5c6b,194755,1,Taller de lombricomposta,tlayacapan-taller-de-lombricomposta,2026-01-06,"Poligonos coordinados por Silvia Zavala2026. Altos Norte/Tlayacapan, Maribel Lima Santamaría/Taller de lombricomposta/Taller de Lombricomposta 2 06012026.jpeg"
FOTO-744CD4E890,Taller de lombricomposta 3  06012026.jpeg,1yxRAmJMd4TpdsYNtcBYpxrOrlIyweLRG,https://drive.google.com/file/d/1yxRAmJMd4TpdsYNtcBYpxrOrlIyweLRG/view,MUNICIPIO,MOSTRAR_MUNICIPIO,Altos,Tlayacapan,,Altos,Tlayacapan,,0,Promotor,Maribel Lima Santamaría,,Lote por evento,/foto/FOTO-744CD4E890,,10,SI,744cd4e8909b38f204cdbc1fa385da537f1f20f65f6e911a398438a346431629,173226,1,Taller de lombricomposta,tlayacapan-taller-de-lombricomposta,2026-01-06,"Poligonos coordinados por Silvia Zavala2026. Altos Norte/Tlayacapan, Maribel Lima Santamaría/Taller de lombricomposta/Taller de lombricomposta 3  06012026.jpeg"
FOTO-D8AE880998,Taller de lombricomposta 4 06012026.jpeg,1qqCivuoftUd3GiOSSTeGXqQByjqy9tk-,https://drive.google.com/file/d/1qqCivuoftUd3GiOSSTeGXqQByjqy9tk-/view,MUNICIPIO,MOSTRAR_MUNICIPIO,Altos,Tlayacapan,,Altos,Tlayacapan,,0,Promotor,Maribel Lima Santamaría,,Lote por evento,/foto/FOTO-D8AE880998,,10,SI,d8ae8809986d472e7b7e17507366b50f8816feb498d29e2c10e4db901f6ad87f,317658,1,Taller de lombricomposta,tlayacapan-taller-de-lombricomposta,2026-01-06,"Poligonos coordinados por Silvia Zavala2026. Altos Norte/Tlayacapan, Maribel Lima Santamaría/Taller de lombricomposta/Taller de lombricomposta 4 06012026.jpeg"
FOTO-322E18C2DD,Taller de lombricomposta 5 06012026.jpeg,1pce1xn2ap_o_7Sppfe9LL_XTZYmzknUW,https://drive.google.com/file/d/1pce1xn2ap_o_7Sppfe9LL_XTZYmzknUW/view,MUNICIPIO,MOSTRAR_MUNICIPIO,Altos,Tlayacapan,,Altos,Tlayacapan,,0,Promotor,Maribel Lima Santamaría,,Lote por evento,/foto/FOTO-322E18C2DD,,10,SI,322e18c2dd5dfc5bd0c848d9417ebe631c2340e5d8b5c0e808161aa109c31473,254513,1,Taller de lombricomposta,tlayacapan-taller-de-lombricomposta,2026-01-06,"Poligonos coordinados por Silvia Zavala2026. Altos Norte/Tlayacapan, Maribel Lima Santamaría/Taller de lombricomposta/Taller de lombricomposta 5 06012026.jpeg"
FOTO-E089757583,Taller de lombricomposta 6  06012026.jpeg,1C3U_Gtyq55_8DhN0csXvAHIDKSr0wzAs,https://drive.google.com/file/d/1C3U_Gtyq55_8DhN0csXvAHIDKSr0wzAs/view,MUNICIPIO,MOSTRAR_MUNICIPIO,Altos,Tlayacapan,,Altos,Tlayacapan,,0,Promotor,Maribel Lima Santamaría,,Lote por evento,/foto/FOTO-E089757583,,10,SI,e089757583aec128cdaf0d95ba99ef46dfcb10e5456e246a8bc094217ac994d6,248977,1,Taller de lombricomposta,tlayacapan-taller-de-lombricomposta,2026-01-06,"Poligonos coordinados por Silvia Zavala2026. Altos Norte/Tlayacapan, Maribel Lima Santamaría/Taller de lombricomposta/Taller de lombricomposta 6  06012026.jpeg"
FOTO-880711D39E,"Taller de papalote en Nacatongo, Tlayacapan, eje de cultura 2, 03032026.jpeg",1zNkEOvAn7fdQ1rcdgWhxiisntyDGGGXB,https://drive.google.com/file/d/1zNkEOvAn7fdQ1rcdgWhxiisntyDGGGXB/view,MUNICIPIO,MOSTRAR_MUNICIPIO,Altos,Tlayacapan,,Altos,Tlayacapan,,0,Promotor,Maribel Lima Santamaría,,Lote por evento,/foto/FOTO-880711D39E,,10,SI,880711d39e8fe5c9d6092f7742c5703aa4c9b12a5393aa42274914b2947da71d,169470,1,Taller de Papalote,tlayacapan-taller-de-papalote,2026-03-03,"Poligonos coordinados por Silvia Zavala2026. Altos Norte/Tlayacapan, Maribel Lima Santamaría/Taller de Papalote/Taller de papalote en Nacatongo, Tlayacapan, eje de cultura 2, 03032026.jpeg"
FOTO-0D49104ADA,"Taller de papalote en Nacatongo, Tlayacapan, eje de cultura 3, 03032026.jpeg",1SmwESXJIztiQvhzF0vNzPyDm6-60FADN,https://drive.google.com/file/d/1SmwESXJIztiQvhzF0vNzPyDm6-60FADN/view,MUNICIPIO,MOSTRAR_MUNICIPIO,Altos,Tlayacapan,,Altos,Tlayacapan,,0,Promotor,Maribel Lima Santamaría,,Lote por evento,/foto/FOTO-0D49104ADA,,10,SI,0d49104ada951b0f5b8d17aef08768acd16046858286256336c659853a04d8c1,217035,1,Taller de Papalote,tlayacapan-taller-de-papalote,2026-03-03,"Poligonos coordinados por Silvia Zavala2026. Altos Norte/Tlayacapan, Maribel Lima Santamaría/Taller de Papalote/Taller de papalote en Nacatongo, Tlayacapan, eje de cultura 3, 03032026.jpeg"
FOTO-D25AAFFB10,"Taller de papalote en Nacatongo, Tlayacapan, eje de cultura 4, 03032026.jpeg",1ohdw_GMHkUowhu66282dqkQSYJPiwJY6,https://drive.google.com/file/d/1ohdw_GMHkUowhu66282dqkQSYJPiwJY6/view,MUNICIPIO,MOSTRAR_MUNICIPIO,Altos,Tlayacapan,,Altos,Tlayacapan,,0,Promotor,Maribel Lima Santamaría,,Lote por evento,/foto/FOTO-D25AAFFB10,,10,SI,d25aaffb106b409aa01ddf6af746011d7b2d9140db4cde24d8c812f616ae9751,291167,1,Taller de Papalote,tlayacapan-taller-de-papalote,2026-03-03,"Poligonos coordinados por Silvia Zavala2026. Altos Norte/Tlayacapan, Maribel Lima Santamaría/Taller de Papalote/Taller de papalote en Nacatongo, Tlayacapan, eje de cultura 4, 03032026.jpeg"
FOTO-47CAA20B23,"Taller de papalote en Nacatongo, Tlayacapan, eje de cultura 5, 03032026.jpeg",1HV6XP562Si6IW7GC7okRL5leZjt3V5x6,https://drive.google.com/file/d/1HV6XP562Si6IW7GC7okRL5leZjt3V5x6/view,MUNICIPIO,MOSTRAR_MUNICIPIO,Altos,Tlayacapan,,Altos,Tlayacapan,,0,Promotor,Maribel Lima Santamaría,,Lote por evento,/foto/FOTO-47CAA20B23,,10,SI,47caa20b2308b068ab6f1b657cb034f0492733ff7503f4304f129d7a5da3a86f,187755,1,Taller de Papalote,tlayacapan-taller-de-papalote,2026-03-03,"Poligonos coordinados por Silvia Zavala2026. Altos Norte/Tlayacapan, Maribel Lima Santamaría/Taller de Papalote/Taller de papalote en Nacatongo, Tlayacapan, eje de cultura 5, 03032026.jpeg"
FOTO-F1C1711913,"Taller de papalote en Nacatongo, Tlayacapan, eje de cultura 6, 03032026.jpeg",17xx2KoVBSP5ihD53GFXfkCViF85ATJSs,https://drive.google.com/file/d/17xx2KoVBSP5ihD53GFXfkCViF85ATJSs/view,MUNICIPIO,MOSTRAR_MUNICIPIO,Altos,Tlayacapan,,Altos,Tlayacapan,,0,Promotor,Maribel Lima Santamaría,,Lote por evento,/foto/FOTO-F1C1711913,,10,SI,f1c1711913dbbb98f3d1b2747efa754fb299793a48d498f9a9357d098e00760c,90683,1,Taller de Papalote,tlayacapan-taller-de-papalote,2026-03-03,"Poligonos coordinados por Silvia Zavala2026. Altos Norte/Tlayacapan, Maribel Lima Santamaría/Taller de Papalote/Taller de papalote en Nacatongo, Tlayacapan, eje de cultura 6, 03032026.jpeg"
FOTO-6525C7FD2C,"Taller de papalote en Nacatongo, Tlayacapan, eje de cultura, 03032026.jpeg",1Iy21RgwNkIBidwrJb7cLJNZUq3BtMpjM,https://drive.google.com/file/d/1Iy21RgwNkIBidwrJb7cLJNZUq3BtMpjM/view,MUNICIPIO,MOSTRAR_MUNICIPIO,Altos,Tlayacapan,,Altos,Tlayacapan,,0,Promotor,Maribel Lima Santamaría,,Lote por evento,/foto/FOTO-6525C7FD2C,,10,SI,6525c7fd2c4e8e9e0b189d371b9df31cbfa12355c39afaa38defb65683e7c669,195037,1,Taller de Papalote,tlayacapan-taller-de-papalote,2026-03-03,"Poligonos coordinados por Silvia Zavala2026. Altos Norte/Tlayacapan, Maribel Lima Santamaría/Taller de Papalote/Taller de papalote en Nacatongo, Tlayacapan, eje de cultura, 03032026.jpeg"
FOTO-CACCF249EC,WhatsApp Image 2026-02-11 at 10.41.49 PM.jpeg,1dheSoyCZM-6eyMj2eKj4SzpIgGdKINHe,https://drive.google.com/file/d/1dheSoyCZM-6eyMj2eKj4SzpIgGdKINHe/view,REGION,MOSTRAR_REGION,Altos,,,Altos,,,0,Promotor,,,Lote por evento,/foto/FOTO-CACCF249EC,,10,SI,caccf249ecd09cae9a3a1a63211482cb4b580af1ef340a6af89b0b4f01c98d3c,144534,1,,,2026-02-11,Poligonos coordinados por Silvia Zavala2026. Altos Norte/WhatsApp Image 2026-02-11 at 10.41.49 PM.jpeg
FOTO-DB9F12F815,WhatsApp Image 2026-04-24 at 1.26.39 PM.jpeg,1fBBjA8jes6X1JHoTwjo4UsNlDPV7FNyd,https://drive.google.com/file/d/1fBBjA8jes6X1JHoTwjo4UsNlDPV7FNyd/view,REGION,MOSTRAR_REGION,Altos,,,Altos,,,0,Promotor,,,Lote por evento,/foto/FOTO-DB9F12F815,,10,SI,db9f12f8152176fbce9bd1f873c9d0b11be6f8566189dbff0686ace800d2599d,234644,1,,,2026-04-24,Poligonos coordinados por Silvia Zavala2026. Altos Norte/WhatsApp Image 2026-04-24 at 1.26.39 PM.jpeg
FOTO-62D4641993,Entrega de material médico  2026-09-29.jpeg,13W6JO5U9K8beubp8peb_ekqySXUpNGTd,https://drive.google.com/file/d/13W6JO5U9K8beubp8peb_ekqySXUpNGTd/view,MUNICIPIO,MOSTRAR_MUNICIPIO,Altos,Yecapixtla,,Altos,Yecapixtla,,0,Promotor,Arizbeth Karina Cortez Villanueva,,Lote por evento,/foto/FOTO-62D4641993,,10,SI,62d464199365fb6fc9f76caadc14622bc22f716b49c5a5efc39707ed9f6525b2,196292,1,Apoyos y gestiones,yecapixtla-apoyos-y-gestiones,2026-09-29,"Poligonos coordinados por Silvia Zavala2026. Altos Norte/Yecapixtla, Arizbeth Karina Cortez Villanueva/Apoyos y gestiones/Entrega de material médico  2026-09-29.jpeg"
FOTO-5F6E418114,"Convivencia en la comunidad de Hacienda, Yecapixtla 2026-09-15.jpeg",1Aj8B6a7AnmCgAm493xj8v9Qf9fkgm8Lr,https://drive.google.com/file/d/1Aj8B6a7AnmCgAm493xj8v9Qf9fkgm8Lr/view,MUNICIPIO,MOSTRAR_MUNICIPIO,Altos,Yecapixtla,,Altos,Yecapixtla,,0,Promotor,Arizbeth Karina Cortez Villanueva,,Lote por evento,/foto/FOTO-5F6E418114,,10,SI,5f6e4181146df9231dd75ceca90af6c9bc4607a4c4c8bd493ea131ed4cdf1e0d,161654,1,Consejos Comunitarios,yecapixtla-consejos-comunitarios,2026-09-15,"Poligonos coordinados por Silvia Zavala2026. Altos Norte/Yecapixtla, Arizbeth Karina Cortez Villanueva/Consejos Comunitarios/Convivencia en la comunidad de Hacienda, Yecapixtla 2026-09-15.jpeg"
FOTO-73DD64FB29,Elección de consejo Capulines..jpeg,1B8kh9pI8AJ7XSfn6hUSDiKkjclZ9Zlga,https://drive.google.com/file/d/1B8kh9pI8AJ7XSfn6hUSDiKkjclZ9Zlga/view,MUNICIPIO,MOSTRAR_MUNICIPIO,Altos,Yecapixtla,,Altos,Yecapixtla,,0,Promotor,Arizbeth Karina Cortez Villanueva,,Lote por evento,/foto/FOTO-73DD64FB29,,10,SI,73dd64fb290a5c96028ef9f2b4d31045865de913ce38b22a5b41390b4c694626,178462,1,Consejos Comunitarios,yecapixtla-consejos-comunitarios,,"Poligonos coordinados por Silvia Zavala2026. Altos Norte/Yecapixtla, Arizbeth Karina Cortez Villanueva/Consejos Comunitarios/Elección de consejo Capulines..jpeg"
FOTO-9BEAF89F11,Elección de consejo de Texacala.jpeg,1UK0MbAcX080IdR9VKbUU1TTq5LTbz2Pi,https://drive.google.com/file/d/1UK0MbAcX080IdR9VKbUU1TTq5LTbz2Pi/view,MUNICIPIO,MOSTRAR_MUNICIPIO,Altos,Yecapixtla,,Altos,Yecapixtla,,0,Promotor,Arizbeth Karina Cortez Villanueva,,Lote por evento,/foto/FOTO-9BEAF89F11,,10,SI,9beaf89f11e29426b588954b453a112df4389a0e77037a54b086b235ae95b723,151973,1,Consejos Comunitarios,yecapixtla-consejos-comunitarios,,"Poligonos coordinados por Silvia Zavala2026. Altos Norte/Yecapixtla, Arizbeth Karina Cortez Villanueva/Consejos Comunitarios/Elección de consejo de Texacala.jpeg"
FOTO-1E4F224AC8,Elección del consejo de Zacahuacatla.jpeg,1Pf9XPv4BL384SRjJNEwVSWQIyTKLgPPd,https://drive.google.com/file/d/1Pf9XPv4BL384SRjJNEwVSWQIyTKLgPPd/view,MUNICIPIO,MOSTRAR_MUNICIPIO,Altos,Yecapixtla,,Altos,Yecapixtla,,0,Promotor,Arizbeth Karina Cortez Villanueva,,Lote por evento,/foto/FOTO-1E4F224AC8,,10,SI,1e4f224ac8509078b1cee6c2291efebd7e2760253e130829664ef7a8f84c3528,177772,1,Consejos Comunitarios,yecapixtla-consejos-comunitarios,,"Poligonos coordinados por Silvia Zavala2026. Altos Norte/Yecapixtla, Arizbeth Karina Cortez Villanueva/Consejos Comunitarios/Elección del consejo de Zacahuacatla.jpeg"
FOTO-0B3959421A,"Reunión de consejo, Yecapixtla, 26062026..jpeg",1gkndgId9iG4VeCWEjp2t0fpAyRuP9TSs,https://drive.google.com/file/d/1gkndgId9iG4VeCWEjp2t0fpAyRuP9TSs/view,MUNICIPIO,MOSTRAR_MUNICIPIO,Altos,Yecapixtla,,Altos,Yecapixtla,,0,Promotor,Arizbeth Karina Cortez Villanueva,,Lote por evento,/foto/FOTO-0B3959421A,,10,SI,0b3959421aaaf20b7208c35b98f133c6613e154e07980a6ac8c965d715ce049f,359841,1,Consejos Comunitarios,yecapixtla-consejos-comunitarios,2026-06-26,"Poligonos coordinados por Silvia Zavala2026. Altos Norte/Yecapixtla, Arizbeth Karina Cortez Villanueva/Consejos Comunitarios/Reunión de consejo, Yecapixtla, 26062026..jpeg"
FOTO-D090A63837,WhatsApp Image 2026-09-29 at 11.52.27 AM (5).jpeg,1M5yP2ANTdtDIftgQznF-c0TQRRlcmzG5,https://drive.google.com/file/d/1M5yP2ANTdtDIftgQznF-c0TQRRlcmzG5/view,MUNICIPIO,MOSTRAR_MUNICIPIO,Altos,Yecapixtla,,Altos,Yecapixtla,,0,Promotor,Arizbeth Karina Cortez Villanueva,,Lote por evento,/foto/FOTO-D090A63837,,10,SI,d090a638376690f195e8e8e5a0a3f16379ac0007a16cf715be1f8586d9ac6aa4,270978,1,Consejos Comunitarios,yecapixtla-consejos-comunitarios,2026-09-29,"Poligonos coordinados por Silvia Zavala2026. Altos Norte/Yecapixtla, Arizbeth Karina Cortez Villanueva/Consejos Comunitarios/WhatsApp Image 2026-09-29 at 11.52.27 AM (5).jpeg"
FOTO-9401DEA0E4,WhatsApp Image 2026-09-29 at 11.52.27 AM (6).jpeg,1cItYEr42Q3wfPPEKB94X5o5ukmQadp5t,https://drive.google.com/file/d/1cItYEr42Q3wfPPEKB94X5o5ukmQadp5t/view,MUNICIPIO,MOSTRAR_MUNICIPIO,Altos,Yecapixtla,,Altos,Yecapixtla,,0,Promotor,Arizbeth Karina Cortez Villanueva,,Lote por evento,/foto/FOTO-9401DEA0E4,,10,SI,9401dea0e4763dbe079862f674aa99209613cff92b45af9dc078731595d04184,478406,1,Consejos Comunitarios,yecapixtla-consejos-comunitarios,2026-09-29,"Poligonos coordinados por Silvia Zavala2026. Altos Norte/Yecapixtla, Arizbeth Karina Cortez Villanueva/Consejos Comunitarios/WhatsApp Image 2026-09-29 at 11.52.27 AM (6).jpeg"
FOTO-19490946CD,Entrega de Jitomate y pepino en Texcala..jpeg,1GUw4sj4xMOBqdtcazKi69zxwzajF6t55,https://drive.google.com/file/d/1GUw4sj4xMOBqdtcazKi69zxwzajF6t55/view,MUNICIPIO,MOSTRAR_MUNICIPIO,Altos,Yecapixtla,,Altos,Yecapixtla,,0,Promotor,Arizbeth Karina Cortez Villanueva,,Lote por evento,/foto/FOTO-19490946CD,,10,SI,19490946cdc4262e5d7074eb6ee07f6b71b44819355e262d2f6ddc238c8f16e4,140396,1,Entrega de hortalizas. Yecapixtla,yecapixtla-entrega-de-hortalizas-yecapixtla,,"Poligonos coordinados por Silvia Zavala2026. Altos Norte/Yecapixtla, Arizbeth Karina Cortez Villanueva/Entrega de hortalizas. Yecapixtla/Entrega de Jitomate y pepino en Texcala..jpeg"
FOTO-5D8B9E69B4,"Entrega de Pepino,Yecapixtla 25062026.jpeg",1_FeTRYKmEwp9JfCztCxRfGa2CffCK5-P,https://drive.google.com/file/d/1_FeTRYKmEwp9JfCztCxRfGa2CffCK5-P/view,MUNICIPIO,MOSTRAR_MUNICIPIO,Altos,Yecapixtla,,Altos,Yecapixtla,,0,Promotor,Arizbeth Karina Cortez Villanueva,,Lote por evento,/foto/FOTO-5D8B9E69B4,,10,SI,5d8b9e69b4321b661b953d08a2dccfda14673c4a5186abdfcaf174f9d3ae550a,320717,1,Entrega de hortalizas. Yecapixtla,yecapixtla-entrega-de-hortalizas-yecapixtla,2026-06-25,"Poligonos coordinados por Silvia Zavala2026. Altos Norte/Yecapixtla, Arizbeth Karina Cortez Villanueva/Entrega de hortalizas. Yecapixtla/Entrega de Pepino,Yecapixtla 25062026.jpeg"
FOTO-D89FD344C9,"Entrega de verduras en Capulines, Zacahuacatla y Hacienda 2026-09-17 (1).jpeg",1U9olO2jxAvyKkLItyti9DXygLT13kQt1,https://drive.google.com/file/d/1U9olO2jxAvyKkLItyti9DXygLT13kQt1/view,MUNICIPIO,MOSTRAR_MUNICIPIO,Altos,Yecapixtla,,Altos,Yecapixtla,,0,Promotor,Arizbeth Karina Cortez Villanueva,,Lote por evento,/foto/FOTO-D89FD344C9,,10,SI,d89fd344c98de632251cedbb20cfba1c8943b8910782b95148c0cb4689266827,164723,1,Entrega de hortalizas. Yecapixtla,yecapixtla-entrega-de-hortalizas-yecapixtla,2026-09-17,"Poligonos coordinados por Silvia Zavala2026. Altos Norte/Yecapixtla, Arizbeth Karina Cortez Villanueva/Entrega de hortalizas. Yecapixtla/Entrega de verduras en Capulines, Zacahuacatla y Hacienda 2026-09-17 (1).jpeg"
FOTO-70231264A4,"Entrega de verduras en Capulines, Zacahuacatla y Hacienda 2026-09-17 (2).jpeg",1ZvJjk9E1kR7O41LVhhAxPSc07wj5ls05,https://drive.google.com/file/d/1ZvJjk9E1kR7O41LVhhAxPSc07wj5ls05/view,MUNICIPIO,MOSTRAR_MUNICIPIO,Altos,Yecapixtla,,Altos,Yecapixtla,,0,Promotor,Arizbeth Karina Cortez Villanueva,,Lote por evento,/foto/FOTO-70231264A4,,10,SI,70231264a404abca223ff851b99af7050064e8d93fc7237891a5b89abe235c0f,157526,1,Entrega de hortalizas. Yecapixtla,yecapixtla-entrega-de-hortalizas-yecapixtla,2026-09-17,"Poligonos coordinados por Silvia Zavala2026. Altos Norte/Yecapixtla, Arizbeth Karina Cortez Villanueva/Entrega de hortalizas. Yecapixtla/Entrega de verduras en Capulines, Zacahuacatla y Hacienda 2026-09-17 (2).jpeg"
FOTO-E24D46ADE5,Repartición de Cebolla en Yecapixtla. 4032026.jpeg,1PoGuVB2xkPmxz623GRVhZ5Fv28Gsp7_l,https://drive.google.com/file/d/1PoGuVB2xkPmxz623GRVhZ5Fv28Gsp7_l/view,MUNICIPIO,MOSTRAR_MUNICIPIO,Altos,Yecapixtla,,Altos,Yecapixtla,,0,Promotor,Arizbeth Karina Cortez Villanueva,,Lote por evento,/foto/FOTO-E24D46ADE5,,10,SI,e24d46ade5d54c891dc7278fb81f5687e5f3e56742fb6a8bced5e4d0afd4c96e,258754,1,Entrega de hortalizas. Yecapixtla,yecapixtla-entrega-de-hortalizas-yecapixtla,,"Poligonos coordinados por Silvia Zavala2026. Altos Norte/Yecapixtla, Arizbeth Karina Cortez Villanueva/Entrega de hortalizas. Yecapixtla/Repartición de Cebolla en Yecapixtla. 4032026.jpeg"
FOTO-1CDEA31698,"Repartición de Cebolla, Jitomate y nopal Yeca  4032026.jpeg",1uAxjPErb-79-5351b0OTFC3Tg5UELp9G,https://drive.google.com/file/d/1uAxjPErb-79-5351b0OTFC3Tg5UELp9G/view,MUNICIPIO,MOSTRAR_MUNICIPIO,Altos,Yecapixtla,,Altos,Yecapixtla,,0,Promotor,Arizbeth Karina Cortez Villanueva,,Lote por evento,/foto/FOTO-1CDEA31698,,10,SI,1cdea31698ee8678b6525a2b80596996788a646c432ec97d0abade2bfd54ff5f,244263,1,Entrega de hortalizas. Yecapixtla,yecapixtla-entrega-de-hortalizas-yecapixtla,,"Poligonos coordinados por Silvia Zavala2026. Altos Norte/Yecapixtla, Arizbeth Karina Cortez Villanueva/Entrega de hortalizas. Yecapixtla/Repartición de Cebolla, Jitomate y nopal Yeca  4032026.jpeg"
FOTO-82C4ED64A2,"Repartición de Cebolla, Jitomate y nopal Yecapixtla 4032026.jpeg",1qdytnT6ofztkPiT2xqyTov5ubkJCORnc,https://drive.google.com/file/d/1qdytnT6ofztkPiT2xqyTov5ubkJCORnc/view,MUNICIPIO,MOSTRAR_MUNICIPIO,Altos,Yecapixtla,,Altos,Yecapixtla,,0,Promotor,Arizbeth Karina Cortez Villanueva,,Lote por evento,/foto/FOTO-82C4ED64A2,,10,SI,82c4ed64a2abe33f674148e39a12d5df43581d6e310af6c73dec4baaa80a5194,265326,1,Entrega de hortalizas. Yecapixtla,yecapixtla-entrega-de-hortalizas-yecapixtla,,"Poligonos coordinados por Silvia Zavala2026. Altos Norte/Yecapixtla, Arizbeth Karina Cortez Villanueva/Entrega de hortalizas. Yecapixtla/Repartición de Cebolla, Jitomate y nopal Yecapixtla 4032026.jpeg"
FOTO-C967ED0850,Repartición de Nopal en Yecapixtla 2. 4032026.jpeg,1HE4tnmqXuihWqz4Kdsx_KlmhPFr1j0Dk,https://drive.google.com/file/d/1HE4tnmqXuihWqz4Kdsx_KlmhPFr1j0Dk/view,MUNICIPIO,MOSTRAR_MUNICIPIO,Altos,Yecapixtla,,Altos,Yecapixtla,,0,Promotor,Arizbeth Karina Cortez Villanueva,,Lote por evento,/foto/FOTO-C967ED0850,,10,SI,c967ed0850e18bbbc6cbac18c367fe1b1cb43bc8d7b8f7a5d153a3847d7d6873,287220,1,Entrega de hortalizas. Yecapixtla,yecapixtla-entrega-de-hortalizas-yecapixtla,,"Poligonos coordinados por Silvia Zavala2026. Altos Norte/Yecapixtla, Arizbeth Karina Cortez Villanueva/Entrega de hortalizas. Yecapixtla/Repartición de Nopal en Yecapixtla 2. 4032026.jpeg"
FOTO-25114EFB25,WhatsApp Image 2026-09-29 at 11.52.27 AM (1).jpeg,1Yjy788coKP-IPfX8_pkSe_WNaympJXeP,https://drive.google.com/file/d/1Yjy788coKP-IPfX8_pkSe_WNaympJXeP/view,MUNICIPIO,MOSTRAR_MUNICIPIO,Altos,Yecapixtla,,Altos,Yecapixtla,,0,Promotor,Arizbeth Karina Cortez Villanueva,,Lote por evento,/foto/FOTO-25114EFB25,,10,SI,25114efb255d95c00446cc8f647c1ed1b9f3d27a4651fccbd8ed6fc74f070243,195803,1,Entrega de hortalizas. Yecapixtla,yecapixtla-entrega-de-hortalizas-yecapixtla,2026-09-29,"Poligonos coordinados por Silvia Zavala2026. Altos Norte/Yecapixtla, Arizbeth Karina Cortez Villanueva/Entrega de hortalizas. Yecapixtla/WhatsApp Image 2026-09-29 at 11.52.27 AM (1).jpeg"
FOTO-E65EBE203C,WhatsApp Image 2026-09-29 at 11.52.27 AM (2).jpeg,15PJzZ_OUoJEiKLaoihC5edfgX47n8mlY,https://drive.google.com/file/d/15PJzZ_OUoJEiKLaoihC5edfgX47n8mlY/view,MUNICIPIO,MOSTRAR_MUNICIPIO,Altos,Yecapixtla,,Altos,Yecapixtla,,0,Promotor,Arizbeth Karina Cortez Villanueva,,Lote por evento,/foto/FOTO-E65EBE203C,,10,SI,e65ebe203cb0be58900c098623b6590e6540ca5a1b0c5327346dfb6c14f2549e,198726,1,Entrega de hortalizas. Yecapixtla,yecapixtla-entrega-de-hortalizas-yecapixtla,2026-09-29,"Poligonos coordinados por Silvia Zavala2026. Altos Norte/Yecapixtla, Arizbeth Karina Cortez Villanueva/Entrega de hortalizas. Yecapixtla/WhatsApp Image 2026-09-29 at 11.52.27 AM (2).jpeg"
FOTO-4493DB173D,WhatsApp Image 2026-09-29 at 11.52.29 AM (3).jpeg,1GUsYqMPrH46puYG2sdsZnz6fOEAopRo5,https://drive.google.com/file/d/1GUsYqMPrH46puYG2sdsZnz6fOEAopRo5/view,MUNICIPIO,MOSTRAR_MUNICIPIO,Altos,Yecapixtla,,Altos,Yecapixtla,,0,Promotor,Arizbeth Karina Cortez Villanueva,,Lote por evento,/foto/FOTO-4493DB173D,,10,SI,4493db173ddcf4ad8d838aa143adcb448419c384628a4f4d7d695c633545a169,275159,1,Entrega de hortalizas. Yecapixtla,yecapixtla-entrega-de-hortalizas-yecapixtla,2026-09-29,"Poligonos coordinados por Silvia Zavala2026. Altos Norte/Yecapixtla, Arizbeth Karina Cortez Villanueva/Entrega de hortalizas. Yecapixtla/WhatsApp Image 2026-09-29 at 11.52.29 AM (3).jpeg"
FOTO-AE5CEEF402,WhatsApp Image 2026-01-21 at 10.50.29 AM.jpeg,1BBOqMwmP5ZxJwMqGxqpeCyeR7ogyHbfS,https://drive.google.com/file/d/1BBOqMwmP5ZxJwMqGxqpeCyeR7ogyHbfS/view,MUNICIPIO,MOSTRAR_MUNICIPIO,Altos,Yecapixtla,,Altos,Yecapixtla,,0,Promotor,Arizbeth Karina Cortez Villanueva,,Lote por evento,/foto/FOTO-AE5CEEF402,,10,SI,ae5ceef402232eca853ea7732db4084bb0f557cd276bb7bf07758a742519a896,123953,1,Entrega de Juguetes,yecapixtla-entrega-de-juguetes,2026-01-21,"Poligonos coordinados por Silvia Zavala2026. Altos Norte/Yecapixtla, Arizbeth Karina Cortez Villanueva/Entrega de Juguetes/WhatsApp Image 2026-01-21 at 10.50.29 AM.jpeg"
FOTO-B10391BCD8,WhatsApp Image 2026-01-21 at 10.50.30 AM (2).jpeg,1U2i9Vd5WaYLR_x6IT7Qwya5oJ7drzKva,https://drive.google.com/file/d/1U2i9Vd5WaYLR_x6IT7Qwya5oJ7drzKva/view,MUNICIPIO,MOSTRAR_MUNICIPIO,Altos,Yecapixtla,,Altos,Yecapixtla,,0,Promotor,Arizbeth Karina Cortez Villanueva,,Lote por evento,/foto/FOTO-B10391BCD8,,10,SI,b10391bcd8af50ad89d58e22b4910c6068e002336c046ebbe7b99f9b34a8ca7c,278553,1,Entrega de Juguetes,yecapixtla-entrega-de-juguetes,2026-01-21,"Poligonos coordinados por Silvia Zavala2026. Altos Norte/Yecapixtla, Arizbeth Karina Cortez Villanueva/Entrega de Juguetes/WhatsApp Image 2026-01-21 at 10.50.30 AM (2).jpeg"
FOTO-DB0CCCCA67,"Faena en Texcala, 2026-09-05 (1).jpeg",12fH5y7vkSaefX0S6wzBUPRsY1ZtHR0Kt,https://drive.google.com/file/d/12fH5y7vkSaefX0S6wzBUPRsY1ZtHR0Kt/view,MUNICIPIO,MOSTRAR_MUNICIPIO,Altos,Yecapixtla,,Altos,Yecapixtla,,0,Promotor,Arizbeth Karina Cortez Villanueva,,Lote por evento,/foto/FOTO-DB0CCCCA67,,10,SI,db0cccca67f47d6287c81777a8f936440c9df9d8c9e3954f57e3c869b7facdea,142781,1,Faena-Tequio,yecapixtla-faena-tequio,2026-09-05,"Poligonos coordinados por Silvia Zavala2026. Altos Norte/Yecapixtla, Arizbeth Karina Cortez Villanueva/Faena-Tequio/Faena en Texcala, 2026-09-05 (1).jpeg"
FOTO-00E6EF1A3C,Equipo de S. de Bienestar en recorridos para Proyecto Petate de Colores 1 2026-09-10.jpeg,18_AEb2KjaY_UbOmz5VhChxI_W9BIKoNV,https://drive.google.com/file/d/18_AEb2KjaY_UbOmz5VhChxI_W9BIKoNV/view,MUNICIPIO,MOSTRAR_MUNICIPIO,Altos,Yecapixtla,,Altos,Yecapixtla,,0,Promotor,Arizbeth Karina Cortez Villanueva,,Lote por evento,/foto/FOTO-00E6EF1A3C,,10,SI,00e6ef1a3c4301679d42b614680ce2763101f349b7e4dddbf086f35a7181640f,239381,1,Petate de Colores,yecapixtla-petate-de-colores,2026-09-10,"Poligonos coordinados por Silvia Zavala2026. Altos Norte/Yecapixtla, Arizbeth Karina Cortez Villanueva/Petate de Colores/Equipo de S. de Bienestar en recorridos para Proyecto Petate de Colores 1 2026-09-10.jpeg"
FOTO-A060E9FC5D,Equipo de S. de Bienestar en recorridos para Proyecto Petate de Colores 2 2026-09-10.jpeg,1Zx3_5nNlndN7aij3DEkBKTWQy-X6ShFL,https://drive.google.com/file/d/1Zx3_5nNlndN7aij3DEkBKTWQy-X6ShFL/view,MUNICIPIO,MOSTRAR_MUNICIPIO,Altos,Yecapixtla,,Altos,Yecapixtla,,0,Promotor,Arizbeth Karina Cortez Villanueva,,Lote por evento,/foto/FOTO-A060E9FC5D,,10,SI,a060e9fc5db3f638a15084bc89e319d361da8dad5579c14707ad1f841117eeea,228234,1,Petate de Colores,yecapixtla-petate-de-colores,2026-09-10,"Poligonos coordinados por Silvia Zavala2026. Altos Norte/Yecapixtla, Arizbeth Karina Cortez Villanueva/Petate de Colores/Equipo de S. de Bienestar en recorridos para Proyecto Petate de Colores 2 2026-09-10.jpeg"
FOTO-6F34F5815C,Proyecto de Petate de Colores  2 11-02-2026.jpeg,1cq2DrZF8Zab3qRsHEEc7Qh4dvntluq4W,https://drive.google.com/file/d/1cq2DrZF8Zab3qRsHEEc7Qh4dvntluq4W/view,MUNICIPIO,MOSTRAR_MUNICIPIO,Altos,Yecapixtla,,Altos,Yecapixtla,,0,Promotor,Arizbeth Karina Cortez Villanueva,,Lote por evento,/foto/FOTO-6F34F5815C,,10,SI,6f34f5815c51e3b7f26da63531a78525913296938aba35fae07b5f840414df34,304893,1,Petate de Colores,yecapixtla-petate-de-colores,2026-02-11,"Poligonos coordinados por Silvia Zavala2026. Altos Norte/Yecapixtla, Arizbeth Karina Cortez Villanueva/Petate de Colores/Proyecto de Petate de Colores  2 11-02-2026.jpeg"
FOTO-17728946DE,Proyecto de Petate de Colores 11-02-2026.jpeg,1vMia8IOTF4TbahIj4pfQMcrCR4DU0Xss,https://drive.google.com/file/d/1vMia8IOTF4TbahIj4pfQMcrCR4DU0Xss/view,MUNICIPIO,MOSTRAR_MUNICIPIO,Altos,Yecapixtla,,Altos,Yecapixtla,,0,Promotor,Arizbeth Karina Cortez Villanueva,,Lote por evento,/foto/FOTO-17728946DE,,10,SI,17728946de2de823504090f2802b58bacfe010adfff994868920d411d43a7d23,266707,1,Petate de Colores,yecapixtla-petate-de-colores,2026-02-11,"Poligonos coordinados por Silvia Zavala2026. Altos Norte/Yecapixtla, Arizbeth Karina Cortez Villanueva/Petate de Colores/Proyecto de Petate de Colores 11-02-2026.jpeg"
FOTO-550EC2290D,Proyecto de Petate de Colores 3 11-02-2026.jpeg,1-tTOxDF5dBTPo0yUOtEaIoDJiI-2U9VR,https://drive.google.com/file/d/1-tTOxDF5dBTPo0yUOtEaIoDJiI-2U9VR/view,MUNICIPIO,MOSTRAR_MUNICIPIO,Altos,Yecapixtla,,Altos,Yecapixtla,,0,Promotor,Arizbeth Karina Cortez Villanueva,,Lote por evento,/foto/FOTO-550EC2290D,,10,SI,550ec2290d850153be43842042eee270457aa6655c5b846775b3a146c599b9f1,296984,1,Petate de Colores,yecapixtla-petate-de-colores,2026-02-11,"Poligonos coordinados por Silvia Zavala2026. Altos Norte/Yecapixtla, Arizbeth Karina Cortez Villanueva/Petate de Colores/Proyecto de Petate de Colores 3 11-02-2026.jpeg"
FOTO-44A3AA0E03,Taller de Ballet  2026-02-11.jpeg,1AY_BweABI0xaYWoqwilAYnh6Wob420Eg,https://drive.google.com/file/d/1AY_BweABI0xaYWoqwilAYnh6Wob420Eg/view,MUNICIPIO,MOSTRAR_MUNICIPIO,Altos,Yecapixtla,,Altos,Yecapixtla,,0,Promotor,Arizbeth Karina Cortez Villanueva,,Lote por evento,/foto/FOTO-44A3AA0E03,,10,SI,44a3aa0e035bc01346bb5511413937918225e3f88960ad98e0f6d809356282ff,103714,1,Petate de Colores,yecapixtla-petate-de-colores,2026-02-11,"Poligonos coordinados por Silvia Zavala2026. Altos Norte/Yecapixtla, Arizbeth Karina Cortez Villanueva/Petate de Colores/Taller de Ballet  2026-02-11.jpeg"
FOTO-F02B0249F5,Taller de pintura 1 12-02-2026.jpeg,1JGUJvGimQ-yI2rTYuFxPrcoVSroyGfAv,https://drive.google.com/file/d/1JGUJvGimQ-yI2rTYuFxPrcoVSroyGfAv/view,MUNICIPIO,MOSTRAR_MUNICIPIO,Altos,Yecapixtla,,Altos,Yecapixtla,,0,Promotor,Arizbeth Karina Cortez Villanueva,,Lote por evento,/foto/FOTO-F02B0249F5,,10,SI,f02b0249f5e2e410b9c8f0efaef270d1b55f3866cc7f5dca00ee05a544ad0a24,178143,1,Petate de Colores,yecapixtla-petate-de-colores,2026-02-12,"Poligonos coordinados por Silvia Zavala2026. Altos Norte/Yecapixtla, Arizbeth Karina Cortez Villanueva/Petate de Colores/Taller de pintura 1 12-02-2026.jpeg"
FOTO-ED0F3BBADA,Taller de pintura 12-02.2026.jpeg,1Rukdc2w3iO3ejzdQchOkv6lvJvV7xVTu,https://drive.google.com/file/d/1Rukdc2w3iO3ejzdQchOkv6lvJvV7xVTu/view,MUNICIPIO,MOSTRAR_MUNICIPIO,Altos,Yecapixtla,,Altos,Yecapixtla,,0,Promotor,Arizbeth Karina Cortez Villanueva,,Lote por evento,/foto/FOTO-ED0F3BBADA,,10,SI,ed0f3bbadae0a584d2863ecf5ab2014589a7b86333d336c0b6cd138faf45bd49,193877,1,Petate de Colores,yecapixtla-petate-de-colores,,"Poligonos coordinados por Silvia Zavala2026. Altos Norte/Yecapixtla, Arizbeth Karina Cortez Villanueva/Petate de Colores/Taller de pintura 12-02.2026.jpeg"
FOTO-C9E0507DE5,Taller de pintura 2 12-02.2026.jpeg,1NJDQaWeyYRgA_oki7c8_CAgDj0qPAZRM,https://drive.google.com/file/d/1NJDQaWeyYRgA_oki7c8_CAgDj0qPAZRM/view,MUNICIPIO,MOSTRAR_MUNICIPIO,Altos,Yecapixtla,,Altos,Yecapixtla,,0,Promotor,Arizbeth Karina Cortez Villanueva,,Lote por evento,/foto/FOTO-C9E0507DE5,,10,SI,c9e0507de57666593e80abba5e028424a0c7eedd0e50bc8233fd57078d813ef9,84610,1,Petate de Colores,yecapixtla-petate-de-colores,,"Poligonos coordinados por Silvia Zavala2026. Altos Norte/Yecapixtla, Arizbeth Karina Cortez Villanueva/Petate de Colores/Taller de pintura 2 12-02.2026.jpeg"
FOTO-C8E2BD1C35,Taller de pintura 3 12-02.2026.jpeg,1wMkB278KVM97Fqni9xiZF2KrgX1Ns4UL,https://drive.google.com/file/d/1wMkB278KVM97Fqni9xiZF2KrgX1Ns4UL/view,MUNICIPIO,MOSTRAR_MUNICIPIO,Altos,Yecapixtla,,Altos,Yecapixtla,,0,Promotor,Arizbeth Karina Cortez Villanueva,,Lote por evento,/foto/FOTO-C8E2BD1C35,,10,SI,c8e2bd1c35223d7ae8401c06b2e7ad0a8ed09c6dc3de3cb345bdb4013217f443,97644,1,Petate de Colores,yecapixtla-petate-de-colores,,"Poligonos coordinados por Silvia Zavala2026. Altos Norte/Yecapixtla, Arizbeth Karina Cortez Villanueva/Petate de Colores/Taller de pintura 3 12-02.2026.jpeg"
FOTO-BCA4A4FD8B,"Taller Futboal, rescatando juventudes, Tezontetelco 1 2026-02-11.jpeg",1abBLbFn4ctQGiTYamRYUeG_qRE-EMtkv,https://drive.google.com/file/d/1abBLbFn4ctQGiTYamRYUeG_qRE-EMtkv/view,MUNICIPIO,MOSTRAR_MUNICIPIO,Altos,Yecapixtla,,Altos,Yecapixtla,,0,Promotor,Arizbeth Karina Cortez Villanueva,,Lote por evento,/foto/FOTO-BCA4A4FD8B,,10,SI,bca4a4fd8b5f0c2c7823ae40e9bf3ab7181c6f5a844fbcae3b5189b83123f855,240950,1,Petate de Colores,yecapixtla-petate-de-colores,2026-02-11,"Poligonos coordinados por Silvia Zavala2026. Altos Norte/Yecapixtla, Arizbeth Karina Cortez Villanueva/Petate de Colores/Taller Futboal, rescatando juventudes, Tezontetelco 1 2026-02-11.jpeg"
FOTO-C5EE95041A,"Taller Futboal, rescatando juventudes, Tezontetelco 2 2026-02-11.jpeg",1dzkYTt2dTTTAYvaP6Iw49oxdFXDrScoC,https://drive.google.com/file/d/1dzkYTt2dTTTAYvaP6Iw49oxdFXDrScoC/view,MUNICIPIO,MOSTRAR_MUNICIPIO,Altos,Yecapixtla,,Altos,Yecapixtla,,0,Promotor,Arizbeth Karina Cortez Villanueva,,Lote por evento,/foto/FOTO-C5EE95041A,,10,SI,c5ee95041af3970f74ddf4971541677fc69efdb92c651634563301b57a6b3144,241925,1,Petate de Colores,yecapixtla-petate-de-colores,2026-02-11,"Poligonos coordinados por Silvia Zavala2026. Altos Norte/Yecapixtla, Arizbeth Karina Cortez Villanueva/Petate de Colores/Taller Futboal, rescatando juventudes, Tezontetelco 2 2026-02-11.jpeg"
FOTO-277F94B4D7,WhatsApp Image 2026-09-29 at 11.52.29 AM (6).jpeg,1EXY4CdLxyOn-RT-mLx0PZicDrx2Hy-_n,https://drive.google.com/file/d/1EXY4CdLxyOn-RT-mLx0PZicDrx2Hy-_n/view,MUNICIPIO,MOSTRAR_MUNICIPIO,Altos,Yecapixtla,,Altos,Yecapixtla,,0,Promotor,Arizbeth Karina Cortez Villanueva,,Lote por evento,/foto/FOTO-277F94B4D7,,10,SI,277f94b4d7e26ddbf79228e3fc292e22087e93195677ca0e6fa769a8d4832a69,273078,1,Petate de Colores,yecapixtla-petate-de-colores,2026-09-29,"Poligonos coordinados por Silvia Zavala2026. Altos Norte/Yecapixtla, Arizbeth Karina Cortez Villanueva/Petate de Colores/WhatsApp Image 2026-09-29 at 11.52.29 AM (6).jpeg"
FOTO-9B5ECEF2ED,WhatsApp Image 2026-09-29 at 11.52.29 AM (7).jpeg,1Lov9pTtbCca9O0UybJ8r_9-fhQc-psIc,https://drive.google.com/file/d/1Lov9pTtbCca9O0UybJ8r_9-fhQc-psIc/view,MUNICIPIO,MOSTRAR_MUNICIPIO,Altos,Yecapixtla,,Altos,Yecapixtla,,0,Promotor,Arizbeth Karina Cortez Villanueva,,Lote por evento,/foto/FOTO-9B5ECEF2ED,,10,SI,9b5ecef2eda4a04c9980633a4712468803d054faa76255d8c84eb6bd2025fd8a,260018,1,Petate de Colores,yecapixtla-petate-de-colores,2026-09-29,"Poligonos coordinados por Silvia Zavala2026. Altos Norte/Yecapixtla, Arizbeth Karina Cortez Villanueva/Petate de Colores/WhatsApp Image 2026-09-29 at 11.52.29 AM (7).jpeg"
FOTO-18DA7554D9,Creación de composta  3 11-02-2026.jpeg,1ce2oh3YQfpvzTpvNVBHekbgciwFFg-5O,https://drive.google.com/file/d/1ce2oh3YQfpvzTpvNVBHekbgciwFFg-5O/view,MUNICIPIO,MOSTRAR_MUNICIPIO,Altos,Yecapixtla,,Altos,Yecapixtla,,0,Promotor,Arizbeth Karina Cortez Villanueva,,Lote por evento,/foto/FOTO-18DA7554D9,,10,SI,18da7554d9d69d0f8738eb9574e764978d179eae264143bdc7a9702e94d331b5,181008,1,Semillas de Esperanza,yecapixtla-semillas-de-esperanza,2026-02-11,"Poligonos coordinados por Silvia Zavala2026. Altos Norte/Yecapixtla, Arizbeth Karina Cortez Villanueva/Semillas de Esperanza/Creación de composta  3 11-02-2026.jpeg"
FOTO-7E715B1F78,Creación de composta 11-02-2026.jpeg,1nVuMn-vJqTDz7C3Z5g62EeRmJGOJYc3L,https://drive.google.com/file/d/1nVuMn-vJqTDz7C3Z5g62EeRmJGOJYc3L/view,MUNICIPIO,MOSTRAR_MUNICIPIO,Altos,Yecapixtla,,Altos,Yecapixtla,,0,Promotor,Arizbeth Karina Cortez Villanueva,,Lote por evento,/foto/FOTO-7E715B1F78,,10,SI,7e715b1f781af40ef081286f6df744b5adc84c995c80dcf57f137947d863887c,207947,1,Semillas de Esperanza,yecapixtla-semillas-de-esperanza,2026-02-11,"Poligonos coordinados por Silvia Zavala2026. Altos Norte/Yecapixtla, Arizbeth Karina Cortez Villanueva/Semillas de Esperanza/Creación de composta 11-02-2026.jpeg"
FOTO-96744DB516,Creación de composta 2 11-02-2026.jpeg,12GgiHuSmFLwnh17CRXnAOPiCAhwZZwPW,https://drive.google.com/file/d/12GgiHuSmFLwnh17CRXnAOPiCAhwZZwPW/view,MUNICIPIO,MOSTRAR_MUNICIPIO,Altos,Yecapixtla,,Altos,Yecapixtla,,0,Promotor,Arizbeth Karina Cortez Villanueva,,Lote por evento,/foto/FOTO-96744DB516,,10,SI,96744db5169b4a9423c9df53ac845af4be6c2d1790bb5a77fe1cd9757f7f1feb,194724,1,Semillas de Esperanza,yecapixtla-semillas-de-esperanza,2026-02-11,"Poligonos coordinados por Silvia Zavala2026. Altos Norte/Yecapixtla, Arizbeth Karina Cortez Villanueva/Semillas de Esperanza/Creación de composta 2 11-02-2026.jpeg"
FOTO-0A8F77E5F1,Creación de composta 4 11-02-2026.jpeg,1eD6V-Jc6N1ThBAx8ONBAe7uiJThJ80Sa,https://drive.google.com/file/d/1eD6V-Jc6N1ThBAx8ONBAe7uiJThJ80Sa/view,MUNICIPIO,MOSTRAR_MUNICIPIO,Altos,Yecapixtla,,Altos,Yecapixtla,,0,Promotor,Arizbeth Karina Cortez Villanueva,,Lote por evento,/foto/FOTO-0A8F77E5F1,,10,SI,0a8f77e5f10b3a53ab5ec5d29118b9534acc31c56bc5a2607ad8cb04a2a2e914,484481,1,Semillas de Esperanza,yecapixtla-semillas-de-esperanza,2026-02-11,"Poligonos coordinados por Silvia Zavala2026. Altos Norte/Yecapixtla, Arizbeth Karina Cortez Villanueva/Semillas de Esperanza/Creación de composta 4 11-02-2026.jpeg"
FOTO-8DB802AB8D,Creación de composta 6 11-02-2026.jpeg,1fsUtuDg9413yF3wUKCTJxPewaYrcLfq_,https://drive.google.com/file/d/1fsUtuDg9413yF3wUKCTJxPewaYrcLfq_/view,MUNICIPIO,MOSTRAR_MUNICIPIO,Altos,Yecapixtla,,Altos,Yecapixtla,,0,Promotor,Arizbeth Karina Cortez Villanueva,,Lote por evento,/foto/FOTO-8DB802AB8D,,10,SI,8db802ab8da24a6776090f1fe7b2abc7eb928d2505e9ffba0958f50640a2c2b8,344195,1,Semillas de Esperanza,yecapixtla-semillas-de-esperanza,2026-02-11,"Poligonos coordinados por Silvia Zavala2026. Altos Norte/Yecapixtla, Arizbeth Karina Cortez Villanueva/Semillas de Esperanza/Creación de composta 6 11-02-2026.jpeg"
FOTO-7AAABF785D,Entrega de herramientas para proyecto  2026-09-29.jpeg,1h7iMQLvG7BlLsmG6Vpyc52tl2JFbQaKJ,https://drive.google.com/file/d/1h7iMQLvG7BlLsmG6Vpyc52tl2JFbQaKJ/view,MUNICIPIO,MOSTRAR_MUNICIPIO,Altos,Yecapixtla,,Altos,Yecapixtla,,0,Promotor,Arizbeth Karina Cortez Villanueva,,Lote por evento,/foto/FOTO-7AAABF785D,,10,SI,7aaabf785de3d1dd4f4bd4642252fa742a8e5edb1575c915cd04df60d01def17,186816,1,Semillas de Esperanza,yecapixtla-semillas-de-esperanza,2026-09-29,"Poligonos coordinados por Silvia Zavala2026. Altos Norte/Yecapixtla, Arizbeth Karina Cortez Villanueva/Semillas de Esperanza/Entrega de herramientas para proyecto  2026-09-29.jpeg"
FOTO-BB0DFAE439,Proyecto semillas de Esperanza en Texcala (2)  11-02-2026.jpeg,1eqTtItn8i2LJZI0DhoeWxZPoNe2jAm6s,https://drive.google.com/file/d/1eqTtItn8i2LJZI0DhoeWxZPoNe2jAm6s/view,MUNICIPIO,MOSTRAR_MUNICIPIO,Altos,Yecapixtla,,Altos,Yecapixtla,,0,Promotor,Arizbeth Karina Cortez Villanueva,,Lote por evento,/foto/FOTO-BB0DFAE439,,10,SI,bb0dfae4399da8b80c7407a9598bb0f8299b3952fb0bf668837b33dcab795e73,268554,1,Semillas de Esperanza,yecapixtla-semillas-de-esperanza,2026-02-11,"Poligonos coordinados por Silvia Zavala2026. Altos Norte/Yecapixtla, Arizbeth Karina Cortez Villanueva/Semillas de Esperanza/Proyecto semillas de Esperanza en Texcala (2)  11-02-2026.jpeg"
FOTO-76B9A7034E,"Proyecto semillas de Esperanza en Texcala, 11-02-2026.jpeg",11tsetRq-xg4gXFIBafoaWlBcz6uW7gsK,https://drive.google.com/file/d/11tsetRq-xg4gXFIBafoaWlBcz6uW7gsK/view,MUNICIPIO,MOSTRAR_MUNICIPIO,Altos,Yecapixtla,,Altos,Yecapixtla,,0,Promotor,Arizbeth Karina Cortez Villanueva,,Lote por evento,/foto/FOTO-76B9A7034E,,10,SI,76b9a7034e7160afd2745aaa8c3b5e3fd05bcbc05911e98d8f36a5c26e51c607,189978,1,Semillas de Esperanza,yecapixtla-semillas-de-esperanza,2026-02-11,"Poligonos coordinados por Silvia Zavala2026. Altos Norte/Yecapixtla, Arizbeth Karina Cortez Villanueva/Semillas de Esperanza/Proyecto semillas de Esperanza en Texcala, 11-02-2026.jpeg"
